registro_id,nombre_jinete,casa,titulo,fecha_nacimiento_jinete,nombre_dragon,fecha_nacimiento_dragon,color_dragon,fecha_desde,fecha_hasta,kilometros_recorridos,es_jinete_actual,cantidad_batallas,observaciones
1,Alyssa Targaryen,targaryen,LADY,0095-06-17,Ironclaw ,0089-01-01,GRIS METÁLICO,0120-06-17,0125-06-17,64226.98,f,15,Participó en una batalla importante 
2, Aegon Targaryen,Targaryen, Príncipe,0090-04-10,IRONCLAW,0089-01-01,Gris metálico ,0130-04-10,0136-04-10,50622.73,f,0, Herido durante una expedición
3,Jaehaerys Targaryen ,targaryen,PRÍNCIPE,0110-01-01, Ironclaw,0089-01-01,Gris metálico,0128-01-01,0139-01-01,19515.85,f,0, Registro pendiente de revisión 
4, Aenar Targaryen,targaryen,LORD,0088-02-18, Ironclaw,0089-01-01,Gris metálico,0122-02-18,0123-02-18,71727.36,f,9, Participó en una batalla importante
5, Daemon Targaryen,Targaryen,príncipe,0081-06-05, Ironclaw,0089-01-01,Gris metálico,0109-06-05,0119-06-05,82684.61,f,8,
6, Alyssa Targaryen,targaryen, Lady,0095-06-17, Ironclaw ,0089-01-01,Gris metálico ,0114-06-17,0122-06-17,86591.62,f,7,Participó en una batalla importante 
7,Maeron Targaryen ,Targaryen,príncipe,0105-10-09,Ironclaw ,0089-01-01,Gris metálico ,0126-10-09,0148-10-09,8467.23,f,18, Participó en una batalla importante
8, Rhaena Targaryen , Targaryen ,lady,0116-09-03,Ironclaw,0089-01-01,GRIS METÁLICO,0137-09-03,0150-09-03,46496.94,f,16,Mantuvo vínculos con otras casas 
9, Daemon Targaryen,Targaryen,príncipe,0081-06-05, Ironclaw,0089-01-01, Gris metálico,0117-06-05,0117-06-05,24337.12,f,7,Participó en defensa del reino 
10,Jacaerys Targaryen ,Targaryen,PRÍNCIPE,0114-01-01, Ironclaw ,0089-01-01,GRIS METÁLICO,0145-01-01,0151-01-01,71033.72,f,14, Registro pendiente de revisión 
11,Rhaena Targaryen ,Targaryen,lady,0116-09-03,Ironclaw,0089-01-01, Gris metálico,0153-09-03,0159-09-03,1778.27,f,7,
12, Aemond Targaryen ,Targaryen,Príncipe ,0110-02-12, Ironclaw,0089-01-01,Gris metálico ,0131-02-12,0136-02-12,57672.11,f,10,Participó en una batalla importante
13,Alyssa Targaryen ,Targaryen,LADY,0095-06-17, Ironclaw ,0089-01-01,Gris metálico ,0126-06-17,0136-06-17,69041.62,f,14,Participó en defensa del reino 
14,Aegon Targaryen , Targaryen ,príncipe,0090-04-10, Ironclaw ,0089-01-01, Gris metálico,0130-04-10,0133-04-10,64468.48,f,19, Jinete experimentado 
15,Helaena Targaryen ,Targaryen,princesa,0109-05-14, Ironclaw,0089-01-01,GRIS METÁLICO,0129-05-14,0133-05-14,10737.45,f,11,Herido durante una expedición 
16,Daeron Targaryen , Targaryen ,Príncipe ,0110-08-21,IRONCLAW,0089-01-01,Gris metálico ,0151-08-21,0147-08-21,44482.93,f,10,Jinete experimentado 
17, Maelor Targaryen ,targaryen,PRÍNCIPE,0112-01-01, Ironclaw ,0089-01-01,Gris metálico ,0132-01-01,0149-01-01,38858.94,f,3,Participó en una batalla importante 
18,Rhaenyra Targaryen,Targaryen, Princesa,0097-03-22,Ironclaw ,0089-01-01, Gris metálico,0125-03-22,0120-03-22,70107.95,f,8, Jinete experimentado 
19,Jaehaerys Targaryen ,targaryen,príncipe,0110-01-01,IRONCLAW,0089-01-01,Gris metálico ,0132-01-01,0137-01-01,56157.52,f,14, Entrenamiento militar 
20, Maeron Targaryen, Targaryen ,príncipe,0105-10-09,Ironclaw ,0089-01-01,Gris metálico,0142-10-09,0131-10-09,87693.34,f,10, Registro histórico 
21,Visenya Targaryen , Targaryen , Princesa,0091-07-20,Ironclaw ,0089-01-01, Gris metálico,0117-07-20,0114-07-20,60323.40,f,17,Viaje diplomático
22,Rhaegel Targaryen ,Targaryen,Príncipe ,0092-11-05,IRONCLAW,0089-01-01,GRIS METÁLICO,0115-11-05,0119-11-05,35958.41,f,18,MANTUVO VÍNCULOS CON OTRAS CASAS
23,Aegon Targaryen ,Targaryen,PRÍNCIPE,0090-04-10, Ironclaw ,0089-01-01, Gris metálico,0128-04-10,0117-04-10,62214.46,f,13, Participó en defensa del reino 
24, Rhaena Targaryen ,TARGARYEN, Lady,0116-09-03, Ironclaw ,0089-01-01,GRIS METÁLICO,0153-09-03,0153-09-03,10391.73,f,13,Mantuvo vínculos con otras casas 
25, Aegon Targaryen,Targaryen, Príncipe,0090-04-10, Ironclaw,0089-01-01, Gris metálico,0122-04-10,0118-04-10,68320.91,f,12,REGISTRO PENDIENTE DE REVISIÓN
26,Visenya Targaryen,targaryen,princesa,0091-07-20, Ironclaw ,0089-01-01, Gris metálico,0125-07-20,0121-07-20,44054.29,f,17,REGISTRO PENDIENTE DE REVISIÓN
27, Rhaegel Targaryen ,Targaryen, Príncipe,0092-11-05,Ironclaw ,0089-01-01,Gris metálico ,0127-11-05,0138-11-05,59266.09,f,9,Jinete experimentado 
28, Maelor Targaryen ,TARGARYEN,príncipe,0112-01-01,IRONCLAW,0089-01-01, Gris metálico,0130-01-01,0148-01-01,41927.32,f,2, Jinete experimentado
29, Lucerys Targaryen ,targaryen,príncipe,0115-01-01,Ironclaw,0089-01-01,Gris metálico ,0149-01-01,0143-01-01,89974.72,f,8,
30,Alyssa Targaryen ,Targaryen,LADY,0095-06-17,Ironclaw ,0089-01-01,Gris metálico ,0133-06-17,0125-06-17,74181.45,f,1,Herido durante una expedición 
31, Baela Targaryen,TARGARYEN, Lady,0116-09-03, Ironclaw,0089-01-01, Gris metálico,0141-09-03,0153-09-03,22763.12,f,17,PARTICIPÓ EN DEFENSA DEL REINO
32, Lucerys Targaryen ,targaryen,príncipe,0115-01-01,IRONCLAW,0089-01-01,Gris metálico ,0151-01-01,0159-01-01,40808.02,f,17, Participó en una batalla importante
33,Jacaerys Targaryen ,TARGARYEN, Príncipe,0114-01-01,Ironclaw ,0089-01-01,Gris metálico ,0142-01-01,0155-01-01,78368.89,f,19, Registro pendiente de revisión
34,Baela Targaryen ,targaryen, Lady,0116-09-03, Ironclaw ,0089-01-01,GRIS METÁLICO,0155-09-03,0152-09-03,26564.34,f,0, Participó en defensa del reino 
35, Aenar Targaryen ,targaryen,lord,0088-02-18,IRONCLAW,0089-01-01,Gris metálico ,0112-02-18,0114-02-18,69954.67,f,19,
36, Rhaena Targaryen,targaryen,Lady ,0116-09-03,Ironclaw ,0089-01-01,Gris metálico,0147-09-03,0153-09-03,9397.62,f,13, Viaje diplomático 
37,Aelora Targaryen ,targaryen,Lady ,0102-04-03,IRONCLAW,0089-01-01,GRIS METÁLICO,0121-04-03,0133-04-03,44004.82,f,8,Participó en defensa del reino 
38,Jacaerys Targaryen ,TARGARYEN, Príncipe,0114-01-01,IRONCLAW,0089-01-01,GRIS METÁLICO,0146-01-01,0156-01-01,12452.23,f,2,
39, Vaelor Targaryen ,Targaryen,príncipe,0103-09-12,Ironclaw ,0089-01-01, Gris metálico,0132-09-12,0140-09-12,82711.08,f,11, Registro pendiente de revisión 
40, Jaehaerys Targaryen, Targaryen ,Príncipe ,0110-01-01, Ironclaw,0089-01-01,Gris metálico ,0146-01-01,0152-01-01,14431.18,f,3,Participó en defensa del reino 
41,Maelor Targaryen,Targaryen,príncipe,0112-01-01,Ironclaw ,0089-01-01,GRIS METÁLICO,0145-01-01,0136-01-01,45266.40,f,10,
42,Viserys Targaryen,TARGARYEN, Rey,0077-01-15,Ironclaw,0089-01-01, Gris metálico,0097-01-15,0124-01-15,43878.55,f,2,Registro pendiente de revisión 
44, Viserys Targaryen,targaryen,rey,0077-01-15,Ironclaw ,0089-01-01, Gris metálico,0116-01-15,0100-01-15,65017.68,f,19,Jinete experimentado
45,Helaena Targaryen,targaryen,princesa,0109-05-14, Ironclaw ,0089-01-01, Gris metálico,0136-05-14,0141-05-14,58780.63,f,12,Participó en una batalla importante
46, Baela Targaryen ,TARGARYEN, Lady,0116-09-03,Ironclaw ,0089-01-01, Gris metálico,0137-09-03,0145-09-03,58322.92,f,15, Jinete experimentado
47, Baela Targaryen,TARGARYEN,LADY,0116-09-03,Ironclaw,0089-01-01,Gris metálico ,0157-09-03,0152-09-03,87421.61,f,12,Mantuvo vínculos con otras casas 
48,Aenar Targaryen , Targaryen ,lord,0088-02-18,Ironclaw ,0089-01-01,Gris metálico ,0122-02-18,0121-02-18,86653.58,f,12, Participó en defensa del reino 
49, Aegon Targaryen ,TARGARYEN,príncipe,0090-04-10,Ironclaw ,0089-01-01,Gris metálico ,0115-04-10,0133-04-10,32639.90,f,8,Mantuvo vínculos con otras casas 
50, Daemon Targaryen,TARGARYEN,príncipe,0081-06-05, Ironclaw,0089-01-01,Gris metálico,0117-06-05,0116-06-05,43217.10,f,18,Participó en defensa del reino
51, Visenya Targaryen ,targaryen,princesa,0091-07-20,IRONCLAW,0089-01-01,Gris metálico,0121-07-20,0128-07-20,4000.90,f,14, Jinete experimentado
52, Rhaenyra Targaryen , Targaryen ,princesa,0097-03-22,Ironclaw ,0089-01-01,Gris metálico ,0134-03-22,0144-03-22,49842.30,f,8, Participó en una batalla importante
53,Lucerys Targaryen, Targaryen ,príncipe,0115-01-01, Ironclaw,0089-01-01, Gris metálico,0140-01-01,0140-01-01,6319.15,f,6,REGISTRO HISTÓRICO
54,Daeron Targaryen,Targaryen,Príncipe ,0110-08-21,IRONCLAW,0089-01-01,Gris metálico ,0144-08-21,0143-08-21,1978.87,f,0, Jinete experimentado 
55, Viserys Targaryen ,Targaryen,Rey,0077-01-15,Ironclaw ,0089-01-01,Gris metálico ,0101-01-15,0115-01-15,13666.90,f,8, Registro pendiente de revisión 
56, Rhaena Targaryen ,Targaryen,LADY,0116-09-03, Ironclaw ,0089-01-01, Gris metálico,0135-09-03,0162-09-03,83652.18,f,16,PARTICIPÓ EN UNA BATALLA IMPORTANTE
57, Aenar Targaryen,targaryen,lord,0088-02-18, Ironclaw ,0089-01-01,GRIS METÁLICO,0113-02-18,0127-02-18,36253.33,f,11,Herido durante una expedición 
58, Rhaenyra Targaryen,Targaryen,princesa,0097-03-22, Ironclaw,0089-01-01,GRIS METÁLICO,0117-03-22,0129-03-22,54194.38,f,8, Registro histórico
59, Maelor Targaryen ,Targaryen, Príncipe,0112-01-01, Ironclaw ,0089-01-01,Gris metálico,0154-01-01,0142-01-01,6387.35,f,5,Registro histórico 
60,Baela Targaryen,Targaryen,Lady ,0116-09-03, Ironclaw,0089-01-01,GRIS METÁLICO,0144-09-03,0160-09-03,68860.84,f,1,Viaje diplomático 
61,Aegon Targaryen ,targaryen,Príncipe ,0090-04-10,IRONCLAW,0089-01-01, Gris metálico,0123-04-10,0127-04-10,66269.61,f,13, Participó en defensa del reino
62,Vaelor Targaryen,targaryen,príncipe,0103-09-12, Ironclaw,0089-01-01,Gris metálico,0134-09-12,0150-09-12,87874.99,f,4, Participó en una batalla importante 
63, Rhaenyra Targaryen,Targaryen,princesa,0097-03-22,IRONCLAW,0089-01-01,Gris metálico ,0130-03-22,0125-03-22,67383.22,f,7, Entrenamiento militar
64,Aenar Targaryen ,targaryen,LORD,0088-02-18, Ironclaw,0089-01-01,Gris metálico ,0126-02-18,0130-02-18,13195.25,f,12, Participó en una batalla importante
65, Baela Targaryen ,TARGARYEN,lady,0116-09-03, Ironclaw ,0089-01-01,GRIS METÁLICO,0136-09-03,0141-09-03,60143.80,f,4, Registro histórico 
66,Vaelor Targaryen ,targaryen,PRÍNCIPE,0103-09-12, Ironclaw ,0089-01-01,Gris metálico ,0121-09-12,0133-09-12,35357.00,f,5, Participó en una batalla importante 
67,Aelora Targaryen ,Targaryen,lady,0102-04-03, Ironclaw ,0089-01-01,GRIS METÁLICO,0135-04-03,0149-04-03,3765.66,f,7, Mantuvo vínculos con otras casas
68, Viserys Targaryen,Targaryen, Rey,0077-01-15,IRONCLAW,0089-01-01,Gris metálico ,0114-01-15,0111-01-15,28976.73,f,18,Registro histórico 
69, Visenya Targaryen,targaryen,Princesa ,0091-07-20, Ironclaw,0089-01-01,GRIS METÁLICO,0133-07-20,0135-07-20,5248.53,f,13, Participó en una batalla importante
70,Aemond Targaryen ,Targaryen,príncipe,0110-02-12,Ironclaw,0089-01-01,Gris metálico ,0134-02-12,0140-02-12,41140.85,f,5, Viaje diplomático 
71, Aelora Targaryen ,Targaryen,lady,0102-04-03, Ironclaw ,0089-01-01, Gris metálico,0120-04-03,0138-04-03,28569.40,f,9, Viaje diplomático 
72, Lucerys Targaryen , Targaryen ,PRÍNCIPE,0115-01-01,IRONCLAW,0089-01-01,Gris metálico,0140-01-01,0140-01-01,16879.55,f,6,
73,Jaehaerys Targaryen ,targaryen, Príncipe,0110-01-01,Ironclaw,0089-01-01,Gris metálico ,0134-01-01,0154-01-01,47562.36,f,4,PARTICIPÓ EN UNA BATALLA IMPORTANTE
74, Helaena Targaryen , Targaryen , Princesa,0109-05-14,Ironclaw ,0089-01-01,GRIS METÁLICO,0144-05-14,0146-05-14,2677.62,f,6,Participó en una batalla importante 
76, Jacaerys Targaryen ,Targaryen,PRÍNCIPE,0114-01-01,Ironclaw ,0089-01-01,GRIS METÁLICO,0150-01-01,0160-01-01,17158.13,f,12, Jinete experimentado 
77,Alyssa Targaryen ,Targaryen,lady,0095-06-17,Ironclaw ,0089-01-01,Gris metálico ,0120-06-17,0138-06-17,86829.11,f,11,Mantuvo vínculos con otras casas 
78,Maelor Targaryen ,targaryen,príncipe,0112-01-01,Ironclaw ,0089-01-01,GRIS METÁLICO,0152-01-01,0146-01-01,64996.26,f,5,HERIDO DURANTE UNA EXPEDICIÓN
79, Maelor Targaryen,Targaryen,príncipe,0112-01-01,Ironclaw ,0089-01-01,Gris metálico ,0143-01-01,0146-01-01,60090.81,f,11,Jinete experimentado 
80,Viserys Targaryen ,targaryen,Rey ,0077-01-15, Ironclaw,0089-01-01,Gris metálico ,0099-01-15,0110-01-15,44657.09,f,6, Entrenamiento militar 
81,Aelora Targaryen,Targaryen,Lady ,0102-04-03, Ironclaw ,0089-01-01, Gris metálico,0129-04-03,0126-04-03,57810.23,f,9,Registro pendiente de revisión 
82,Viserys Targaryen ,Targaryen,rey,0077-01-15,Ironclaw ,0089-01-01, Gris metálico,0105-01-15,0118-01-15,37021.16,f,9,Entrenamiento militar
83, Aenar Targaryen, Targaryen ,Lord,0088-02-18,Ironclaw,0089-01-01,GRIS METÁLICO,0123-02-18,0121-02-18,71013.85,f,8,Herido durante una expedición 
84, Rhaena Targaryen ,TARGARYEN, Lady,0116-09-03, Ironclaw ,0089-01-01,GRIS METÁLICO,0140-09-03,0139-09-03,69053.07,f,0,PARTICIPÓ EN DEFENSA DEL REINO
85, Jaehaerys Targaryen ,targaryen, Príncipe,0110-01-01, Ironclaw,0089-01-01,Gris metálico ,0132-01-01,0141-01-01,65683.62,f,12, Registro histórico 
86, Lucerys Targaryen,Targaryen,PRÍNCIPE,0115-01-01,Ironclaw,0089-01-01,Gris metálico ,0138-01-01,0153-01-01,83475.14,f,14, Mantuvo vínculos con otras casas 
87,Aegon Targaryen,targaryen,PRÍNCIPE,0090-04-10,IRONCLAW,0089-01-01,Gris metálico ,0122-04-10,0129-04-10,41651.52,f,4,Viaje diplomático 
88, Aelora Targaryen,targaryen,lady,0102-04-03,Ironclaw ,0089-01-01,Gris metálico ,0139-04-03,0147-04-03,506.09,f,14, Viaje diplomático 
89,Maeron Targaryen ,targaryen,Príncipe ,0105-10-09, Ironclaw ,0089-01-01,Gris metálico,0135-10-09,0146-10-09,85146.60,f,11, Mantuvo vínculos con otras casas 
90,Jaehaerys Targaryen ,targaryen, Príncipe,0110-01-01,IRONCLAW,0089-01-01, Gris metálico,0135-01-01,0155-01-01,9262.62,f,7, Participó en una batalla importante 
91, Rhaenyra Targaryen,targaryen,PRINCESA,0097-03-22, Ironclaw,0089-01-01,Gris metálico ,0120-03-22,0121-03-22,19177.24,f,7, Participó en defensa del reino
92, Aenar Targaryen , Targaryen ,LORD,0088-02-18, Ironclaw,0089-01-01, Gris metálico,0113-02-18,0125-02-18,73133.62,f,8,Registro histórico 
93, Visenya Targaryen ,targaryen, Princesa,0091-07-20,Ironclaw,0089-01-01, Gris metálico,0129-07-20,0138-07-20,63992.99,f,7, Mantuvo vínculos con otras casas
94, Daeron Targaryen,Targaryen,PRÍNCIPE,0110-08-21,Ironclaw ,0089-01-01,GRIS METÁLICO,0130-08-21,0143-08-21,80894.43,f,4,Registro histórico 
95,Rhaenyra Targaryen ,TARGARYEN,PRINCESA,0097-03-22,Ironclaw ,0089-01-01,Gris metálico ,0137-03-22,0129-03-22,84861.69,f,8,Herido durante una expedición 
96,Daeron Targaryen ,targaryen,príncipe,0110-08-21, Ironclaw,0089-01-01,Gris metálico ,0138-08-21,0154-08-21,55286.30,f,9, Participó en una batalla importante 
97, Jacaerys Targaryen ,Targaryen,PRÍNCIPE,0114-01-01,Ironclaw ,0089-01-01,Gris metálico,0147-01-01,0154-01-01,56989.37,f,10,
98, Daemon Targaryen , Targaryen ,príncipe,0081-06-05, Ironclaw,0089-01-01,Gris metálico ,0111-06-05,0112-06-05,73934.48,f,19, Jinete experimentado
99, Aegon Targaryen,TARGARYEN, Príncipe,0090-04-10,Ironclaw ,0089-01-01, Gris metálico,0126-04-10,0116-04-10,19182.53,f,5,REGISTRO PENDIENTE DE REVISIÓN
100,Maeron Targaryen, Targaryen ,príncipe,0105-10-09, Ironclaw ,0089-01-01,Gris metálico ,0136-10-09,0136-10-09,42691.36,f,9,Viaje diplomático 
101, Aegon Targaryen,targaryen, Príncipe,0090-04-10,Ironclaw ,0089-01-01,GRIS METÁLICO,0128-04-10,0128-04-10,35316.00,f,11,Entrenamiento militar 
102,Aegon Targaryen,Targaryen,príncipe,0090-04-10,Ironclaw ,0089-01-01,GRIS METÁLICO,0131-04-10,0137-04-10,55648.50,f,19,Herido durante una expedición
104,Alyssa Targaryen,Targaryen, Lady,0095-06-17,Ironclaw ,0089-01-01,Gris metálico ,0120-06-17,0134-06-17,62032.71,f,14, Participó en una batalla importante 
106, Lucerys Targaryen ,Targaryen,príncipe,0115-01-01,Ironclaw ,0089-01-01,Gris metálico,0157-01-01,0156-01-01,6249.04,f,5,REGISTRO PENDIENTE DE REVISIÓN
107,Rhaenyra Targaryen, Targaryen , Princesa,0097-03-22, Ironclaw ,0089-01-01,GRIS METÁLICO,0138-03-22,0130-03-22,35058.52,f,11, Participó en una batalla importante 
109,Helaena Targaryen ,Targaryen,PRINCESA,0109-05-14,Ironclaw ,0089-01-01,GRIS METÁLICO,0133-05-14,0137-05-14,78612.85,f,1,Viaje diplomático
110,Alyssa Targaryen ,targaryen,Lady ,0095-06-17,Ironclaw ,0089-01-01,Gris metálico ,0135-06-17,0123-06-17,14018.65,f,5, Entrenamiento militar
111, Rhaenyra Targaryen , Targaryen ,Princesa,0097-03-22, Ironclaw ,0089-01-01, Gris metálico,0124-03-22,0123-03-22,42604.04,f,12,Participó en defensa del reino 
112, Viserys Targaryen,Targaryen, Rey,0077-01-15,Ironclaw ,0089-01-01,Gris metálico ,0103-01-15,0108-01-15,89872.35,f,17, Entrenamiento militar
113,Maeron Targaryen ,Targaryen,PRÍNCIPE,0105-10-09, Ironclaw ,0089-01-01,GRIS METÁLICO,0146-10-09,0151-10-09,72554.24,f,8,PARTICIPÓ EN DEFENSA DEL REINO
114,Aegon Targaryen ,Targaryen, Príncipe,0090-04-10,Ironclaw ,0089-01-01,Gris metálico ,0121-04-10,0131-04-10,48597.27,f,15,Viaje diplomático 
115,Rhaegel Targaryen ,Targaryen,Príncipe ,0092-11-05, Ironclaw ,0089-01-01,GRIS METÁLICO,0132-11-05,0120-11-05,30325.39,f,13,Registro pendiente de revisión 
116, Jacaerys Targaryen,TARGARYEN,PRÍNCIPE,0114-01-01, Ironclaw,0089-01-01,GRIS METÁLICO,0140-01-01,0142-01-01,3996.46,f,3,Entrenamiento militar 
117,Aemond Targaryen ,Targaryen,príncipe,0110-02-12, Ironclaw ,0089-01-01,GRIS METÁLICO,0143-02-12,0149-02-12,35759.72,f,7, Registro pendiente de revisión 
118,Daeron Targaryen,targaryen,PRÍNCIPE,0110-08-21,Ironclaw ,0089-01-01,Gris metálico ,0147-08-21,0157-08-21,79849.94,f,1, Jinete experimentado 
119, Alyssa Targaryen , Targaryen , Lady,0095-06-17, Ironclaw ,0089-01-01, Gris metálico,0113-06-17,0141-06-17,19812.33,f,15, Viaje diplomático 
120,Daeron Targaryen ,Targaryen,príncipe,0110-08-21,Ironclaw ,0089-01-01,Gris metálico,0146-08-21,0146-08-21,11925.54,f,5, Entrenamiento militar 
121,Jaehaerys Targaryen,Targaryen,Príncipe ,0110-01-01, Ironclaw ,0089-01-01, Gris metálico,0139-01-01,0137-01-01,77825.87,f,18,Participó en una batalla importante
122, Rhaegel Targaryen ,targaryen,PRÍNCIPE,0092-11-05, Ironclaw ,0089-01-01,Gris metálico ,0117-11-05,0136-11-05,75216.36,f,2, Mantuvo vínculos con otras casas
123,Aegon Targaryen ,targaryen, Príncipe,0090-04-10,Ironclaw ,0089-01-01,Gris metálico ,0131-04-10,0131-04-10,87790.00,f,2,Viaje diplomático 
124,Jaehaerys Targaryen ,TARGARYEN, Príncipe,0110-01-01,IRONCLAW,0089-01-01,Gris metálico ,0152-01-01,0136-01-01,34748.73,f,10,JINETE EXPERIMENTADO
125, Baela Targaryen , Targaryen ,lady,0116-09-03,Ironclaw ,0089-01-01,Gris metálico ,0144-09-03,0151-09-03,49520.25,f,12, Viaje diplomático 
126,Aegon Targaryen ,targaryen,PRÍNCIPE,0090-04-10,Ironclaw,0089-01-01,Gris metálico ,0114-04-10,0118-04-10,8848.50,f,15, Herido durante una expedición
127, Visenya Targaryen, Targaryen ,princesa,0091-07-20, Ironclaw,0089-01-01,Gris metálico ,0129-07-20,0124-07-20,86738.48,f,13,VIAJE DIPLOMÁTICO
128, Rhaenyra Targaryen,Targaryen,Princesa ,0097-03-22,Ironclaw,0089-01-01,Gris metálico ,0120-03-22,0139-03-22,29677.65,f,2,
129,Maelor Targaryen ,Targaryen, Príncipe,0112-01-01,Ironclaw,0089-01-01, Gris metálico,0141-01-01,0137-01-01,55429.17,f,11, Participó en defensa del reino 
130, Viserys Targaryen, Targaryen ,REY,0077-01-15,Ironclaw,0089-01-01, Gris metálico,0102-01-15,0121-01-15,36702.75,f,16,Participó en defensa del reino 
131, Lucerys Targaryen,TARGARYEN,PRÍNCIPE,0115-01-01,IRONCLAW,0089-01-01,Gris metálico ,0150-01-01,0143-01-01,61426.93,f,12,PARTICIPÓ EN DEFENSA DEL REINO
132,Baela Targaryen, Targaryen ,Lady ,0116-09-03, Ironclaw ,0089-01-01, Gris metálico,0158-09-03,0155-09-03,34394.16,f,10, Registro histórico
133,Lucerys Targaryen , Targaryen ,príncipe,0115-01-01, Ironclaw,0089-01-01,Gris metálico ,0150-01-01,0146-01-01,63295.18,f,13, Registro histórico 
134, Viserys Targaryen,targaryen,Rey ,0077-01-15, Ironclaw ,0089-01-01, Gris metálico,0107-01-15,0103-01-15,51210.75,f,1,Participó en defensa del reino 
135,Maeron Targaryen ,Targaryen,PRÍNCIPE,0105-10-09, Ironclaw ,0089-01-01,GRIS METÁLICO,0132-10-09,0131-10-09,64906.14,f,19,
136, Baela Targaryen, Targaryen ,LADY,0116-09-03,Ironclaw ,0089-01-01, Gris metálico,0141-09-03,0158-09-03,42393.47,f,4, Participó en defensa del reino 
137, Aenar Targaryen , Targaryen ,lord,0088-02-18, Ironclaw ,0089-01-01,Gris metálico,0129-02-18,0126-02-18,88030.63,f,13,
138,Maeron Targaryen ,Targaryen,príncipe,0105-10-09,Ironclaw ,0089-01-01,Gris metálico,0137-10-09,0132-10-09,47800.51,f,11, Entrenamiento militar
139, Rhaenyra Targaryen ,TARGARYEN,princesa,0097-03-22, Ironclaw ,0089-01-01,Gris metálico ,0128-03-22,0130-03-22,13241.34,f,9,
140,Daeron Targaryen ,targaryen,PRÍNCIPE,0110-08-21, Ironclaw,0089-01-01,Gris metálico ,0150-08-21,0142-08-21,11123.52,f,6,PARTICIPÓ EN DEFENSA DEL REINO
141,Rhaena Targaryen,TARGARYEN,lady,0116-09-03,Ironclaw ,0089-01-01,Gris metálico ,0150-09-03,0146-09-03,7339.93,f,5, Mantuvo vínculos con otras casas 
142, Daeron Targaryen ,TARGARYEN, Príncipe,0110-08-21, Ironclaw ,0089-01-01,GRIS METÁLICO,0151-08-21,0137-08-21,31940.97,f,8,
143, Viserys Targaryen ,Targaryen,rey,0077-01-15, Ironclaw,0089-01-01,Gris metálico ,0108-01-15,0119-01-15,54865.62,f,13, Jinete experimentado 
144,Aelora Targaryen ,Targaryen,lady,0102-04-03,Ironclaw ,0089-01-01,GRIS METÁLICO,0139-04-03,0126-04-03,15153.04,f,10,Registro histórico
145, Aemond Targaryen ,targaryen,Príncipe ,0110-02-12, Ironclaw,0089-01-01,GRIS METÁLICO,0141-02-12,0153-02-12,62795.68,f,17,Mantuvo vínculos con otras casas 
146, Aemond Targaryen ,targaryen,Príncipe ,0110-02-12, Ironclaw ,0089-01-01,Gris metálico ,0132-02-12,0157-02-12,42780.51,f,9, Participó en defensa del reino 
147,Rhaenyra Targaryen ,targaryen,Princesa ,0097-03-22,IRONCLAW,0089-01-01, Gris metálico,0118-03-22,0125-03-22,18565.64,f,12, Entrenamiento militar 
148,Helaena Targaryen,TARGARYEN,princesa,0109-05-14, Ironclaw ,0089-01-01, Gris metálico,0141-05-14,0150-05-14,75030.77,f,14, Participó en defensa del reino 
149, Maelor Targaryen ,TARGARYEN, Príncipe,0112-01-01,Ironclaw ,0089-01-01, Gris metálico,0150-01-01,0139-01-01,82997.96,f,15,PARTICIPÓ EN DEFENSA DEL REINO
150,Aelora Targaryen ,targaryen, Lady,0102-04-03, Ironclaw,0089-01-01,Gris metálico ,0122-04-03,0128-04-03,85425.65,f,15, Jinete experimentado 
151, Jaehaerys Targaryen,Targaryen,Príncipe,0110-01-01,Ironclaw ,0089-01-01,Gris metálico ,0133-01-01,0135-01-01,58161.94,f,5,Registro histórico
152,Daeron Targaryen , Targaryen , Príncipe,0110-08-21, Ironclaw ,0089-01-01,Gris metálico,0128-08-21,0145-08-21,38173.16,f,8, Registro histórico 
153,Maelor Targaryen,Targaryen,Príncipe,0112-01-01, Ironclaw ,0089-01-01, Gris metálico,0130-01-01,0156-01-01,35491.04,f,18, Participó en una batalla importante
154, Alyssa Targaryen,targaryen, Lady,0095-06-17,Ironclaw,0089-01-01,Gris metálico ,0134-06-17,0129-06-17,46048.07,f,12, Registro pendiente de revisión
155,Vaelor Targaryen , Targaryen ,Príncipe,0103-09-12, Ironclaw,0089-01-01,Gris metálico ,0132-09-12,0139-09-12,51350.26,f,2,
156, Aelora Targaryen,TARGARYEN, Lady,0102-04-03,Ironclaw ,0089-01-01, Gris metálico,0120-04-03,0125-04-03,17607.43,f,11,Jinete experimentado 
157, Aemond Targaryen ,TARGARYEN,príncipe,0110-02-12, Ironclaw ,0089-01-01,Gris metálico ,0151-02-12,0133-02-12,11731.74,f,0,REGISTRO PENDIENTE DE REVISIÓN
158, Maelor Targaryen, Targaryen ,Príncipe,0112-01-01,Ironclaw ,0089-01-01, Gris metálico,0148-01-01,0153-01-01,20408.21,f,6, Participó en una batalla importante
159, Aemond Targaryen,targaryen,PRÍNCIPE,0110-02-12, Ironclaw,0089-01-01,Gris metálico ,0150-02-12,0136-02-12,57323.69,f,8,Participó en defensa del reino 
160, Jacaerys Targaryen,Targaryen,príncipe,0114-01-01, Ironclaw,0089-01-01,Gris metálico ,0141-01-01,0161-01-01,78530.74,f,11, Registro pendiente de revisión
161,Maelor Targaryen ,Targaryen,PRÍNCIPE,0112-01-01,Ironclaw,0089-01-01,Gris metálico ,0139-01-01,0137-01-01,2819.33,f,2,Registro pendiente de revisión 
162,Daemon Targaryen ,targaryen, Príncipe,0081-06-05,Ironclaw ,0089-01-01, Gris metálico,0099-06-05,0104-06-05,54051.42,f,18,Viaje diplomático 
163,Baela Targaryen ,Targaryen, Lady,0116-09-03,IRONCLAW,0089-01-01,Gris metálico,0149-09-03,0146-09-03,86641.99,f,18, Entrenamiento militar 
164, Aenar Targaryen , Targaryen ,lord,0088-02-18,Ironclaw ,0089-01-01,GRIS METÁLICO,0110-02-18,0119-02-18,30939.72,f,7, Registro histórico
165,Baela Targaryen , Targaryen ,LADY,0116-09-03, Ironclaw ,0089-01-01, Gris metálico,0145-09-03,0159-09-03,19293.55,f,13, Participó en una batalla importante 
166,Aemond Targaryen ,targaryen,príncipe,0110-02-12,IRONCLAW,0089-01-01,Gris metálico ,0148-02-12,0145-02-12,11799.30,f,11, Herido durante una expedición 
167,Daemon Targaryen , Targaryen , Príncipe,0081-06-05, Ironclaw,0089-01-01,GRIS METÁLICO,0100-06-05,0120-06-05,84295.87,f,17,Participó en una batalla importante 
168, Visenya Targaryen,Targaryen,princesa,0091-07-20, Ironclaw,0089-01-01,Gris metálico,0112-07-20,0136-07-20,78811.21,f,15,
169, Visenya Targaryen,targaryen,princesa,0091-07-20, Ironclaw ,0089-01-01,GRIS METÁLICO,0121-07-20,0119-07-20,80359.51,f,0,Jinete experimentado
170, Rhaena Targaryen ,TARGARYEN,lady,0116-09-03, Ironclaw,0089-01-01,Gris metálico,0145-09-03,0140-09-03,6333.21,f,18, Registro histórico 
171, Aemond Targaryen,targaryen, Príncipe,0110-02-12,Ironclaw ,0089-01-01,Gris metálico,0144-02-12,0138-02-12,27476.35,f,18,VIAJE DIPLOMÁTICO
172, Helaena Targaryen, Targaryen ,PRINCESA,0109-05-14,Ironclaw ,0089-01-01,Gris metálico,0139-05-14,0152-05-14,81918.20,f,1,Entrenamiento militar
173,Jacaerys Targaryen, Targaryen , Príncipe,0114-01-01,Ironclaw,0089-01-01, Gris metálico,0151-01-01,0148-01-01,62556.94,f,13,
174,Visenya Targaryen , Targaryen , Princesa,0091-07-20,IRONCLAW,0089-01-01,GRIS METÁLICO,0123-07-20,0126-07-20,12189.53,f,7, Entrenamiento militar
175,Baela Targaryen , Targaryen ,lady,0116-09-03,Ironclaw ,0089-01-01, Gris metálico,0147-09-03,0156-09-03,4267.30,f,19, Viaje diplomático 
176, Rhaegel Targaryen,TARGARYEN,príncipe,0092-11-05, Ironclaw,0089-01-01,Gris metálico,0134-11-05,0124-11-05,29055.77,f,0, Registro pendiente de revisión 
177, Jaehaerys Targaryen,targaryen,príncipe,0110-01-01, Ironclaw,0089-01-01,GRIS METÁLICO,0142-01-01,0149-01-01,5618.66,f,0, Registro histórico
178, Jacaerys Targaryen,TARGARYEN,Príncipe ,0114-01-01,Ironclaw ,0089-01-01,GRIS METÁLICO,0133-01-01,0142-01-01,24095.31,f,18,
179,Aemond Targaryen ,TARGARYEN,Príncipe ,0110-02-12, Ironclaw ,0089-01-01,Gris metálico ,0135-02-12,0153-02-12,82534.99,f,3,Participó en defensa del reino 
180,Baela Targaryen , Targaryen , Lady,0116-09-03,Ironclaw,0089-01-01,GRIS METÁLICO,0140-09-03,0154-09-03,46677.55,f,16, Viaje diplomático 
181, Vaelor Targaryen ,targaryen,príncipe,0103-09-12,Ironclaw ,0089-01-01, Gris metálico,0136-09-12,0146-09-12,61233.76,f,9, Entrenamiento militar 
182,Rhaena Targaryen ,Targaryen,lady,0116-09-03, Ironclaw ,0089-01-01, Gris metálico,0155-09-03,0139-09-03,63085.38,f,17, Registro pendiente de revisión
183,Alyssa Targaryen ,Targaryen,lady,0095-06-17,IRONCLAW,0089-01-01, Gris metálico,0136-06-17,0139-06-17,42995.28,f,15, Mantuvo vínculos con otras casas
184,Maeron Targaryen ,targaryen,PRÍNCIPE,0105-10-09, Ironclaw ,0089-01-01,Gris metálico,0129-10-09,0149-10-09,63041.95,f,17, Registro pendiente de revisión 
185,Maeron Targaryen ,Targaryen, Príncipe,0105-10-09, Ironclaw,0089-01-01,GRIS METÁLICO,0142-10-09,0136-10-09,2693.93,f,1,
186, Daeron Targaryen , Targaryen ,príncipe,0110-08-21,Ironclaw,0089-01-01, Gris metálico,0145-08-21,0156-08-21,90382.49,f,17,
187,Aenar Targaryen ,targaryen,lord,0088-02-18,Ironclaw ,0089-01-01, Gris metálico,0128-02-18,0124-02-18,40439.31,f,4, Registro histórico 
188,Alyssa Targaryen, Targaryen ,Lady ,0095-06-17, Ironclaw,0089-01-01, Gris metálico,0120-06-17,0124-06-17,50938.22,f,1,Viaje diplomático 
189, Daemon Targaryen , Targaryen , Príncipe,0081-06-05, Ironclaw ,0089-01-01, Gris metálico,0112-06-05,0111-06-05,17301.27,f,10,JINETE EXPERIMENTADO
190,Rhaena Targaryen ,targaryen, Lady,0116-09-03,IRONCLAW,0089-01-01,GRIS METÁLICO,0142-09-03,0140-09-03,62509.16,f,11,Entrenamiento militar 
191,Aenar Targaryen , Targaryen , Lord,0088-02-18,Ironclaw ,0089-01-01,Gris metálico ,0120-02-18,0115-02-18,19885.17,f,14, Viaje diplomático 
192,Vaelor Targaryen , Targaryen , Príncipe,0103-09-12, Ironclaw,0089-01-01, Gris metálico,0124-09-12,0140-09-12,28995.30,f,6, Participó en una batalla importante 
193, Aenar Targaryen ,Targaryen,lord,0088-02-18,Ironclaw ,0089-01-01, Gris metálico,0124-02-18,0125-02-18,64506.96,f,18,Mantuvo vínculos con otras casas 
194,Helaena Targaryen ,targaryen,princesa,0109-05-14,Ironclaw ,0089-01-01,GRIS METÁLICO,0129-05-14,0154-05-14,42578.86,f,7,Entrenamiento militar
195, Daemon Targaryen ,targaryen,PRÍNCIPE,0081-06-05, Ironclaw,0089-01-01,GRIS METÁLICO,0119-06-05,0113-06-05,19365.04,f,17,
196,Maelor Targaryen ,TARGARYEN,PRÍNCIPE,0112-01-01,Ironclaw,0089-01-01,Gris metálico ,0135-01-01,0154-01-01,42710.21,f,10,Participó en una batalla importante 
197, Rhaena Targaryen ,Targaryen, Lady,0116-09-03,IRONCLAW,0089-01-01,GRIS METÁLICO,0148-09-03,0157-09-03,11175.23,f,15,Participó en defensa del reino 
198,Daemon Targaryen ,Targaryen, Príncipe,0081-06-05, Ironclaw ,0089-01-01,Gris metálico ,0119-06-05,0107-06-05,76940.94,f,7,JINETE EXPERIMENTADO
199,Aemond Targaryen , Targaryen ,Príncipe ,0110-02-12,Ironclaw ,0089-01-01,Gris metálico ,0148-02-12,0146-02-12,36840.01,f,1, Participó en defensa del reino
200, Viserys Targaryen , Targaryen , Rey,0077-01-15,Ironclaw ,0089-01-01,GRIS METÁLICO,0102-01-15,0118-01-15,47967.35,f,8, Participó en una batalla importante 
201, Rhaegel Targaryen, Targaryen ,príncipe,0092-11-05,Ironclaw ,0089-01-01,Gris metálico,0118-11-05,0136-11-05,80040.85,f,1, Participó en defensa del reino
804,Alyssa Targaryen,Targaryen,lady,0095-06-17, Ironclaw ,0089-01-01,Gris metálico ,0123-06-17,0119-06-17,59500.30,f,16,
202,Viserys Targaryen ,Targaryen, Rey,0077-01-15, Ironclaw ,0089-01-01,GRIS METÁLICO,0118-01-15,0109-01-15,36709.45,f,11,MANTUVO VÍNCULOS CON OTRAS CASAS
203,Aenar Targaryen , Targaryen ,LORD,0088-02-18, Ironclaw ,0089-01-01,Gris metálico ,0109-02-18,0120-02-18,54361.19,f,9,Viaje diplomático 
204, Rhaena Targaryen ,targaryen,LADY,0116-09-03,Ironclaw,0089-01-01,Gris metálico ,0157-09-03,0148-09-03,18409.83,f,15, Viaje diplomático
205,Jacaerys Targaryen ,targaryen,Príncipe ,0114-01-01, Ironclaw ,0089-01-01,Gris metálico ,0147-01-01,0150-01-01,56997.92,f,8, Viaje diplomático 
206,Maelor Targaryen,TARGARYEN, Príncipe,0112-01-01,Ironclaw ,0089-01-01,GRIS METÁLICO,0141-01-01,0151-01-01,56265.76,f,19, Viaje diplomático 
207, Vaelor Targaryen, Targaryen , Príncipe,0103-09-12, Ironclaw,0089-01-01,GRIS METÁLICO,0140-09-12,0140-09-12,62803.62,f,17,ENTRENAMIENTO MILITAR
208,Maelor Targaryen , Targaryen ,príncipe,0112-01-01, Ironclaw,0089-01-01,GRIS METÁLICO,0146-01-01,0142-01-01,83291.38,f,18, Mantuvo vínculos con otras casas 
209, Daemon Targaryen,TARGARYEN,príncipe,0081-06-05, Ironclaw,0089-01-01,Gris metálico ,0117-06-05,0117-06-05,73533.01,f,5, Entrenamiento militar 
210,Helaena Targaryen,Targaryen,Princesa ,0109-05-14,IRONCLAW,0089-01-01,GRIS METÁLICO,0127-05-14,0139-05-14,61101.05,f,1, Viaje diplomático
211, Visenya Targaryen ,Targaryen,princesa,0091-07-20,IRONCLAW,0089-01-01,Gris metálico ,0132-07-20,0125-07-20,74617.42,f,10,ENTRENAMIENTO MILITAR
212,Viserys Targaryen , Targaryen ,REY,0077-01-15,Ironclaw ,0089-01-01,Gris metálico ,0114-01-15,0118-01-15,19510.07,f,10,Jinete experimentado
213, Rhaegel Targaryen ,targaryen,Príncipe,0092-11-05,IRONCLAW,0089-01-01, Gris metálico,0110-11-05,0127-11-05,28438.67,f,5,Jinete experimentado 
214,Jacaerys Targaryen ,Targaryen,PRÍNCIPE,0114-01-01, Ironclaw ,0089-01-01,Gris metálico ,0132-01-01,0155-01-01,10858.81,f,13,Viaje diplomático 
215, Visenya Targaryen ,Targaryen,Princesa ,0091-07-20,Ironclaw ,0089-01-01,Gris metálico,0123-07-20,0120-07-20,3846.23,f,4, Jinete experimentado 
216,Aegon Targaryen ,targaryen,PRÍNCIPE,0090-04-10, Ironclaw,0089-01-01,GRIS METÁLICO,0120-04-10,0124-04-10,54369.94,f,14, Registro pendiente de revisión
217,Rhaegel Targaryen ,Targaryen,príncipe,0092-11-05, Ironclaw ,0089-01-01,Gris metálico ,0129-11-05,0132-11-05,84979.42,f,14, Herido durante una expedición
218,Maelor Targaryen ,Targaryen,príncipe,0112-01-01, Ironclaw ,0089-01-01,Gris metálico,0142-01-01,0154-01-01,40892.03,f,2,Jinete experimentado 
219, Visenya Targaryen , Targaryen ,princesa,0091-07-20, Ironclaw ,0089-01-01,Gris metálico ,0121-07-20,0131-07-20,29902.49,f,19,Jinete experimentado 
220, Jacaerys Targaryen,Targaryen, Príncipe,0114-01-01, Ironclaw ,0089-01-01, Gris metálico,0135-01-01,0148-01-01,28520.40,f,14,Participó en defensa del reino
221,Lucerys Targaryen ,Targaryen,príncipe,0115-01-01,IRONCLAW,0089-01-01,Gris metálico,0133-01-01,0140-01-01,75513.32,f,15, Mantuvo vínculos con otras casas 
222,Alyssa Targaryen , Targaryen ,LADY,0095-06-17,IRONCLAW,0089-01-01,Gris metálico ,0115-06-17,0119-06-17,49560.06,f,15, Viaje diplomático 
223,Aenar Targaryen , Targaryen ,Lord,0088-02-18, Ironclaw,0089-01-01, Gris metálico,0122-02-18,0124-02-18,58151.10,f,7, Participó en defensa del reino 
224,Rhaena Targaryen ,Targaryen,lady,0116-09-03,Ironclaw,0089-01-01,Gris metálico ,0154-09-03,0139-09-03,20027.45,f,10,
225,Daemon Targaryen,TARGARYEN,príncipe,0081-06-05,IRONCLAW,0089-01-01, Gris metálico,0109-06-05,0128-06-05,11033.39,f,3, Jinete experimentado 
226, Aemond Targaryen ,Targaryen,príncipe,0110-02-12,IRONCLAW,0089-01-01,Gris metálico,0128-02-12,0153-02-12,18584.50,f,12,VIAJE DIPLOMÁTICO
227,Aegon Targaryen ,TARGARYEN,Príncipe,0090-04-10,Ironclaw ,0089-01-01, Gris metálico,0125-04-10,0133-04-10,34134.30,f,3,Herido durante una expedición 
228,Aelora Targaryen ,Targaryen,lady,0102-04-03,IRONCLAW,0089-01-01,GRIS METÁLICO,0122-04-03,0125-04-03,52640.68,f,15,
229, Rhaegel Targaryen,Targaryen, Príncipe,0092-11-05, Ironclaw,0089-01-01,Gris metálico ,0126-11-05,0130-11-05,11734.53,f,8,Mantuvo vínculos con otras casas 
230, Daemon Targaryen, Targaryen ,príncipe,0081-06-05, Ironclaw ,0089-01-01,Gris metálico ,0103-06-05,0118-06-05,22285.09,f,13,HERIDO DURANTE UNA EXPEDICIÓN
231, Aelora Targaryen ,targaryen,lady,0102-04-03,IRONCLAW,0089-01-01,Gris metálico ,0144-04-03,0147-04-03,59078.22,f,4, Participó en una batalla importante 
232, Jacaerys Targaryen,Targaryen,Príncipe,0114-01-01, Ironclaw,0089-01-01,GRIS METÁLICO,0150-01-01,0150-01-01,20348.60,f,6, Entrenamiento militar 
233,Aemond Targaryen , Targaryen ,Príncipe,0110-02-12, Ironclaw,0089-01-01, Gris metálico,0132-02-12,0153-02-12,88601.95,f,7,Registro pendiente de revisión 
234, Vaelor Targaryen,TARGARYEN,PRÍNCIPE,0103-09-12, Ironclaw ,0089-01-01, Gris metálico,0122-09-12,0147-09-12,11574.82,f,5,MANTUVO VÍNCULOS CON OTRAS CASAS
235,Helaena Targaryen , Targaryen ,PRINCESA,0109-05-14, Ironclaw,0089-01-01, Gris metálico,0128-05-14,0141-05-14,34128.87,f,1,Herido durante una expedición 
236,Maelor Targaryen ,targaryen,príncipe,0112-01-01,Ironclaw ,0089-01-01,Gris metálico,0136-01-01,0146-01-01,82054.27,f,7, Mantuvo vínculos con otras casas
237, Aemond Targaryen,Targaryen,PRÍNCIPE,0110-02-12, Ironclaw ,0089-01-01, Gris metálico,0129-02-12,0142-02-12,61607.67,f,14,Mantuvo vínculos con otras casas 
238,Helaena Targaryen ,targaryen,princesa,0109-05-14, Ironclaw ,0089-01-01, Gris metálico,0140-05-14,0145-05-14,15425.00,f,18, Entrenamiento militar 
239,Jacaerys Targaryen ,targaryen,PRÍNCIPE,0114-01-01,Ironclaw ,0089-01-01,Gris metálico ,0133-01-01,0154-01-01,37589.78,f,1,Participó en defensa del reino 
240, Visenya Targaryen , Targaryen , Princesa,0091-07-20,IRONCLAW,0089-01-01, Gris metálico,0126-07-20,0126-07-20,31518.27,f,10,Mantuvo vínculos con otras casas 
241, Visenya Targaryen ,Targaryen,princesa,0091-07-20, Ironclaw,0089-01-01,GRIS METÁLICO,0118-07-20,0125-07-20,88568.92,f,14,Jinete experimentado 
242, Baela Targaryen, Targaryen ,lady,0116-09-03,IRONCLAW,0089-01-01,Gris metálico,0146-09-03,0145-09-03,79669.88,f,4, Participó en defensa del reino
243,Maelor Targaryen,targaryen,Príncipe ,0112-01-01,Ironclaw ,0089-01-01,Gris metálico,0149-01-01,0153-01-01,2908.29,f,18, Participó en una batalla importante 
244, Daeron Targaryen, Targaryen ,Príncipe ,0110-08-21,Ironclaw,0089-01-01, Gris metálico,0135-08-21,0147-08-21,62660.07,f,5,Registro histórico 
245,Daemon Targaryen , Targaryen , Príncipe,0081-06-05,Ironclaw,0089-01-01,Gris metálico,0100-06-05,0118-06-05,88137.84,f,4, Mantuvo vínculos con otras casas
246, Rhaegel Targaryen , Targaryen ,Príncipe ,0092-11-05, Ironclaw ,0089-01-01, Gris metálico,0118-11-05,0136-11-05,6842.06,f,6, Jinete experimentado 
247,Rhaena Targaryen , Targaryen ,Lady,0116-09-03, Ironclaw,0089-01-01,Gris metálico,0142-09-03,0144-09-03,19178.96,f,9,Jinete experimentado
248, Aegon Targaryen , Targaryen ,príncipe,0090-04-10, Ironclaw,0089-01-01,Gris metálico,0120-04-10,0128-04-10,63017.57,f,6,PARTICIPÓ EN DEFENSA DEL REINO
249,Aemond Targaryen ,TARGARYEN,Príncipe ,0110-02-12, Ironclaw ,0089-01-01,Gris metálico ,0145-02-12,0150-02-12,42200.41,f,8,Participó en defensa del reino
250, Visenya Targaryen,Targaryen,PRINCESA,0091-07-20,Ironclaw ,0089-01-01, Gris metálico,0127-07-20,0115-07-20,53285.96,f,12, Registro pendiente de revisión
251,Viserys Targaryen ,TARGARYEN,rey,0077-01-15, Ironclaw ,0089-01-01,Gris metálico ,0100-01-15,0101-01-15,25086.92,f,15,Viaje diplomático 
252,Rhaegel Targaryen,Targaryen,PRÍNCIPE,0092-11-05, Ironclaw,0089-01-01,Gris metálico,0134-11-05,0125-11-05,63048.68,f,11,REGISTRO HISTÓRICO
253, Aemond Targaryen ,Targaryen, Príncipe,0110-02-12,IRONCLAW,0089-01-01, Gris metálico,0145-02-12,0146-02-12,58961.44,f,11, Viaje diplomático 
254,Lucerys Targaryen , Targaryen ,Príncipe ,0115-01-01, Ironclaw ,0089-01-01,Gris metálico ,0149-01-01,0146-01-01,68400.65,f,12,PARTICIPÓ EN UNA BATALLA IMPORTANTE
255,Aemond Targaryen,targaryen,Príncipe,0110-02-12, Ironclaw ,0089-01-01, Gris metálico,0134-02-12,0140-02-12,42799.65,f,12,Registro pendiente de revisión 
256,Aemond Targaryen,TARGARYEN, Príncipe,0110-02-12, Ironclaw,0089-01-01,GRIS METÁLICO,0130-02-12,0136-02-12,43562.85,f,10, Participó en defensa del reino
257,Baela Targaryen, Targaryen ,lady,0116-09-03, Ironclaw ,0089-01-01,Gris metálico ,0158-09-03,0159-09-03,56296.48,f,17,Registro pendiente de revisión 
258,Baela Targaryen , Targaryen , Lady,0116-09-03, Ironclaw ,0089-01-01,GRIS METÁLICO,0150-09-03,0141-09-03,2857.89,f,12, Entrenamiento militar 
259,Helaena Targaryen , Targaryen ,Princesa,0109-05-14,Ironclaw ,0089-01-01,Gris metálico ,0141-05-14,0149-05-14,83753.53,f,6, Mantuvo vínculos con otras casas 
260, Jaehaerys Targaryen,TARGARYEN,príncipe,0110-01-01,IRONCLAW,0089-01-01,GRIS METÁLICO,0152-01-01,0151-01-01,84836.37,f,1, Herido durante una expedición
261,Daemon Targaryen ,targaryen, Príncipe,0081-06-05, Ironclaw ,0089-01-01,GRIS METÁLICO,0120-06-05,0109-06-05,36994.55,f,0,Participó en una batalla importante 
262, Jacaerys Targaryen,TARGARYEN,PRÍNCIPE,0114-01-01, Ironclaw ,0089-01-01,Gris metálico ,0152-01-01,0159-01-01,40190.62,f,10, Participó en una batalla importante
263,Aegon Targaryen ,targaryen, Príncipe,0090-04-10,Ironclaw ,0089-01-01, Gris metálico,0129-04-10,0120-04-10,3503.94,f,6,JINETE EXPERIMENTADO
264,Viserys Targaryen , Targaryen ,REY,0077-01-15, Ironclaw,0089-01-01, Gris metálico,0095-01-15,0118-01-15,55868.43,f,10, Mantuvo vínculos con otras casas
265, Aemond Targaryen, Targaryen , Príncipe,0110-02-12,Ironclaw,0089-01-01,Gris metálico,0134-02-12,0150-02-12,13293.50,f,7,Viaje diplomático 
266, Alyssa Targaryen,Targaryen,Lady ,0095-06-17,IRONCLAW,0089-01-01,GRIS METÁLICO,0136-06-17,0130-06-17,17874.42,f,15,Participó en defensa del reino 
267, Aelora Targaryen, Targaryen ,lady,0102-04-03,Ironclaw,0089-01-01,GRIS METÁLICO,0124-04-03,0128-04-03,51877.42,f,18, Entrenamiento militar
268, Lucerys Targaryen ,targaryen,PRÍNCIPE,0115-01-01,IRONCLAW,0089-01-01,Gris metálico ,0141-01-01,0139-01-01,19107.04,f,4,REGISTRO HISTÓRICO
269, Aemond Targaryen,targaryen,príncipe,0110-02-12,Ironclaw ,0089-01-01,GRIS METÁLICO,0149-02-12,0138-02-12,81386.43,f,7, Entrenamiento militar 
270, Jaehaerys Targaryen , Targaryen ,príncipe,0110-01-01, Ironclaw,0089-01-01,GRIS METÁLICO,0139-01-01,0133-01-01,2964.77,f,19,
271, Jacaerys Targaryen ,targaryen,príncipe,0114-01-01, Ironclaw ,0089-01-01,Gris metálico ,0148-01-01,0142-01-01,26489.21,f,12,Participó en defensa del reino 
272, Vaelor Targaryen ,targaryen,príncipe,0103-09-12,Ironclaw ,0089-01-01,GRIS METÁLICO,0140-09-12,0144-09-12,54111.24,f,0,REGISTRO PENDIENTE DE REVISIÓN
273, Maelor Targaryen ,TARGARYEN,príncipe,0112-01-01,Ironclaw ,0089-01-01, Gris metálico,0134-01-01,0143-01-01,82329.17,f,6, Participó en defensa del reino
274, Lucerys Targaryen ,targaryen,príncipe,0115-01-01,Ironclaw ,0089-01-01,Gris metálico ,0157-01-01,0148-01-01,624.30,f,11,Jinete experimentado 
275,Viserys Targaryen ,Targaryen, Rey,0077-01-15,IRONCLAW,0089-01-01,Gris metálico ,0101-01-15,0118-01-15,20189.87,f,19,HERIDO DURANTE UNA EXPEDICIÓN
276, Aelora Targaryen ,TARGARYEN,Lady ,0102-04-03, Ironclaw,0089-01-01,Gris metálico ,0130-04-03,0141-04-03,19396.09,f,7,
277,Maelor Targaryen ,Targaryen,PRÍNCIPE,0112-01-01, Ironclaw,0089-01-01,Gris metálico ,0136-01-01,0136-01-01,10144.16,f,1,
278,Aemond Targaryen ,targaryen,príncipe,0110-02-12,Ironclaw ,0089-01-01,Gris metálico ,0128-02-12,0144-02-12,59252.67,f,4, Participó en una batalla importante 
279,Jaehaerys Targaryen ,targaryen,Príncipe ,0110-01-01,IRONCLAW,0089-01-01,Gris metálico,0136-01-01,0154-01-01,60401.72,f,3, Participó en defensa del reino
280,Aegon Targaryen,targaryen,príncipe,0090-04-10,Ironclaw ,0089-01-01,Gris metálico ,0124-04-10,0136-04-10,80150.46,f,17,
281,Rhaena Targaryen ,Targaryen, Lady,0116-09-03,Ironclaw ,0089-01-01,GRIS METÁLICO,0145-09-03,0151-09-03,45465.75,f,15, Registro pendiente de revisión
282, Baela Targaryen ,targaryen, Lady,0116-09-03, Ironclaw ,0089-01-01, Gris metálico,0152-09-03,0142-09-03,2458.40,f,9, Herido durante una expedición
283,Helaena Targaryen,Targaryen,princesa,0109-05-14, Ironclaw ,0089-01-01,Gris metálico,0141-05-14,0147-05-14,84593.11,f,7, Viaje diplomático
284, Aenar Targaryen ,Targaryen,LORD,0088-02-18,Ironclaw,0089-01-01,Gris metálico ,0117-02-18,0117-02-18,83937.36,f,17,Jinete experimentado 
285, Vaelor Targaryen , Targaryen ,príncipe,0103-09-12,Ironclaw,0089-01-01,Gris metálico ,0141-09-12,0133-09-12,66336.75,f,11, Participó en defensa del reino 
286,Aelora Targaryen,TARGARYEN,lady,0102-04-03,Ironclaw ,0089-01-01,GRIS METÁLICO,0128-04-03,0148-04-03,38992.51,f,16,
287, Aemond Targaryen ,TARGARYEN,Príncipe,0110-02-12,Ironclaw ,0089-01-01,Gris metálico ,0138-02-12,0152-02-12,3421.65,f,11, Registro pendiente de revisión
288,Alyssa Targaryen ,targaryen,LADY,0095-06-17, Ironclaw ,0089-01-01, Gris metálico,0121-06-17,0120-06-17,10546.79,f,14,ENTRENAMIENTO MILITAR
289,Aelora Targaryen ,TARGARYEN,Lady ,0102-04-03,Ironclaw ,0089-01-01,Gris metálico ,0144-04-03,0147-04-03,65511.17,f,17,Registro pendiente de revisión 
290,Baela Targaryen ,Targaryen,Lady ,0116-09-03, Ironclaw ,0089-01-01, Gris metálico,0134-09-03,0149-09-03,43621.12,f,16,Entrenamiento militar 
291, Jaehaerys Targaryen ,targaryen,príncipe,0110-01-01, Ironclaw,0089-01-01,Gris metálico,0132-01-01,0151-01-01,62384.07,f,14, Viaje diplomático
292, Alyssa Targaryen,TARGARYEN,Lady ,0095-06-17, Ironclaw ,0089-01-01,Gris metálico ,0114-06-17,0125-06-17,22114.90,f,19,Participó en una batalla importante 
293,Daeron Targaryen,TARGARYEN,príncipe,0110-08-21, Ironclaw,0089-01-01,Gris metálico ,0144-08-21,0134-08-21,7080.11,f,17,Jinete experimentado 
294, Jacaerys Targaryen , Targaryen ,príncipe,0114-01-01,IRONCLAW,0089-01-01, Gris metálico,0146-01-01,0140-01-01,37554.49,f,0, Jinete experimentado 
295, Rhaena Targaryen , Targaryen , Lady,0116-09-03, Ironclaw ,0089-01-01,Gris metálico ,0141-09-03,0141-09-03,39299.57,f,13,Registro histórico 
296, Alyssa Targaryen ,Targaryen,lady,0095-06-17, Ironclaw,0089-01-01,Gris metálico,0115-06-17,0136-06-17,36445.25,f,7, Entrenamiento militar
297, Lucerys Targaryen, Targaryen ,Príncipe ,0115-01-01, Ironclaw ,0089-01-01, Gris metálico,0140-01-01,0141-01-01,27767.99,f,2,Mantuvo vínculos con otras casas 
298,Daeron Targaryen ,Targaryen,Príncipe ,0110-08-21, Ironclaw ,0089-01-01,GRIS METÁLICO,0146-08-21,0142-08-21,70165.11,f,6, Viaje diplomático 
299, Rhaena Targaryen , Targaryen , Lady,0116-09-03,Ironclaw ,0089-01-01,Gris metálico ,0146-09-03,0146-09-03,90195.65,f,6,PARTICIPÓ EN UNA BATALLA IMPORTANTE
300, Jacaerys Targaryen ,TARGARYEN,Príncipe ,0114-01-01,Ironclaw ,0089-01-01,GRIS METÁLICO,0156-01-01,0151-01-01,32684.23,f,5, Herido durante una expedición
301,Rhaenyra Targaryen ,Targaryen,PRINCESA,0097-03-22, Ironclaw,0089-01-01,Gris metálico,0124-03-22,0125-03-22,71172.11,f,14, Herido durante una expedición 
302, Jacaerys Targaryen ,targaryen,Príncipe ,0114-01-01, Ironclaw ,0089-01-01,Gris metálico ,0133-01-01,0143-01-01,7237.64,f,3,Viaje diplomático
303, Aenar Targaryen ,targaryen,lord,0088-02-18, Ironclaw ,0089-01-01, Gris metálico,0128-02-18,0122-02-18,50104.63,f,12,
304, Rhaena Targaryen,TARGARYEN,lady,0116-09-03,Ironclaw,0089-01-01, Gris metálico,0149-09-03,0156-09-03,30568.09,f,8,Participó en una batalla importante 
305,Viserys Targaryen ,TARGARYEN,rey,0077-01-15, Ironclaw,0089-01-01,Gris metálico ,0096-01-15,0121-01-15,78122.19,f,5,MANTUVO VÍNCULOS CON OTRAS CASAS
306,Rhaena Targaryen , Targaryen ,Lady ,0116-09-03, Ironclaw,0089-01-01,Gris metálico,0142-09-03,0139-09-03,67012.62,f,6, Mantuvo vínculos con otras casas 
307,Aemond Targaryen ,TARGARYEN,príncipe,0110-02-12, Ironclaw ,0089-01-01,Gris metálico ,0134-02-12,0150-02-12,7830.86,f,17, Registro pendiente de revisión
308,Rhaegel Targaryen , Targaryen ,Príncipe,0092-11-05,Ironclaw ,0089-01-01,GRIS METÁLICO,0117-11-05,0139-11-05,14645.19,f,17, Herido durante una expedición
309, Vaelor Targaryen , Targaryen ,Príncipe ,0103-09-12,Ironclaw ,0089-01-01,Gris metálico,0138-09-12,0150-09-12,75901.37,f,3,Mantuvo vínculos con otras casas 
310, Aenar Targaryen,Targaryen,Lord,0088-02-18, Ironclaw ,0089-01-01, Gris metálico,0129-02-18,0129-02-18,70688.15,f,9,Entrenamiento militar 
311,Helaena Targaryen,Targaryen,Princesa,0109-05-14, Ironclaw,0089-01-01,GRIS METÁLICO,0128-05-14,0155-05-14,70887.31,f,6, Mantuvo vínculos con otras casas
312,Jaehaerys Targaryen , Targaryen , Príncipe,0110-01-01,Ironclaw ,0089-01-01, Gris metálico,0139-01-01,0153-01-01,6061.66,f,6, Participó en una batalla importante
313,Maelor Targaryen,Targaryen,príncipe,0112-01-01,IRONCLAW,0089-01-01,GRIS METÁLICO,0142-01-01,0139-01-01,30959.07,f,19, Herido durante una expedición
314,Rhaegel Targaryen, Targaryen ,PRÍNCIPE,0092-11-05, Ironclaw,0089-01-01,Gris metálico ,0127-11-05,0122-11-05,78557.96,f,7,ENTRENAMIENTO MILITAR
315,Aegon Targaryen,targaryen,PRÍNCIPE,0090-04-10,Ironclaw ,0089-01-01,GRIS METÁLICO,0125-04-10,0132-04-10,12053.64,f,13,Mantuvo vínculos con otras casas 
316, Vaelor Targaryen,targaryen, Príncipe,0103-09-12,Ironclaw ,0089-01-01, Gris metálico,0140-09-12,0144-09-12,40606.77,f,6, Participó en una batalla importante 
317,Baela Targaryen ,targaryen,Lady ,0116-09-03,Ironclaw ,0089-01-01,GRIS METÁLICO,0139-09-03,0147-09-03,61788.82,f,2, Jinete experimentado
318,Daeron Targaryen , Targaryen , Príncipe,0110-08-21, Ironclaw,0089-01-01,Gris metálico ,0151-08-21,0147-08-21,33129.24,f,9, Registro histórico 
319, Aegon Targaryen ,Targaryen,Príncipe ,0090-04-10, Ironclaw ,0089-01-01,GRIS METÁLICO,0120-04-10,0133-04-10,88716.00,f,17, Mantuvo vínculos con otras casas 
320, Daemon Targaryen ,TARGARYEN,Príncipe ,0081-06-05,Ironclaw ,0089-01-01,GRIS METÁLICO,0100-06-05,0115-06-05,83568.60,f,1, Entrenamiento militar 
321,Aegon Targaryen ,Targaryen, Príncipe,0090-04-10, Ironclaw ,0089-01-01,GRIS METÁLICO,0123-04-10,0130-04-10,89006.69,f,12,Participó en defensa del reino 
322,Visenya Targaryen , Targaryen , Princesa,0091-07-20, Ironclaw ,0089-01-01,Gris metálico ,0120-07-20,0134-07-20,56455.67,f,17,Participó en defensa del reino 
323,Jaehaerys Targaryen ,TARGARYEN,PRÍNCIPE,0110-01-01,Ironclaw,0089-01-01, Gris metálico,0147-01-01,0145-01-01,85690.57,f,10, Herido durante una expedición 
324, Jacaerys Targaryen ,TARGARYEN,príncipe,0114-01-01,IRONCLAW,0089-01-01,GRIS METÁLICO,0152-01-01,0159-01-01,59896.88,f,13, Participó en defensa del reino 
325, Aelora Targaryen,Targaryen,Lady ,0102-04-03,Ironclaw,0089-01-01, Gris metálico,0121-04-03,0132-04-03,49511.64,f,17, Participó en defensa del reino 
326, Daeron Targaryen , Targaryen ,príncipe,0110-08-21, Ironclaw ,0089-01-01, Gris metálico,0133-08-21,0147-08-21,30189.79,f,4,JINETE EXPERIMENTADO
327,Aegon Targaryen,TARGARYEN,príncipe,0090-04-10,Ironclaw ,0089-01-01,GRIS METÁLICO,0116-04-10,0133-04-10,86332.90,f,2, Mantuvo vínculos con otras casas
328,Baela Targaryen ,Targaryen,lady,0116-09-03,IRONCLAW,0089-01-01,Gris metálico ,0144-09-03,0154-09-03,82561.69,f,18,ENTRENAMIENTO MILITAR
329, Aemond Targaryen ,Targaryen, Príncipe,0110-02-12, Ironclaw,0089-01-01,GRIS METÁLICO,0149-02-12,0136-02-12,34631.54,f,14,Entrenamiento militar 
330, Daemon Targaryen , Targaryen ,PRÍNCIPE,0081-06-05, Ironclaw ,0089-01-01,Gris metálico ,0101-06-05,0127-06-05,77263.77,f,15, Entrenamiento militar 
331,Maeron Targaryen ,TARGARYEN,Príncipe ,0105-10-09, Ironclaw,0089-01-01,Gris metálico,0134-10-09,0137-10-09,65018.72,f,15,Participó en defensa del reino 
332, Lucerys Targaryen ,targaryen,príncipe,0115-01-01,IRONCLAW,0089-01-01,Gris metálico ,0152-01-01,0148-01-01,18723.62,f,1, Registro histórico 
333,Helaena Targaryen , Targaryen ,princesa,0109-05-14,Ironclaw ,0089-01-01, Gris metálico,0151-05-14,0134-05-14,89395.53,f,8,
334, Rhaegel Targaryen, Targaryen , Príncipe,0092-11-05,Ironclaw ,0089-01-01, Gris metálico,0124-11-05,0138-11-05,68018.83,f,11,Mantuvo vínculos con otras casas 
335, Aenar Targaryen ,targaryen, Lord,0088-02-18,IRONCLAW,0089-01-01, Gris metálico,0129-02-18,0114-02-18,42383.36,f,1,Registro histórico 
336,Maelor Targaryen ,targaryen, Príncipe,0112-01-01,IRONCLAW,0089-01-01,Gris metálico,0134-01-01,0158-01-01,43755.43,f,18, Mantuvo vínculos con otras casas 
337, Daemon Targaryen ,TARGARYEN,príncipe,0081-06-05, Ironclaw ,0089-01-01, Gris metálico,0112-06-05,0128-06-05,52757.55,f,19,REGISTRO PENDIENTE DE REVISIÓN
338,Vaelor Targaryen ,Targaryen,príncipe,0103-09-12,Ironclaw,0089-01-01,GRIS METÁLICO,0138-09-12,0144-09-12,27050.78,f,14, Registro pendiente de revisión 
339,Daeron Targaryen,targaryen,príncipe,0110-08-21,Ironclaw ,0089-01-01,Gris metálico ,0147-08-21,0136-08-21,83245.45,f,10,
340, Aenar Targaryen, Targaryen ,Lord ,0088-02-18,Ironclaw,0089-01-01, Gris metálico,0108-02-18,0123-02-18,44294.87,f,13, Participó en defensa del reino
341,Aenar Targaryen ,Targaryen,Lord ,0088-02-18, Ironclaw,0089-01-01,GRIS METÁLICO,0126-02-18,0117-02-18,49536.20,f,9, Participó en defensa del reino
342, Rhaegel Targaryen, Targaryen ,Príncipe,0092-11-05,IRONCLAW,0089-01-01,Gris metálico ,0122-11-05,0128-11-05,47385.47,f,13, Herido durante una expedición
343, Daemon Targaryen,TARGARYEN,PRÍNCIPE,0081-06-05, Ironclaw,0089-01-01,Gris metálico ,0102-06-05,0116-06-05,67865.93,f,4, Jinete experimentado 
344,Alyssa Targaryen ,Targaryen,LADY,0095-06-17, Ironclaw,0089-01-01,GRIS METÁLICO,0122-06-17,0136-06-17,25976.05,f,10,MANTUVO VÍNCULOS CON OTRAS CASAS
345, Helaena Targaryen,Targaryen,PRINCESA,0109-05-14,IRONCLAW,0089-01-01,Gris metálico ,0139-05-14,0144-05-14,60617.73,f,18, Viaje diplomático 
346,Jacaerys Targaryen ,targaryen,PRÍNCIPE,0114-01-01,IRONCLAW,0089-01-01, Gris metálico,0142-01-01,0153-01-01,37060.50,f,17, Mantuvo vínculos con otras casas 
347, Maelor Targaryen , Targaryen , Príncipe,0112-01-01,Ironclaw ,0089-01-01,Gris metálico ,0130-01-01,0148-01-01,43623.03,f,9,Registro pendiente de revisión 
348, Aenar Targaryen,targaryen,lord,0088-02-18,Ironclaw ,0089-01-01,Gris metálico,0118-02-18,0132-02-18,38969.94,f,12,Mantuvo vínculos con otras casas
349,Rhaena Targaryen, Targaryen ,lady,0116-09-03, Ironclaw ,0089-01-01,GRIS METÁLICO,0140-09-03,0159-09-03,19383.69,f,10,
350, Rhaena Targaryen ,targaryen,LADY,0116-09-03,IRONCLAW,0089-01-01,Gris metálico,0143-09-03,0141-09-03,29888.93,f,12,Registro histórico 
351, Jacaerys Targaryen,Targaryen, Príncipe,0114-01-01, Ironclaw,0089-01-01,Gris metálico ,0148-01-01,0154-01-01,45517.97,f,0, Jinete experimentado
352,Jaehaerys Targaryen ,Targaryen,príncipe,0110-01-01, Ironclaw ,0089-01-01,GRIS METÁLICO,0141-01-01,0145-01-01,20008.64,f,7,JINETE EXPERIMENTADO
353, Helaena Targaryen,TARGARYEN,princesa,0109-05-14, Ironclaw,0089-01-01,GRIS METÁLICO,0148-05-14,0156-05-14,84181.51,f,13,Herido durante una expedición 
354,Vaelor Targaryen , Targaryen ,príncipe,0103-09-12, Ironclaw ,0089-01-01, Gris metálico,0136-09-12,0149-09-12,69474.24,f,11, Registro histórico 
355,Rhaenyra Targaryen ,Targaryen,Princesa ,0097-03-22,Ironclaw ,0089-01-01, Gris metálico,0117-03-22,0123-03-22,69304.66,f,10, Viaje diplomático
356, Daeron Targaryen ,targaryen,Príncipe ,0110-08-21, Ironclaw ,0089-01-01,Gris metálico ,0141-08-21,0141-08-21,52285.78,f,9,Viaje diplomático 
357, Jacaerys Targaryen,Targaryen, Príncipe,0114-01-01,IRONCLAW,0089-01-01,Gris metálico ,0142-01-01,0142-01-01,66036.50,f,8,Herido durante una expedición
358, Daemon Targaryen ,Targaryen,Príncipe,0081-06-05, Ironclaw,0089-01-01,Gris metálico ,0111-06-05,0122-06-05,20826.11,f,8,Participó en defensa del reino 
359, Maeron Targaryen ,Targaryen,Príncipe ,0105-10-09,IRONCLAW,0089-01-01,Gris metálico ,0124-10-09,0142-10-09,53389.40,f,5, Participó en defensa del reino 
360, Visenya Targaryen , Targaryen ,Princesa,0091-07-20,IRONCLAW,0089-01-01,GRIS METÁLICO,0111-07-20,0125-07-20,7477.01,f,13, Registro pendiente de revisión 
361, Vaelor Targaryen , Targaryen , Príncipe,0103-09-12, Ironclaw,0089-01-01,Gris metálico ,0128-09-12,0149-09-12,26676.11,f,17, Mantuvo vínculos con otras casas
362,Vaelor Targaryen,Targaryen, Príncipe,0103-09-12,Ironclaw ,0089-01-01,Gris metálico ,0136-09-12,0134-09-12,49049.17,f,12,Herido durante una expedición 
363, Baela Targaryen, Targaryen ,Lady ,0116-09-03, Ironclaw,0089-01-01,Gris metálico ,0136-09-03,0150-09-03,87486.76,f,19, Participó en una batalla importante 
364, Aegon Targaryen ,Targaryen,PRÍNCIPE,0090-04-10,Ironclaw,0089-01-01,GRIS METÁLICO,0121-04-10,0137-04-10,32002.10,f,4, Jinete experimentado
365, Daemon Targaryen ,Targaryen,Príncipe ,0081-06-05, Ironclaw ,0089-01-01,Gris metálico ,0121-06-05,0126-06-05,88247.70,f,1,Participó en una batalla importante 
366,Lucerys Targaryen ,TARGARYEN,Príncipe ,0115-01-01, Ironclaw,0089-01-01,Gris metálico ,0145-01-01,0154-01-01,80040.62,f,6, Viaje diplomático
367,Alyssa Targaryen ,Targaryen,lady,0095-06-17,Ironclaw ,0089-01-01,GRIS METÁLICO,0130-06-17,0123-06-17,20723.40,f,17,Viaje diplomático 
368, Rhaegel Targaryen ,Targaryen,Príncipe ,0092-11-05, Ironclaw ,0089-01-01,GRIS METÁLICO,0124-11-05,0128-11-05,59792.21,f,10,MANTUVO VÍNCULOS CON OTRAS CASAS
369,Aegon Targaryen,Targaryen,príncipe,0090-04-10,Ironclaw ,0089-01-01,Gris metálico ,0119-04-10,0117-04-10,87605.69,f,12, Viaje diplomático 
370,Rhaegel Targaryen,Targaryen,PRÍNCIPE,0092-11-05,IRONCLAW,0089-01-01,GRIS METÁLICO,0118-11-05,0128-11-05,55939.83,f,12, Mantuvo vínculos con otras casas 
371,Helaena Targaryen,targaryen,princesa,0109-05-14,IRONCLAW,0089-01-01,GRIS METÁLICO,0134-05-14,0133-05-14,51801.46,f,11, Participó en una batalla importante 
372,Baela Targaryen , Targaryen ,Lady,0116-09-03, Ironclaw,0089-01-01,Gris metálico,0151-09-03,0155-09-03,69389.67,f,3,Jinete experimentado 
373, Viserys Targaryen ,TARGARYEN,REY,0077-01-15,Ironclaw ,0089-01-01,Gris metálico ,0095-01-15,0120-01-15,75795.00,f,1,Registro histórico 
374, Maeron Targaryen ,TARGARYEN,príncipe,0105-10-09, Ironclaw ,0089-01-01, Gris metálico,0131-10-09,0151-10-09,26737.37,f,6,HERIDO DURANTE UNA EXPEDICIÓN
375,Rhaenyra Targaryen, Targaryen ,princesa,0097-03-22, Ironclaw ,0089-01-01, Gris metálico,0128-03-22,0144-03-22,59309.70,f,12, Herido durante una expedición
376,Maeron Targaryen ,Targaryen,PRÍNCIPE,0105-10-09, Ironclaw,0089-01-01,GRIS METÁLICO,0131-10-09,0131-10-09,55110.76,f,17,
377,Vaelor Targaryen , Targaryen ,PRÍNCIPE,0103-09-12,Ironclaw ,0089-01-01,Gris metálico,0124-09-12,0150-09-12,82021.24,f,6, Jinete experimentado
378, Aegon Targaryen ,TARGARYEN,príncipe,0090-04-10, Ironclaw,0089-01-01,Gris metálico ,0130-04-10,0133-04-10,62554.57,f,6, Registro histórico 
379, Lucerys Targaryen,Targaryen,príncipe,0115-01-01,Ironclaw ,0089-01-01,Gris metálico,0147-01-01,0139-01-01,26725.01,f,3,
380,Visenya Targaryen , Targaryen , Princesa,0091-07-20, Ironclaw ,0089-01-01,GRIS METÁLICO,0127-07-20,0133-07-20,70047.69,f,2,Mantuvo vínculos con otras casas 
381,Maeron Targaryen , Targaryen , Príncipe,0105-10-09, Ironclaw ,0089-01-01, Gris metálico,0143-10-09,0135-10-09,20459.76,f,12,Entrenamiento militar 
382, Visenya Targaryen ,targaryen,Princesa,0091-07-20,IRONCLAW,0089-01-01,GRIS METÁLICO,0111-07-20,0131-07-20,81191.13,f,14, Participó en una batalla importante
383,Aenar Targaryen ,Targaryen,lord,0088-02-18,Ironclaw ,0089-01-01, Gris metálico,0126-02-18,0115-02-18,59163.76,f,5, Mantuvo vínculos con otras casas
384, Daemon Targaryen, Targaryen , Príncipe,0081-06-05,Ironclaw ,0089-01-01,Gris metálico,0100-06-05,0105-06-05,20352.65,f,0, Participó en defensa del reino 
385,Lucerys Targaryen,targaryen,Príncipe,0115-01-01, Ironclaw ,0089-01-01,Gris metálico ,0134-01-01,0143-01-01,32523.72,f,17, Entrenamiento militar
386,Helaena Targaryen , Targaryen , Princesa,0109-05-14,Ironclaw ,0089-01-01,Gris metálico ,0143-05-14,0133-05-14,21778.53,f,0,PARTICIPÓ EN UNA BATALLA IMPORTANTE
387,Rhaena Targaryen,Targaryen, Lady,0116-09-03, Ironclaw,0089-01-01,Gris metálico ,0135-09-03,0163-09-03,22830.04,f,2, Viaje diplomático
388,Jacaerys Targaryen ,TARGARYEN,PRÍNCIPE,0114-01-01,Ironclaw ,0089-01-01,Gris metálico ,0140-01-01,0141-01-01,21669.19,f,3, Viaje diplomático
389, Jaehaerys Targaryen,Targaryen,príncipe,0110-01-01, Ironclaw,0089-01-01, Gris metálico,0134-01-01,0156-01-01,55094.57,f,18, Registro pendiente de revisión
390,Lucerys Targaryen , Targaryen , Príncipe,0115-01-01,Ironclaw ,0089-01-01, Gris metálico,0144-01-01,0149-01-01,78054.22,f,4, Participó en defensa del reino 
391,Lucerys Targaryen ,Targaryen,príncipe,0115-01-01,Ironclaw ,0089-01-01,GRIS METÁLICO,0138-01-01,0154-01-01,89191.34,f,10, Participó en una batalla importante
392, Jacaerys Targaryen,Targaryen,PRÍNCIPE,0114-01-01, Ironclaw ,0089-01-01,Gris metálico ,0138-01-01,0151-01-01,18647.83,f,1, Viaje diplomático 
393,Rhaegel Targaryen,targaryen,PRÍNCIPE,0092-11-05,Ironclaw ,0089-01-01,Gris metálico ,0132-11-05,0119-11-05,2492.15,f,13,Registro pendiente de revisión 
394,Daeron Targaryen,targaryen,príncipe,0110-08-21,Ironclaw ,0089-01-01,Gris metálico ,0139-08-21,0135-08-21,80750.76,f,5,Herido durante una expedición 
395, Vaelor Targaryen , Targaryen , Príncipe,0103-09-12,Ironclaw,0089-01-01,Gris metálico,0123-09-12,0140-09-12,17572.61,f,16,PARTICIPÓ EN DEFENSA DEL REINO
396, Helaena Targaryen,TARGARYEN,princesa,0109-05-14,IRONCLAW,0089-01-01,Gris metálico,0145-05-14,0134-05-14,42992.68,f,11,HERIDO DURANTE UNA EXPEDICIÓN
397, Baela Targaryen,targaryen, Lady,0116-09-03, Ironclaw ,0089-01-01, Gris metálico,0144-09-03,0157-09-03,12268.52,f,2,Viaje diplomático 
398,Jaehaerys Targaryen,targaryen,príncipe,0110-01-01, Ironclaw ,0089-01-01,Gris metálico ,0138-01-01,0144-01-01,22085.21,f,12,
399, Vaelor Targaryen,TARGARYEN, Príncipe,0103-09-12, Ironclaw,0089-01-01,Gris metálico ,0127-09-12,0127-09-12,28478.33,f,12,Mantuvo vínculos con otras casas 
400,Maeron Targaryen ,Targaryen,príncipe,0105-10-09, Ironclaw,0089-01-01,Gris metálico ,0125-10-09,0134-10-09,16178.54,f,19,Participó en defensa del reino 
401, Maeron Targaryen ,Targaryen, Príncipe,0105-10-09, Ironclaw,0089-01-01,Gris metálico ,0146-10-09,0130-10-09,83682.92,f,12, Jinete experimentado
402,Lucerys Targaryen , Targaryen ,PRÍNCIPE,0115-01-01,Ironclaw ,0089-01-01, Gris metálico,0155-01-01,0146-01-01,75607.89,f,9, Registro histórico 
403,Baela Targaryen ,Targaryen, Lady,0116-09-03, Ironclaw,0089-01-01, Gris metálico,0146-09-03,0158-09-03,35785.60,f,3, Entrenamiento militar
404,Aenar Targaryen ,Targaryen,Lord,0088-02-18,Ironclaw ,0089-01-01,GRIS METÁLICO,0127-02-18,0116-02-18,71931.64,f,10, Registro pendiente de revisión 
405,Vaelor Targaryen ,Targaryen,príncipe,0103-09-12, Ironclaw ,0089-01-01,GRIS METÁLICO,0137-09-12,0132-09-12,75362.96,f,10, Herido durante una expedición
406,Baela Targaryen ,TARGARYEN,lady,0116-09-03,Ironclaw ,0089-01-01,Gris metálico,0144-09-03,0144-09-03,15517.11,f,12,REGISTRO PENDIENTE DE REVISIÓN
407,Vaelor Targaryen ,targaryen,Príncipe ,0103-09-12, Ironclaw ,0089-01-01,GRIS METÁLICO,0132-09-12,0149-09-12,16033.81,f,1, Registro pendiente de revisión 
408,Aenar Targaryen,Targaryen, Lord,0088-02-18,Ironclaw ,0089-01-01,Gris metálico ,0127-02-18,0133-02-18,71424.77,f,3,Entrenamiento militar 
409, Daeron Targaryen ,Targaryen,príncipe,0110-08-21,Ironclaw ,0089-01-01,Gris metálico ,0129-08-21,0146-08-21,83403.64,f,4, Jinete experimentado 
410, Daemon Targaryen,Targaryen,PRÍNCIPE,0081-06-05,IRONCLAW,0089-01-01,Gris metálico,0119-06-05,0123-06-05,40555.37,f,9,Viaje diplomático
411,Aenar Targaryen , Targaryen ,lord,0088-02-18,Ironclaw ,0089-01-01, Gris metálico,0118-02-18,0130-02-18,14124.82,f,1,Registro pendiente de revisión 
412, Rhaenyra Targaryen, Targaryen , Princesa,0097-03-22, Ironclaw,0089-01-01,Gris metálico ,0128-03-22,0126-03-22,19667.17,f,2,Entrenamiento militar 
413, Visenya Targaryen,targaryen,PRINCESA,0091-07-20, Ironclaw,0089-01-01,Gris metálico,0131-07-20,0118-07-20,68876.83,f,3,Viaje diplomático
414,Daemon Targaryen ,Targaryen,príncipe,0081-06-05, Ironclaw,0089-01-01,Gris metálico,0123-06-05,0120-06-05,3256.82,f,9,Jinete experimentado 
415, Baela Targaryen,targaryen,LADY,0116-09-03,Ironclaw ,0089-01-01, Gris metálico,0138-09-03,0155-09-03,11191.84,f,4,Participó en una batalla importante 
416,Rhaegel Targaryen,targaryen,Príncipe ,0092-11-05,Ironclaw ,0089-01-01, Gris metálico,0122-11-05,0128-11-05,1311.12,f,0,PARTICIPÓ EN UNA BATALLA IMPORTANTE
417, Alyssa Targaryen,targaryen, Lady,0095-06-17, Ironclaw,0089-01-01,Gris metálico ,0116-06-17,0119-06-17,14165.79,f,11,Registro histórico 
418, Daemon Targaryen,Targaryen,príncipe,0081-06-05, Ironclaw,0089-01-01, Gris metálico,0110-06-05,0106-06-05,76563.10,f,18,PARTICIPÓ EN DEFENSA DEL REINO
419,Visenya Targaryen, Targaryen , Princesa,0091-07-20,Ironclaw ,0089-01-01,GRIS METÁLICO,0115-07-20,0118-07-20,9091.40,f,2,Herido durante una expedición 
420,Aemond Targaryen,targaryen,Príncipe,0110-02-12,IRONCLAW,0089-01-01, Gris metálico,0140-02-12,0139-02-12,36980.70,f,12,Participó en defensa del reino 
421,Aenar Targaryen ,targaryen,lord,0088-02-18,IRONCLAW,0089-01-01,GRIS METÁLICO,0107-02-18,0116-02-18,63694.75,f,17,Jinete experimentado
422, Rhaegel Targaryen , Targaryen ,Príncipe,0092-11-05,Ironclaw ,0089-01-01,GRIS METÁLICO,0119-11-05,0130-11-05,60911.12,f,8,Jinete experimentado 
423,Visenya Targaryen , Targaryen ,princesa,0091-07-20,Ironclaw,0089-01-01, Gris metálico,0109-07-20,0122-07-20,34607.70,f,9,Mantuvo vínculos con otras casas 
424,Aenar Targaryen,TARGARYEN,Lord ,0088-02-18,IRONCLAW,0089-01-01, Gris metálico,0118-02-18,0111-02-18,30211.96,f,19,
425, Visenya Targaryen,targaryen, Princesa,0091-07-20,Ironclaw,0089-01-01, Gris metálico,0112-07-20,0116-07-20,17634.25,f,10,Herido durante una expedición 
426,Rhaegel Targaryen ,Targaryen,príncipe,0092-11-05,Ironclaw ,0089-01-01, Gris metálico,0115-11-05,0120-11-05,46376.60,f,19,Mantuvo vínculos con otras casas 
427, Jacaerys Targaryen , Targaryen ,PRÍNCIPE,0114-01-01, Ironclaw ,0089-01-01,Gris metálico ,0139-01-01,0141-01-01,24760.35,f,5, Jinete experimentado 
428,Jaehaerys Targaryen ,Targaryen,PRÍNCIPE,0110-01-01,Ironclaw,0089-01-01,GRIS METÁLICO,0134-01-01,0139-01-01,49817.21,f,18,REGISTRO PENDIENTE DE REVISIÓN
429, Visenya Targaryen ,TARGARYEN,Princesa ,0091-07-20, Ironclaw ,0089-01-01,GRIS METÁLICO,0129-07-20,0136-07-20,39722.71,f,8, Registro histórico 
430,Viserys Targaryen , Targaryen ,rey,0077-01-15, Ironclaw ,0089-01-01, Gris metálico,0110-01-15,0110-01-15,2953.18,f,16,
431,Rhaena Targaryen,Targaryen,lady,0116-09-03,Ironclaw ,0089-01-01,Gris metálico,0144-09-03,0153-09-03,71467.24,f,7, Herido durante una expedición 
432, Rhaenyra Targaryen,Targaryen,princesa,0097-03-22, Ironclaw ,0089-01-01,Gris metálico,0130-03-22,0138-03-22,84844.58,f,8,
433,Baela Targaryen,TARGARYEN, Lady,0116-09-03,Ironclaw,0089-01-01, Gris metálico,0150-09-03,0145-09-03,61666.59,f,1, Jinete experimentado 
434, Maeron Targaryen ,targaryen,Príncipe ,0105-10-09,Ironclaw ,0089-01-01,Gris metálico ,0136-10-09,0144-10-09,17293.52,f,7, Participó en una batalla importante 
435, Aelora Targaryen ,targaryen,lady,0102-04-03, Ironclaw,0089-01-01,Gris metálico ,0128-04-03,0130-04-03,79198.18,f,10,Participó en una batalla importante 
436, Helaena Targaryen ,Targaryen,princesa,0109-05-14,Ironclaw ,0089-01-01, Gris metálico,0146-05-14,0147-05-14,4016.88,f,4, Viaje diplomático 
437,Baela Targaryen ,TARGARYEN, Lady,0116-09-03, Ironclaw,0089-01-01, Gris metálico,0146-09-03,0153-09-03,48780.37,f,7, Mantuvo vínculos con otras casas 
438, Rhaena Targaryen ,targaryen,Lady,0116-09-03,Ironclaw ,0089-01-01,GRIS METÁLICO,0140-09-03,0160-09-03,29740.34,f,11, Herido durante una expedición 
439, Vaelor Targaryen ,targaryen,príncipe,0103-09-12,Ironclaw ,0089-01-01,GRIS METÁLICO,0127-09-12,0137-09-12,79340.29,f,13,Registro histórico 
440,Helaena Targaryen , Targaryen ,Princesa,0109-05-14, Ironclaw ,0089-01-01,Gris metálico ,0146-05-14,0149-05-14,82402.99,f,15,Registro pendiente de revisión 
441, Jacaerys Targaryen ,targaryen,príncipe,0114-01-01,IRONCLAW,0089-01-01,Gris metálico ,0155-01-01,0137-01-01,3992.14,f,17, Mantuvo vínculos con otras casas
442, Aenar Targaryen,TARGARYEN, Lord,0088-02-18,IRONCLAW,0089-01-01,Gris metálico ,0127-02-18,0131-02-18,47541.41,f,11,Entrenamiento militar 
443, Maeron Targaryen ,TARGARYEN, Príncipe,0105-10-09, Ironclaw,0089-01-01,GRIS METÁLICO,0126-10-09,0147-10-09,58592.22,f,9, Mantuvo vínculos con otras casas
444,Jaehaerys Targaryen ,TARGARYEN,príncipe,0110-01-01, Ironclaw ,0089-01-01,GRIS METÁLICO,0131-01-01,0146-01-01,9729.58,f,12, Registro pendiente de revisión 
445, Daemon Targaryen, Targaryen ,PRÍNCIPE,0081-06-05, Ironclaw ,0089-01-01,GRIS METÁLICO,0113-06-05,0124-06-05,27138.00,f,12, Participó en una batalla importante 
446, Daeron Targaryen,Targaryen,príncipe,0110-08-21, Ironclaw ,0089-01-01,GRIS METÁLICO,0131-08-21,0147-08-21,40524.23,f,17, Viaje diplomático 
447, Rhaenyra Targaryen ,Targaryen, Princesa,0097-03-22, Ironclaw,0089-01-01,GRIS METÁLICO,0132-03-22,0140-03-22,2512.88,f,17,Viaje diplomático 
448, Daemon Targaryen,targaryen, Príncipe,0081-06-05, Ironclaw ,0089-01-01,Gris metálico,0116-06-05,0125-06-05,44969.46,f,8, Participó en una batalla importante 
449,Viserys Targaryen ,Targaryen,REY,0077-01-15, Ironclaw ,0089-01-01, Gris metálico,0111-01-15,0100-01-15,14537.50,f,5, Mantuvo vínculos con otras casas 
450,Rhaenyra Targaryen ,Targaryen,princesa,0097-03-22, Ironclaw,0089-01-01,Gris metálico ,0137-03-22,0134-03-22,75465.21,f,2,Entrenamiento militar 
451, Maeron Targaryen ,TARGARYEN,PRÍNCIPE,0105-10-09, Ironclaw ,0089-01-01, Gris metálico,0142-10-09,0150-10-09,71930.67,f,16, Herido durante una expedición 
452,Maeron Targaryen ,Targaryen, Príncipe,0105-10-09, Ironclaw ,0089-01-01,Gris metálico,0129-10-09,0131-10-09,3435.84,f,4,Mantuvo vínculos con otras casas 
453, Lucerys Targaryen,targaryen, Príncipe,0115-01-01, Ironclaw,0089-01-01,GRIS METÁLICO,0148-01-01,0143-01-01,12538.75,f,3,
454,Daemon Targaryen ,targaryen,príncipe,0081-06-05, Ironclaw ,0089-01-01,Gris metálico ,0119-06-05,0125-06-05,82232.60,f,19, Viaje diplomático 
455, Alyssa Targaryen,targaryen,lady,0095-06-17,Ironclaw ,0089-01-01,GRIS METÁLICO,0125-06-17,0139-06-17,22557.89,f,13,REGISTRO HISTÓRICO
456,Aegon Targaryen,Targaryen,príncipe,0090-04-10,Ironclaw ,0089-01-01,GRIS METÁLICO,0126-04-10,0137-04-10,72257.98,f,8,MANTUVO VÍNCULOS CON OTRAS CASAS
457, Maelor Targaryen,TARGARYEN, Príncipe,0112-01-01,IRONCLAW,0089-01-01,Gris metálico ,0144-01-01,0140-01-01,27459.59,f,4, Mantuvo vínculos con otras casas
458,Alyssa Targaryen,TARGARYEN,lady,0095-06-17, Ironclaw ,0089-01-01,GRIS METÁLICO,0131-06-17,0130-06-17,52669.28,f,14,Viaje diplomático
459,Aemond Targaryen,TARGARYEN,Príncipe,0110-02-12, Ironclaw,0089-01-01,Gris metálico ,0141-02-12,0151-02-12,72982.67,f,15, Mantuvo vínculos con otras casas
460,Visenya Targaryen, Targaryen ,PRINCESA,0091-07-20,Ironclaw,0089-01-01,GRIS METÁLICO,0118-07-20,0132-07-20,87382.57,f,14,Entrenamiento militar 
461, Aelora Targaryen ,Targaryen, Lady,0102-04-03, Ironclaw ,0089-01-01, Gris metálico,0132-04-03,0136-04-03,32984.23,f,8, Mantuvo vínculos con otras casas 
462, Helaena Targaryen,TARGARYEN,princesa,0109-05-14, Ironclaw,0089-01-01,Gris metálico ,0130-05-14,0132-05-14,72336.70,f,15,Registro pendiente de revisión 
463, Rhaenyra Targaryen,Targaryen,PRINCESA,0097-03-22,Ironclaw,0089-01-01,Gris metálico ,0138-03-22,0135-03-22,67130.61,f,10,Jinete experimentado 
464,Lucerys Targaryen,Targaryen,príncipe,0115-01-01,IRONCLAW,0089-01-01,GRIS METÁLICO,0153-01-01,0158-01-01,83153.10,f,2,VIAJE DIPLOMÁTICO
465, Daeron Targaryen,targaryen,PRÍNCIPE,0110-08-21,Ironclaw ,0089-01-01,GRIS METÁLICO,0148-08-21,0139-08-21,56897.09,f,10, Mantuvo vínculos con otras casas
466,Rhaegel Targaryen, Targaryen ,príncipe,0092-11-05,Ironclaw ,0089-01-01, Gris metálico,0113-11-05,0122-11-05,33986.98,f,3, Entrenamiento militar 
467,Aenar Targaryen , Targaryen ,Lord,0088-02-18,IRONCLAW,0089-01-01, Gris metálico,0121-02-18,0123-02-18,88787.18,f,8,Entrenamiento militar 
468, Baela Targaryen ,TARGARYEN,Lady ,0116-09-03,Ironclaw ,0089-01-01, Gris metálico,0142-09-03,0141-09-03,67447.80,f,13,HERIDO DURANTE UNA EXPEDICIÓN
469, Viserys Targaryen, Targaryen ,rey,0077-01-15, Ironclaw,0089-01-01,Gris metálico,0104-01-15,0100-01-15,57349.74,f,13, Jinete experimentado 
470, Alyssa Targaryen ,TARGARYEN, Lady,0095-06-17, Ironclaw ,0089-01-01,Gris metálico ,0116-06-17,0141-06-17,25206.99,f,10,Registro histórico 
471,Rhaena Targaryen,Targaryen,lady,0116-09-03,IRONCLAW,0089-01-01,GRIS METÁLICO,0150-09-03,0139-09-03,88070.01,f,9,Participó en defensa del reino
472,Aenar Targaryen, Targaryen , Lord,0088-02-18,Ironclaw ,0089-01-01,Gris metálico ,0128-02-18,0131-02-18,62799.35,f,17,Herido durante una expedición 
473,Rhaena Targaryen , Targaryen , Lady,0116-09-03, Ironclaw,0089-01-01,Gris metálico ,0142-09-03,0154-09-03,50871.89,f,6, Viaje diplomático 
474, Lucerys Targaryen , Targaryen ,Príncipe ,0115-01-01, Ironclaw ,0089-01-01,Gris metálico ,0156-01-01,0161-01-01,25922.38,f,15, Viaje diplomático
475, Lucerys Targaryen,targaryen,Príncipe ,0115-01-01,Ironclaw,0089-01-01,GRIS METÁLICO,0142-01-01,0159-01-01,5644.07,f,15, Entrenamiento militar
476,Daemon Targaryen ,targaryen, Príncipe,0081-06-05, Ironclaw ,0089-01-01,Gris metálico ,0122-06-05,0111-06-05,13929.49,f,10, Mantuvo vínculos con otras casas 
477,Rhaegel Targaryen ,targaryen,príncipe,0092-11-05, Ironclaw,0089-01-01,Gris metálico,0130-11-05,0139-11-05,7910.19,f,1, Participó en defensa del reino 
478,Jaehaerys Targaryen ,TARGARYEN,PRÍNCIPE,0110-01-01, Ironclaw,0089-01-01, Gris metálico,0133-01-01,0157-01-01,42758.40,f,7, Mantuvo vínculos con otras casas
479,Rhaena Targaryen,targaryen,Lady,0116-09-03, Ironclaw,0089-01-01, Gris metálico,0137-09-03,0145-09-03,83555.98,f,1, Jinete experimentado 
480, Rhaena Targaryen,Targaryen, Lady,0116-09-03, Ironclaw,0089-01-01,GRIS METÁLICO,0154-09-03,0144-09-03,15217.01,f,8,Registro pendiente de revisión 
481, Visenya Targaryen ,TARGARYEN,PRINCESA,0091-07-20,IRONCLAW,0089-01-01,GRIS METÁLICO,0115-07-20,0134-07-20,17594.48,f,6,Registro histórico
482,Jacaerys Targaryen,targaryen,PRÍNCIPE,0114-01-01, Ironclaw ,0089-01-01,Gris metálico ,0140-01-01,0139-01-01,53785.14,f,5,Participó en una batalla importante 
483, Lucerys Targaryen, Targaryen , Príncipe,0115-01-01,Ironclaw,0089-01-01,GRIS METÁLICO,0149-01-01,0155-01-01,82395.39,f,1, Registro pendiente de revisión
484, Rhaegel Targaryen,TARGARYEN, Príncipe,0092-11-05, Ironclaw ,0089-01-01, Gris metálico,0127-11-05,0124-11-05,34389.17,f,5,Herido durante una expedición
485,Aelora Targaryen ,Targaryen,LADY,0102-04-03,IRONCLAW,0089-01-01, Gris metálico,0143-04-03,0133-04-03,50344.76,f,7, Herido durante una expedición
486, Jaehaerys Targaryen, Targaryen ,príncipe,0110-01-01,Ironclaw ,0089-01-01,Gris metálico,0152-01-01,0143-01-01,73824.80,f,12, Registro histórico 
487, Daeron Targaryen , Targaryen ,príncipe,0110-08-21,IRONCLAW,0089-01-01,Gris metálico ,0138-08-21,0139-08-21,11231.88,f,1,Registro histórico 
488,Baela Targaryen,Targaryen,lady,0116-09-03,Ironclaw ,0089-01-01,Gris metálico,0136-09-03,0139-09-03,44915.61,f,8, Mantuvo vínculos con otras casas 
489,Rhaena Targaryen ,Targaryen,Lady,0116-09-03, Ironclaw ,0089-01-01,Gris metálico,0150-09-03,0155-09-03,79342.10,f,4,Entrenamiento militar 
490, Jaehaerys Targaryen,targaryen,príncipe,0110-01-01,Ironclaw ,0089-01-01,Gris metálico ,0134-01-01,0138-01-01,62102.64,f,0, Jinete experimentado 
491,Jacaerys Targaryen , Targaryen ,PRÍNCIPE,0114-01-01, Ironclaw ,0089-01-01,Gris metálico ,0154-01-01,0143-01-01,39500.35,f,2,Registro pendiente de revisión 
492, Aenar Targaryen,Targaryen,Lord ,0088-02-18, Ironclaw,0089-01-01,GRIS METÁLICO,0127-02-18,0125-02-18,62314.87,f,14,REGISTRO HISTÓRICO
493, Aenar Targaryen,Targaryen,LORD,0088-02-18, Ironclaw,0089-01-01, Gris metálico,0116-02-18,0115-02-18,41427.88,f,18, Jinete experimentado 
494,Helaena Targaryen , Targaryen ,princesa,0109-05-14, Ironclaw,0089-01-01,Gris metálico ,0135-05-14,0134-05-14,83378.01,f,16,
495, Viserys Targaryen ,TARGARYEN, Rey,0077-01-15, Ironclaw ,0089-01-01,Gris metálico ,0107-01-15,0105-01-15,27431.48,f,5, Viaje diplomático 
496, Jaehaerys Targaryen ,Targaryen, Príncipe,0110-01-01, Ironclaw ,0089-01-01,Gris metálico ,0142-01-01,0147-01-01,87049.31,f,6,HERIDO DURANTE UNA EXPEDICIÓN
497,Lucerys Targaryen, Targaryen ,príncipe,0115-01-01, Ironclaw,0089-01-01,Gris metálico ,0147-01-01,0139-01-01,86487.62,f,14,VIAJE DIPLOMÁTICO
498, Helaena Targaryen , Targaryen ,PRINCESA,0109-05-14,Ironclaw ,0089-01-01,GRIS METÁLICO,0136-05-14,0132-05-14,68174.71,f,1, Entrenamiento militar
499, Aegon Targaryen,targaryen,príncipe,0090-04-10, Ironclaw ,0089-01-01,Gris metálico ,0112-04-10,0132-04-10,24510.61,f,11, Viaje diplomático 
500, Rhaenyra Targaryen ,Targaryen, Princesa,0097-03-22, Ironclaw ,0089-01-01,GRIS METÁLICO,0120-03-22,0143-03-22,86493.60,f,1, Entrenamiento militar 
501,Maelor Targaryen ,Targaryen,Príncipe ,0112-01-01,Ironclaw ,0089-01-01,Gris metálico ,0152-01-01,0150-01-01,60800.36,f,10, Mantuvo vínculos con otras casas 
103,Alyssa Targaryen , Targaryen,lady,0095-06-17, Ironclaw,0089-01-01,Gris metálico ,0126-06-17,0123-06-17,2700.45,f,18,
502, Vaelor Targaryen ,targaryen,PRÍNCIPE,0103-09-12, Ironclaw ,0089-01-01,Gris metálico ,0140-09-12,0144-09-12,61252.74,f,19,Entrenamiento militar 
503,Visenya Targaryen , Targaryen ,PRINCESA,0091-07-20, Ironclaw ,0089-01-01,Gris metálico ,0132-07-20,0135-07-20,48560.52,f,13,Registro histórico 
504, Viserys Targaryen,Targaryen,Rey,0077-01-15,Ironclaw ,0089-01-01,Gris metálico,0101-01-15,0107-01-15,49346.14,f,15,Herido durante una expedición 
505,Alyssa Targaryen,Targaryen,Lady ,0095-06-17,Ironclaw ,0089-01-01, Gris metálico,0118-06-17,0141-06-17,35816.03,f,15,Registro histórico 
506,Daeron Targaryen ,TARGARYEN,Príncipe,0110-08-21,Ironclaw ,0089-01-01,Gris metálico ,0131-08-21,0149-08-21,16736.96,f,5,Mantuvo vínculos con otras casas 
507,Rhaegel Targaryen,Targaryen,príncipe,0092-11-05, Ironclaw ,0089-01-01, Gris metálico,0128-11-05,0116-11-05,11696.68,f,10,Entrenamiento militar 
508, Jaehaerys Targaryen ,targaryen, Príncipe,0110-01-01,Ironclaw,0089-01-01,Gris metálico ,0131-01-01,0137-01-01,25099.44,f,3,Herido durante una expedición 
509, Lucerys Targaryen ,targaryen,PRÍNCIPE,0115-01-01, Ironclaw ,0089-01-01,Gris metálico ,0137-01-01,0151-01-01,23841.27,f,11, Mantuvo vínculos con otras casas
510, Jacaerys Targaryen,TARGARYEN, Príncipe,0114-01-01,Ironclaw ,0089-01-01,Gris metálico ,0143-01-01,0142-01-01,9975.25,f,2,Participó en defensa del reino
511, Rhaegel Targaryen,targaryen,Príncipe,0092-11-05, Ironclaw,0089-01-01, Gris metálico,0131-11-05,0123-11-05,8485.35,f,17,PARTICIPÓ EN UNA BATALLA IMPORTANTE
512,Jaehaerys Targaryen,targaryen,PRÍNCIPE,0110-01-01,Ironclaw ,0089-01-01,GRIS METÁLICO,0128-01-01,0149-01-01,62399.35,f,2,Mantuvo vínculos con otras casas 
513, Helaena Targaryen,targaryen,PRINCESA,0109-05-14,Ironclaw,0089-01-01,GRIS METÁLICO,0128-05-14,0139-05-14,40035.13,f,12,JINETE EXPERIMENTADO
514,Vaelor Targaryen,Targaryen,Príncipe ,0103-09-12,Ironclaw ,0089-01-01,Gris metálico,0142-09-12,0137-09-12,22595.30,f,5, Entrenamiento militar
515, Daeron Targaryen , Targaryen ,PRÍNCIPE,0110-08-21,Ironclaw ,0089-01-01,Gris metálico ,0140-08-21,0143-08-21,71876.51,f,15, Registro pendiente de revisión
516, Aemond Targaryen,targaryen,príncipe,0110-02-12, Ironclaw ,0089-01-01,Gris metálico ,0144-02-12,0156-02-12,87858.64,f,9,
517,Daeron Targaryen , Targaryen ,Príncipe ,0110-08-21,Ironclaw,0089-01-01,GRIS METÁLICO,0137-08-21,0136-08-21,28868.43,f,4,
518,Aemond Targaryen , Targaryen ,Príncipe ,0110-02-12, Ironclaw ,0089-01-01,GRIS METÁLICO,0137-02-12,0141-02-12,17533.95,f,17, Registro pendiente de revisión
519,Alyssa Targaryen ,targaryen,LADY,0095-06-17, Ironclaw ,0089-01-01,GRIS METÁLICO,0117-06-17,0138-06-17,84326.02,f,13, Entrenamiento militar
520,Visenya Targaryen, Targaryen ,princesa,0091-07-20,Ironclaw ,0089-01-01, Gris metálico,0126-07-20,0138-07-20,24466.99,f,5,Registro pendiente de revisión
521,Aelora Targaryen,TARGARYEN, Lady,0102-04-03,IRONCLAW,0089-01-01,Gris metálico ,0123-04-03,0129-04-03,68419.38,f,11,REGISTRO PENDIENTE DE REVISIÓN
522, Daemon Targaryen , Targaryen ,príncipe,0081-06-05,IRONCLAW,0089-01-01,GRIS METÁLICO,0114-06-05,0124-06-05,48581.38,f,10, Registro histórico 
523,Daeron Targaryen, Targaryen ,príncipe,0110-08-21,Ironclaw ,0089-01-01,Gris metálico ,0147-08-21,0143-08-21,55390.19,f,8, Participó en defensa del reino 
524,Daemon Targaryen ,targaryen,Príncipe ,0081-06-05,Ironclaw ,0089-01-01,Gris metálico ,0111-06-05,0113-06-05,17489.63,f,10, Jinete experimentado 
525,Helaena Targaryen ,Targaryen, Princesa,0109-05-14, Ironclaw,0089-01-01,Gris metálico ,0147-05-14,0146-05-14,84539.96,f,11,VIAJE DIPLOMÁTICO
526,Maelor Targaryen , Targaryen ,príncipe,0112-01-01, Ironclaw,0089-01-01,Gris metálico ,0132-01-01,0139-01-01,33934.40,f,6,
527, Rhaenyra Targaryen ,targaryen, Princesa,0097-03-22,Ironclaw ,0089-01-01,GRIS METÁLICO,0123-03-22,0136-03-22,74719.77,f,18,Herido durante una expedición 
528, Maeron Targaryen ,targaryen, Príncipe,0105-10-09, Ironclaw ,0089-01-01,Gris metálico ,0147-10-09,0130-10-09,60364.46,f,5, Viaje diplomático 
529, Lucerys Targaryen ,TARGARYEN,Príncipe ,0115-01-01, Ironclaw,0089-01-01,GRIS METÁLICO,0143-01-01,0154-01-01,79869.44,f,1,Participó en una batalla importante 
530, Daemon Targaryen ,Targaryen,PRÍNCIPE,0081-06-05,Ironclaw ,0089-01-01, Gris metálico,0110-06-05,0127-06-05,72869.88,f,11,Registro histórico 
531, Jacaerys Targaryen , Targaryen , Príncipe,0114-01-01,Ironclaw ,0089-01-01,Gris metálico ,0152-01-01,0140-01-01,19974.61,f,11, Participó en defensa del reino 
532, Rhaena Targaryen , Targaryen , Lady,0116-09-03,Ironclaw ,0089-01-01,Gris metálico ,0146-09-03,0151-09-03,63461.19,f,7,Entrenamiento militar 
533,Jaehaerys Targaryen,targaryen,príncipe,0110-01-01,Ironclaw ,0089-01-01,Gris metálico,0147-01-01,0153-01-01,76300.77,f,16,REGISTRO HISTÓRICO
534, Alyssa Targaryen,TARGARYEN,lady,0095-06-17,Ironclaw ,0089-01-01,Gris metálico ,0116-06-17,0124-06-17,63428.76,f,14,Participó en defensa del reino 
535, Alyssa Targaryen ,Targaryen,LADY,0095-06-17,Ironclaw ,0089-01-01, Gris metálico,0134-06-17,0138-06-17,1165.78,f,4,Participó en defensa del reino 
536,Daemon Targaryen , Targaryen ,príncipe,0081-06-05, Ironclaw,0089-01-01,Gris metálico,0103-06-05,0125-06-05,24039.75,f,17,Entrenamiento militar 
537,Visenya Targaryen,TARGARYEN,princesa,0091-07-20,Ironclaw ,0089-01-01,Gris metálico,0114-07-20,0126-07-20,75394.25,f,4, Participó en una batalla importante 
538,Rhaena Targaryen, Targaryen ,Lady,0116-09-03, Ironclaw,0089-01-01,Gris metálico ,0146-09-03,0157-09-03,38574.42,f,10,
539,Jaehaerys Targaryen ,targaryen, Príncipe,0110-01-01,Ironclaw ,0089-01-01,Gris metálico ,0152-01-01,0141-01-01,47686.64,f,0, Jinete experimentado
540,Viserys Targaryen ,Targaryen, Rey,0077-01-15, Ironclaw ,0089-01-01,GRIS METÁLICO,0099-01-15,0110-01-15,44912.77,f,11,PARTICIPÓ EN DEFENSA DEL REINO
541,Aegon Targaryen ,targaryen,Príncipe ,0090-04-10,Ironclaw ,0089-01-01,Gris metálico ,0129-04-10,0132-04-10,22048.64,f,7,JINETE EXPERIMENTADO
542,Daeron Targaryen ,targaryen,príncipe,0110-08-21,Ironclaw ,0089-01-01,Gris metálico,0133-08-21,0148-08-21,58535.99,f,3, Participó en defensa del reino 
543, Helaena Targaryen, Targaryen , Princesa,0109-05-14, Ironclaw,0089-01-01, Gris metálico,0138-05-14,0151-05-14,80251.94,f,16, Participó en defensa del reino 
544, Rhaegel Targaryen,TARGARYEN,Príncipe ,0092-11-05, Ironclaw,0089-01-01,Gris metálico,0111-11-05,0116-11-05,1065.60,f,7,Registro pendiente de revisión 
545,Helaena Targaryen ,TARGARYEN,PRINCESA,0109-05-14, Ironclaw,0089-01-01, Gris metálico,0127-05-14,0136-05-14,13409.75,f,10,VIAJE DIPLOMÁTICO
546,Vaelor Targaryen ,targaryen,Príncipe ,0103-09-12, Ironclaw,0089-01-01,GRIS METÁLICO,0141-09-12,0131-09-12,83330.07,f,7, Jinete experimentado
547, Helaena Targaryen ,Targaryen, Princesa,0109-05-14, Ironclaw,0089-01-01,Gris metálico ,0140-05-14,0133-05-14,49676.46,f,3,Jinete experimentado 
548, Baela Targaryen , Targaryen ,lady,0116-09-03,Ironclaw ,0089-01-01,Gris metálico ,0145-09-03,0145-09-03,18001.36,f,12,Mantuvo vínculos con otras casas 
549,Lucerys Targaryen ,Targaryen,PRÍNCIPE,0115-01-01,IRONCLAW,0089-01-01, Gris metálico,0137-01-01,0155-01-01,62198.85,f,10,Participó en defensa del reino
550,Daemon Targaryen ,TARGARYEN,príncipe,0081-06-05,IRONCLAW,0089-01-01,Gris metálico,0107-06-05,0124-06-05,11411.38,f,12, Herido durante una expedición
551, Viserys Targaryen,TARGARYEN,REY,0077-01-15,Ironclaw ,0089-01-01, Gris metálico,0109-01-15,0110-01-15,37434.66,f,8,HERIDO DURANTE UNA EXPEDICIÓN
552, Rhaena Targaryen ,Targaryen,LADY,0116-09-03, Ironclaw,0089-01-01,GRIS METÁLICO,0139-09-03,0158-09-03,20231.23,f,1, Mantuvo vínculos con otras casas 
553,Daeron Targaryen,Targaryen,Príncipe,0110-08-21,Ironclaw ,0089-01-01,Gris metálico,0145-08-21,0136-08-21,62547.80,f,10,Herido durante una expedición 
554,Jaehaerys Targaryen ,targaryen,Príncipe ,0110-01-01, Ironclaw,0089-01-01, Gris metálico,0128-01-01,0140-01-01,18841.03,f,16,Entrenamiento militar 
555,Aemond Targaryen ,Targaryen,príncipe,0110-02-12, Ironclaw,0089-01-01, Gris metálico,0139-02-12,0136-02-12,47818.06,f,4, Jinete experimentado 
556,Maelor Targaryen ,targaryen, Príncipe,0112-01-01,IRONCLAW,0089-01-01,GRIS METÁLICO,0152-01-01,0149-01-01,62379.42,f,18, Registro pendiente de revisión
557, Aelora Targaryen , Targaryen ,Lady ,0102-04-03, Ironclaw,0089-01-01,Gris metálico,0133-04-03,0142-04-03,64312.37,f,10, Participó en defensa del reino 
558,Visenya Targaryen ,targaryen,PRINCESA,0091-07-20,Ironclaw ,0089-01-01,Gris metálico ,0125-07-20,0116-07-20,60246.51,f,12,Registro histórico 
559, Lucerys Targaryen ,targaryen,Príncipe,0115-01-01, Ironclaw,0089-01-01,Gris metálico ,0134-01-01,0149-01-01,42960.79,f,1, Viaje diplomático
560,Aenar Targaryen ,TARGARYEN,LORD,0088-02-18, Ironclaw,0089-01-01, Gris metálico,0108-02-18,0131-02-18,4186.76,f,17,Registro histórico
561,Rhaegel Targaryen ,Targaryen,príncipe,0092-11-05, Ironclaw,0089-01-01, Gris metálico,0130-11-05,0127-11-05,6386.70,f,7,
562, Lucerys Targaryen ,TARGARYEN,PRÍNCIPE,0115-01-01,IRONCLAW,0089-01-01,GRIS METÁLICO,0139-01-01,0162-01-01,5545.47,f,7, Mantuvo vínculos con otras casas 
563, Aegon Targaryen ,TARGARYEN,príncipe,0090-04-10,Ironclaw ,0089-01-01, Gris metálico,0124-04-10,0126-04-10,32049.99,f,17,Viaje diplomático 
564, Rhaenyra Targaryen ,Targaryen,princesa,0097-03-22,Ironclaw,0089-01-01,GRIS METÁLICO,0130-03-22,0140-03-22,77318.59,f,6,Participó en defensa del reino 
565, Jacaerys Targaryen ,TARGARYEN, Príncipe,0114-01-01,Ironclaw ,0089-01-01,GRIS METÁLICO,0148-01-01,0159-01-01,16743.95,f,13, Herido durante una expedición 
566,Alyssa Targaryen ,Targaryen,LADY,0095-06-17,Ironclaw ,0089-01-01,Gris metálico ,0117-06-17,0140-06-17,66247.72,f,3, Entrenamiento militar 
567, Aegon Targaryen,Targaryen, Príncipe,0090-04-10, Ironclaw ,0089-01-01,Gris metálico ,0108-04-10,0134-04-10,68458.61,f,3,MANTUVO VÍNCULOS CON OTRAS CASAS
568,Visenya Targaryen ,Targaryen,Princesa ,0091-07-20,Ironclaw ,0089-01-01,Gris metálico,0121-07-20,0128-07-20,73462.75,f,2,Entrenamiento militar 
569,Lucerys Targaryen ,targaryen,PRÍNCIPE,0115-01-01, Ironclaw ,0089-01-01,GRIS METÁLICO,0155-01-01,0153-01-01,4965.67,f,0,Participó en defensa del reino
570, Baela Targaryen , Targaryen ,lady,0116-09-03,Ironclaw ,0089-01-01,GRIS METÁLICO,0145-09-03,0161-09-03,78720.17,f,15,Jinete experimentado 
571,Helaena Targaryen ,TARGARYEN, Princesa,0109-05-14, Ironclaw ,0089-01-01,GRIS METÁLICO,0151-05-14,0136-05-14,35545.20,f,14, Viaje diplomático
572,Baela Targaryen ,Targaryen, Lady,0116-09-03,IRONCLAW,0089-01-01,Gris metálico ,0158-09-03,0142-09-03,67179.70,f,12,
573, Helaena Targaryen,Targaryen, Princesa,0109-05-14, Ironclaw,0089-01-01,GRIS METÁLICO,0129-05-14,0155-05-14,43769.18,f,4, Registro pendiente de revisión 
574,Helaena Targaryen,Targaryen, Princesa,0109-05-14, Ironclaw,0089-01-01,GRIS METÁLICO,0134-05-14,0155-05-14,38678.07,f,17,
575, Visenya Targaryen,Targaryen,PRINCESA,0091-07-20,Ironclaw ,0089-01-01,Gris metálico,0117-07-20,0125-07-20,52017.68,f,4, Viaje diplomático 
576,Alyssa Targaryen , Targaryen , Lady,0095-06-17, Ironclaw ,0089-01-01,GRIS METÁLICO,0122-06-17,0131-06-17,52485.74,f,19,MANTUVO VÍNCULOS CON OTRAS CASAS
577,Aelora Targaryen, Targaryen ,LADY,0102-04-03, Ironclaw,0089-01-01,GRIS METÁLICO,0141-04-03,0138-04-03,7445.77,f,3, Herido durante una expedición 
578,Jacaerys Targaryen ,Targaryen,Príncipe ,0114-01-01, Ironclaw,0089-01-01, Gris metálico,0143-01-01,0145-01-01,33666.39,f,4,JINETE EXPERIMENTADO
579, Maelor Targaryen ,Targaryen,príncipe,0112-01-01,Ironclaw ,0089-01-01,Gris metálico ,0144-01-01,0152-01-01,29495.44,f,4, Jinete experimentado
580,Rhaegel Targaryen, Targaryen ,PRÍNCIPE,0092-11-05, Ironclaw ,0089-01-01,Gris metálico ,0122-11-05,0126-11-05,51190.94,f,16, Mantuvo vínculos con otras casas 
581, Helaena Targaryen,targaryen,princesa,0109-05-14,Ironclaw ,0089-01-01,Gris metálico ,0135-05-14,0142-05-14,30941.01,f,5, Viaje diplomático 
582,Baela Targaryen , Targaryen ,Lady ,0116-09-03,Ironclaw,0089-01-01,Gris metálico,0138-09-03,0154-09-03,36186.66,f,11, Participó en una batalla importante
583, Viserys Targaryen ,targaryen,REY,0077-01-15, Ironclaw,0089-01-01,Gris metálico,0115-01-15,0117-01-15,4750.51,f,19, Herido durante una expedición
584,Daemon Targaryen ,Targaryen,Príncipe ,0081-06-05,IRONCLAW,0089-01-01,GRIS METÁLICO,0103-06-05,0115-06-05,23918.92,f,16, Jinete experimentado
585, Baela Targaryen ,Targaryen,LADY,0116-09-03, Ironclaw ,0089-01-01,GRIS METÁLICO,0154-09-03,0142-09-03,8569.03,f,16, Participó en una batalla importante 
586,Vaelor Targaryen , Targaryen ,príncipe,0103-09-12,Ironclaw,0089-01-01,Gris metálico,0137-09-12,0127-09-12,78714.75,f,2,
587, Aegon Targaryen ,Targaryen, Príncipe,0090-04-10,Ironclaw,0089-01-01,GRIS METÁLICO,0125-04-10,0115-04-10,85551.85,f,0, Registro histórico 
588,Maelor Targaryen ,TARGARYEN,príncipe,0112-01-01,IRONCLAW,0089-01-01,Gris metálico ,0146-01-01,0156-01-01,39577.20,f,8,
589,Aelora Targaryen , Targaryen ,lady,0102-04-03, Ironclaw ,0089-01-01, Gris metálico,0134-04-03,0129-04-03,48501.04,f,18, Participó en una batalla importante 
590,Maelor Targaryen , Targaryen ,PRÍNCIPE,0112-01-01, Ironclaw ,0089-01-01,Gris metálico ,0144-01-01,0135-01-01,2791.72,f,4, Mantuvo vínculos con otras casas
591, Aemond Targaryen ,TARGARYEN,príncipe,0110-02-12,Ironclaw ,0089-01-01, Gris metálico,0138-02-12,0140-02-12,70672.88,f,3,Entrenamiento militar 
592, Aenar Targaryen ,TARGARYEN,LORD,0088-02-18,Ironclaw ,0089-01-01,Gris metálico ,0113-02-18,0134-02-18,51764.00,f,2,PARTICIPÓ EN DEFENSA DEL REINO
593, Aegon Targaryen ,TARGARYEN,príncipe,0090-04-10,Ironclaw ,0089-01-01,Gris metálico ,0125-04-10,0127-04-10,77756.89,f,16,
594, Alyssa Targaryen ,targaryen,Lady ,0095-06-17, Ironclaw,0089-01-01,Gris metálico ,0116-06-17,0134-06-17,37273.06,f,15,
595, Helaena Targaryen ,targaryen,Princesa ,0109-05-14, Ironclaw,0089-01-01,GRIS METÁLICO,0145-05-14,0153-05-14,36812.37,f,18, Registro histórico 
596, Aenar Targaryen ,Targaryen,LORD,0088-02-18,IRONCLAW,0089-01-01, Gris metálico,0125-02-18,0111-02-18,11827.14,f,15, Viaje diplomático 
597, Visenya Targaryen , Targaryen ,princesa,0091-07-20,Ironclaw ,0089-01-01, Gris metálico,0129-07-20,0116-07-20,26733.95,f,2, Jinete experimentado
598, Jaehaerys Targaryen ,targaryen, Príncipe,0110-01-01, Ironclaw,0089-01-01,Gris metálico ,0129-01-01,0140-01-01,66650.09,f,9,Registro pendiente de revisión 
599, Baela Targaryen,targaryen,Lady,0116-09-03, Ironclaw ,0089-01-01, Gris metálico,0143-09-03,0147-09-03,7988.94,f,10,Herido durante una expedición 
600, Aenar Targaryen,Targaryen,Lord,0088-02-18,Ironclaw ,0089-01-01,Gris metálico,0117-02-18,0132-02-18,53824.39,f,17,
601, Jacaerys Targaryen ,targaryen,Príncipe,0114-01-01,Ironclaw,0089-01-01, Gris metálico,0140-01-01,0152-01-01,47759.23,f,6,Participó en una batalla importante 
602,Aegon Targaryen,Targaryen,Príncipe ,0090-04-10,IRONCLAW,0089-01-01, Gris metálico,0129-04-10,0118-04-10,42422.28,f,17,Registro pendiente de revisión 
603, Vaelor Targaryen, Targaryen , Príncipe,0103-09-12, Ironclaw,0089-01-01, Gris metálico,0134-09-12,0137-09-12,30431.40,f,2, Participó en defensa del reino 
604, Helaena Targaryen ,Targaryen,PRINCESA,0109-05-14,Ironclaw,0089-01-01, Gris metálico,0132-05-14,0142-05-14,67171.15,f,3, Participó en defensa del reino 
605,Baela Targaryen ,targaryen,LADY,0116-09-03,Ironclaw ,0089-01-01,Gris metálico ,0146-09-03,0148-09-03,61576.42,f,2,Jinete experimentado 
606,Jaehaerys Targaryen,Targaryen, Príncipe,0110-01-01,Ironclaw ,0089-01-01,Gris metálico ,0135-01-01,0153-01-01,30438.95,f,13, Registro histórico 
607,Maeron Targaryen ,TARGARYEN,príncipe,0105-10-09,IRONCLAW,0089-01-01,GRIS METÁLICO,0134-10-09,0140-10-09,76269.72,f,14,Viaje diplomático 
608, Viserys Targaryen,Targaryen,rey,0077-01-15,Ironclaw ,0089-01-01,GRIS METÁLICO,0096-01-15,0112-01-15,20594.06,f,6, Entrenamiento militar 
609,Maelor Targaryen ,targaryen, Príncipe,0112-01-01, Ironclaw ,0089-01-01,GRIS METÁLICO,0143-01-01,0146-01-01,37699.03,f,19, Registro pendiente de revisión 
610, Maeron Targaryen,targaryen, Príncipe,0105-10-09, Ironclaw,0089-01-01, Gris metálico,0132-10-09,0150-10-09,75262.49,f,7,
612, Viserys Targaryen ,targaryen,REY,0077-01-15, Ironclaw ,0089-01-01,GRIS METÁLICO,0104-01-15,0116-01-15,78859.33,f,7,Herido durante una expedición 
613, Jacaerys Targaryen, Targaryen , Príncipe,0114-01-01,IRONCLAW,0089-01-01,GRIS METÁLICO,0154-01-01,0141-01-01,8560.82,f,12,Jinete experimentado 
614,Lucerys Targaryen ,targaryen,PRÍNCIPE,0115-01-01,Ironclaw ,0089-01-01,GRIS METÁLICO,0133-01-01,0150-01-01,48646.04,f,7,ENTRENAMIENTO MILITAR
615,Vaelor Targaryen,targaryen, Príncipe,0103-09-12, Ironclaw ,0089-01-01, Gris metálico,0124-09-12,0147-09-12,53573.83,f,1,Herido durante una expedición 
616,Daeron Targaryen ,TARGARYEN,PRÍNCIPE,0110-08-21, Ironclaw ,0089-01-01,Gris metálico ,0129-08-21,0146-08-21,78600.90,f,10, Entrenamiento militar 
617, Aegon Targaryen ,Targaryen, Príncipe,0090-04-10, Ironclaw,0089-01-01,Gris metálico ,0115-04-10,0137-04-10,69149.77,f,7,
618,Aegon Targaryen ,targaryen, Príncipe,0090-04-10, Ironclaw ,0089-01-01,Gris metálico ,0127-04-10,0123-04-10,85362.70,f,14,Registro pendiente de revisión 
619, Vaelor Targaryen,Targaryen,príncipe,0103-09-12,Ironclaw ,0089-01-01,GRIS METÁLICO,0137-09-12,0136-09-12,84788.24,f,4, Registro pendiente de revisión 
620,Viserys Targaryen ,targaryen,REY,0077-01-15,Ironclaw ,0089-01-01,GRIS METÁLICO,0103-01-15,0124-01-15,4675.52,f,4,Registro pendiente de revisión 
621,Alyssa Targaryen ,targaryen,Lady ,0095-06-17,Ironclaw ,0089-01-01,Gris metálico ,0123-06-17,0127-06-17,44174.69,f,2,MANTUVO VÍNCULOS CON OTRAS CASAS
622,Lucerys Targaryen ,targaryen,príncipe,0115-01-01,Ironclaw,0089-01-01,GRIS METÁLICO,0136-01-01,0139-01-01,77937.18,f,4,REGISTRO PENDIENTE DE REVISIÓN
623, Aenar Targaryen ,targaryen,lord,0088-02-18, Ironclaw ,0089-01-01,Gris metálico ,0128-02-18,0124-02-18,72552.25,f,17,
624,Jaehaerys Targaryen, Targaryen ,príncipe,0110-01-01,IRONCLAW,0089-01-01,GRIS METÁLICO,0144-01-01,0149-01-01,42637.91,f,15, Registro histórico 
625,Aelora Targaryen ,Targaryen,Lady ,0102-04-03, Ironclaw ,0089-01-01,Gris metálico,0122-04-03,0133-04-03,26607.05,f,11,VIAJE DIPLOMÁTICO
626,Aelora Targaryen ,Targaryen,LADY,0102-04-03,IRONCLAW,0089-01-01, Gris metálico,0124-04-03,0149-04-03,57972.81,f,9,JINETE EXPERIMENTADO
627,Vaelor Targaryen,targaryen,PRÍNCIPE,0103-09-12, Ironclaw ,0089-01-01,Gris metálico ,0136-09-12,0142-09-12,16696.11,f,0,
628, Maelor Targaryen ,Targaryen, Príncipe,0112-01-01, Ironclaw,0089-01-01,GRIS METÁLICO,0154-01-01,0149-01-01,56033.04,f,7, Jinete experimentado 
629,Rhaegel Targaryen,targaryen,Príncipe,0092-11-05, Ironclaw ,0089-01-01, Gris metálico,0134-11-05,0119-11-05,51952.29,f,8,Registro pendiente de revisión 
630, Alyssa Targaryen, Targaryen ,LADY,0095-06-17,Ironclaw ,0089-01-01, Gris metálico,0137-06-17,0137-06-17,38355.80,f,16,Viaje diplomático 
631, Baela Targaryen , Targaryen , Lady,0116-09-03, Ironclaw ,0089-01-01,Gris metálico ,0144-09-03,0151-09-03,64445.29,f,12,Herido durante una expedición
632,Maelor Targaryen ,TARGARYEN, Príncipe,0112-01-01, Ironclaw ,0089-01-01, Gris metálico,0152-01-01,0139-01-01,51812.52,f,5, Registro pendiente de revisión
633,Aemond Targaryen, Targaryen ,Príncipe ,0110-02-12,Ironclaw ,0089-01-01,Gris metálico,0136-02-12,0140-02-12,84583.22,f,3,Participó en defensa del reino 
634,Jacaerys Targaryen,TARGARYEN, Príncipe,0114-01-01, Ironclaw,0089-01-01, Gris metálico,0133-01-01,0144-01-01,6777.20,f,19, Viaje diplomático 
635,Rhaenyra Targaryen, Targaryen , Princesa,0097-03-22, Ironclaw,0089-01-01,GRIS METÁLICO,0132-03-22,0134-03-22,83368.81,f,9,Jinete experimentado 
636, Aenar Targaryen,Targaryen,LORD,0088-02-18,Ironclaw ,0089-01-01,Gris metálico ,0119-02-18,0131-02-18,78996.28,f,6, Herido durante una expedición
637,Aenar Targaryen ,Targaryen,lord,0088-02-18, Ironclaw ,0089-01-01,Gris metálico ,0128-02-18,0113-02-18,34787.15,f,15,Participó en defensa del reino 
638,Jaehaerys Targaryen ,Targaryen,PRÍNCIPE,0110-01-01,Ironclaw ,0089-01-01,GRIS METÁLICO,0140-01-01,0149-01-01,63285.86,f,13, Registro histórico 
639, Rhaena Targaryen ,Targaryen,Lady ,0116-09-03,Ironclaw ,0089-01-01,Gris metálico,0137-09-03,0150-09-03,9028.32,f,13,Mantuvo vínculos con otras casas 
640, Visenya Targaryen, Targaryen ,princesa,0091-07-20, Ironclaw ,0089-01-01,Gris metálico ,0120-07-20,0133-07-20,75395.98,f,15, Participó en una batalla importante
641,Aelora Targaryen , Targaryen ,Lady ,0102-04-03,IRONCLAW,0089-01-01,Gris metálico ,0135-04-03,0135-04-03,63224.89,f,9, Viaje diplomático
642, Daemon Targaryen , Targaryen , Príncipe,0081-06-05, Ironclaw ,0089-01-01,Gris metálico ,0119-06-05,0122-06-05,33177.79,f,11, Participó en defensa del reino
643, Aelora Targaryen,Targaryen,Lady ,0102-04-03,Ironclaw ,0089-01-01,Gris metálico,0126-04-03,0140-04-03,42367.31,f,3, Herido durante una expedición 
644,Rhaena Targaryen ,targaryen,lady,0116-09-03,Ironclaw ,0089-01-01,Gris metálico ,0148-09-03,0146-09-03,20688.92,f,8,Herido durante una expedición 
645, Jaehaerys Targaryen ,targaryen,príncipe,0110-01-01, Ironclaw,0089-01-01,Gris metálico ,0137-01-01,0133-01-01,73484.30,f,19,Entrenamiento militar 
646, Aegon Targaryen ,targaryen,PRÍNCIPE,0090-04-10, Ironclaw,0089-01-01,Gris metálico ,0123-04-10,0124-04-10,6395.02,f,8, Mantuvo vínculos con otras casas 
647,Aegon Targaryen ,targaryen, Príncipe,0090-04-10, Ironclaw ,0089-01-01,Gris metálico ,0120-04-10,0130-04-10,71861.99,f,14, Registro histórico
648, Aenar Targaryen,targaryen,lord,0088-02-18,IRONCLAW,0089-01-01,Gris metálico ,0120-02-18,0121-02-18,68259.61,f,4, Jinete experimentado 
649, Aemond Targaryen ,Targaryen,Príncipe ,0110-02-12,Ironclaw ,0089-01-01, Gris metálico,0141-02-12,0144-02-12,86019.60,f,2,Participó en una batalla importante 
650, Jaehaerys Targaryen,Targaryen, Príncipe,0110-01-01, Ironclaw,0089-01-01,GRIS METÁLICO,0129-01-01,0150-01-01,26588.80,f,16,Viaje diplomático 
651,Maelor Targaryen ,TARGARYEN,Príncipe ,0112-01-01,IRONCLAW,0089-01-01,Gris metálico,0146-01-01,0149-01-01,78312.41,f,6,Herido durante una expedición 
652, Jaehaerys Targaryen , Targaryen ,Príncipe ,0110-01-01,Ironclaw ,0089-01-01, Gris metálico,0149-01-01,0151-01-01,24986.07,f,6, Participó en defensa del reino 
653,Aemond Targaryen ,Targaryen,Príncipe ,0110-02-12,Ironclaw ,0089-01-01,GRIS METÁLICO,0143-02-12,0154-02-12,78611.09,f,18, Registro histórico 
654,Jacaerys Targaryen,Targaryen,PRÍNCIPE,0114-01-01,Ironclaw ,0089-01-01,Gris metálico ,0135-01-01,0138-01-01,41773.26,f,7,HERIDO DURANTE UNA EXPEDICIÓN
655, Maelor Targaryen ,targaryen, Príncipe,0112-01-01, Ironclaw ,0089-01-01,GRIS METÁLICO,0131-01-01,0135-01-01,34547.98,f,3,
656, Maelor Targaryen , Targaryen ,Príncipe ,0112-01-01, Ironclaw,0089-01-01, Gris metálico,0141-01-01,0159-01-01,57749.01,f,5, Mantuvo vínculos con otras casas 
657,Aemond Targaryen ,Targaryen, Príncipe,0110-02-12, Ironclaw ,0089-01-01, Gris metálico,0137-02-12,0148-02-12,4173.51,f,11, Participó en defensa del reino 
658, Jaehaerys Targaryen ,targaryen, Príncipe,0110-01-01, Ironclaw ,0089-01-01,Gris metálico ,0128-01-01,0150-01-01,46094.84,f,7, Jinete experimentado 
659,Jaehaerys Targaryen , Targaryen , Príncipe,0110-01-01, Ironclaw ,0089-01-01,Gris metálico,0140-01-01,0136-01-01,86085.79,f,14,Jinete experimentado 
660,Maelor Targaryen ,targaryen,Príncipe,0112-01-01, Ironclaw ,0089-01-01,GRIS METÁLICO,0142-01-01,0156-01-01,35270.59,f,0,Participó en defensa del reino 
661, Rhaena Targaryen,Targaryen, Lady,0116-09-03, Ironclaw ,0089-01-01,GRIS METÁLICO,0153-09-03,0159-09-03,78978.49,f,1, Herido durante una expedición
662,Daemon Targaryen,Targaryen,Príncipe ,0081-06-05, Ironclaw ,0089-01-01, Gris metálico,0106-06-05,0106-06-05,56356.21,f,19,Jinete experimentado 
663, Aegon Targaryen , Targaryen ,PRÍNCIPE,0090-04-10, Ironclaw ,0089-01-01,Gris metálico ,0113-04-10,0131-04-10,9013.90,f,18, Participó en defensa del reino
664,Jacaerys Targaryen ,Targaryen,príncipe,0114-01-01,Ironclaw ,0089-01-01,GRIS METÁLICO,0151-01-01,0147-01-01,10070.93,f,11,
665, Viserys Targaryen,Targaryen,Rey ,0077-01-15, Ironclaw,0089-01-01, Gris metálico,0109-01-15,0105-01-15,59281.98,f,17, Entrenamiento militar
666,Lucerys Targaryen,targaryen,PRÍNCIPE,0115-01-01,Ironclaw ,0089-01-01, Gris metálico,0150-01-01,0161-01-01,67361.73,f,1, Viaje diplomático 
667,Jaehaerys Targaryen ,targaryen,Príncipe ,0110-01-01, Ironclaw ,0089-01-01,Gris metálico ,0151-01-01,0138-01-01,54036.46,f,4,Participó en defensa del reino 
668, Aelora Targaryen ,Targaryen,lady,0102-04-03, Ironclaw,0089-01-01, Gris metálico,0143-04-03,0132-04-03,89579.21,f,6, Participó en defensa del reino 
669,Baela Targaryen,Targaryen,LADY,0116-09-03, Ironclaw ,0089-01-01,GRIS METÁLICO,0143-09-03,0142-09-03,10218.42,f,5, Participó en defensa del reino 
670,Helaena Targaryen ,Targaryen, Princesa,0109-05-14,IRONCLAW,0089-01-01, Gris metálico,0142-05-14,0141-05-14,47551.01,f,11, Jinete experimentado
671,Jacaerys Targaryen ,targaryen,Príncipe ,0114-01-01,Ironclaw ,0089-01-01,Gris metálico ,0152-01-01,0146-01-01,42293.98,f,16, Participó en defensa del reino 
672, Aegon Targaryen , Targaryen , Príncipe,0090-04-10,Ironclaw ,0089-01-01,GRIS METÁLICO,0125-04-10,0115-04-10,30025.12,f,12, Participó en defensa del reino 
673,Aelora Targaryen, Targaryen ,lady,0102-04-03,Ironclaw ,0089-01-01,GRIS METÁLICO,0138-04-03,0139-04-03,10619.01,f,8, Registro pendiente de revisión
674, Aenar Targaryen ,Targaryen,LORD,0088-02-18, Ironclaw,0089-01-01, Gris metálico,0117-02-18,0118-02-18,27078.85,f,4,Jinete experimentado
675,Aegon Targaryen , Targaryen ,Príncipe ,0090-04-10,IRONCLAW,0089-01-01,Gris metálico ,0130-04-10,0114-04-10,85111.66,f,14,Registro pendiente de revisión 
676, Maeron Targaryen,TARGARYEN, Príncipe,0105-10-09,Ironclaw ,0089-01-01,Gris metálico ,0131-10-09,0152-10-09,66697.69,f,12, Participó en defensa del reino
677, Jaehaerys Targaryen,TARGARYEN,PRÍNCIPE,0110-01-01,Ironclaw ,0089-01-01,Gris metálico ,0141-01-01,0156-01-01,23810.66,f,14, Jinete experimentado 
678, Maelor Targaryen, Targaryen ,Príncipe ,0112-01-01,IRONCLAW,0089-01-01,Gris metálico ,0149-01-01,0152-01-01,35658.20,f,8,PARTICIPÓ EN UNA BATALLA IMPORTANTE
679, Visenya Targaryen ,TARGARYEN,Princesa,0091-07-20, Ironclaw ,0089-01-01, Gris metálico,0133-07-20,0124-07-20,30930.90,f,3,Participó en defensa del reino 
680, Rhaegel Targaryen , Targaryen ,Príncipe ,0092-11-05,IRONCLAW,0089-01-01,Gris metálico ,0129-11-05,0122-11-05,15552.35,f,6, Jinete experimentado 
681, Baela Targaryen , Targaryen ,Lady ,0116-09-03, Ironclaw,0089-01-01, Gris metálico,0158-09-03,0142-09-03,37624.78,f,15, Registro histórico
682,Alyssa Targaryen ,Targaryen, Lady,0095-06-17, Ironclaw,0089-01-01, Gris metálico,0118-06-17,0127-06-17,42997.31,f,13,HERIDO DURANTE UNA EXPEDICIÓN
683,Jacaerys Targaryen , Targaryen , Príncipe,0114-01-01, Ironclaw ,0089-01-01, Gris metálico,0139-01-01,0155-01-01,38623.19,f,9, Viaje diplomático 
684, Rhaena Targaryen ,targaryen,Lady,0116-09-03, Ironclaw ,0089-01-01,Gris metálico,0150-09-03,0146-09-03,33860.17,f,2, Participó en una batalla importante 
685,Aenar Targaryen,TARGARYEN, Lord,0088-02-18,Ironclaw ,0089-01-01,Gris metálico ,0107-02-18,0112-02-18,31516.90,f,4,REGISTRO HISTÓRICO
686, Daemon Targaryen ,targaryen,PRÍNCIPE,0081-06-05,Ironclaw,0089-01-01,Gris metálico ,0113-06-05,0111-06-05,9813.14,f,9,Participó en defensa del reino 
687,Vaelor Targaryen,TARGARYEN,Príncipe ,0103-09-12,Ironclaw ,0089-01-01,Gris metálico,0145-09-12,0149-09-12,11095.52,f,8, Participó en una batalla importante
688, Rhaenyra Targaryen, Targaryen ,princesa,0097-03-22,Ironclaw ,0089-01-01,Gris metálico ,0122-03-22,0139-03-22,69389.72,f,1,Registro pendiente de revisión 
689, Maelor Targaryen ,targaryen,príncipe,0112-01-01,IRONCLAW,0089-01-01,GRIS METÁLICO,0147-01-01,0146-01-01,2450.52,f,18,REGISTRO HISTÓRICO
690,Aenar Targaryen ,TARGARYEN,LORD,0088-02-18, Ironclaw,0089-01-01, Gris metálico,0125-02-18,0120-02-18,8755.48,f,16, Entrenamiento militar
691, Rhaena Targaryen,Targaryen,Lady,0116-09-03, Ironclaw ,0089-01-01,GRIS METÁLICO,0148-09-03,0154-09-03,77327.54,f,9,
692, Aemond Targaryen,Targaryen, Príncipe,0110-02-12, Ironclaw ,0089-01-01,Gris metálico,0149-02-12,0140-02-12,36958.43,f,9, Registro pendiente de revisión 
693,Rhaenyra Targaryen ,targaryen,princesa,0097-03-22,Ironclaw,0089-01-01,GRIS METÁLICO,0129-03-22,0128-03-22,68119.59,f,8,Registro histórico
694, Rhaenyra Targaryen,Targaryen,PRINCESA,0097-03-22, Ironclaw ,0089-01-01,GRIS METÁLICO,0115-03-22,0143-03-22,72701.78,f,8, Mantuvo vínculos con otras casas 
695, Rhaegel Targaryen,targaryen,PRÍNCIPE,0092-11-05, Ironclaw ,0089-01-01, Gris metálico,0119-11-05,0130-11-05,62297.29,f,3,Jinete experimentado
696,Vaelor Targaryen ,Targaryen,Príncipe ,0103-09-12, Ironclaw,0089-01-01,Gris metálico ,0124-09-12,0130-09-12,49585.06,f,5,Registro pendiente de revisión 
697,Rhaegel Targaryen,targaryen,príncipe,0092-11-05,Ironclaw ,0089-01-01,Gris metálico ,0124-11-05,0138-11-05,3789.31,f,14,
698, Daemon Targaryen, Targaryen ,príncipe,0081-06-05, Ironclaw ,0089-01-01,Gris metálico ,0103-06-05,0127-06-05,48361.25,f,19,
699,Jacaerys Targaryen ,targaryen,Príncipe ,0114-01-01,Ironclaw ,0089-01-01,Gris metálico ,0145-01-01,0139-01-01,71764.96,f,8, Mantuvo vínculos con otras casas
700,Baela Targaryen , Targaryen ,LADY,0116-09-03,IRONCLAW,0089-01-01,Gris metálico,0138-09-03,0143-09-03,15839.88,f,13,Entrenamiento militar 
701, Maeron Targaryen,targaryen,Príncipe ,0105-10-09,Ironclaw,0089-01-01, Gris metálico,0123-10-09,0134-10-09,3308.62,f,2,Participó en una batalla importante 
702,Maeron Targaryen,Targaryen, Príncipe,0105-10-09, Ironclaw,0089-01-01,Gris metálico ,0124-10-09,0128-10-09,49722.35,f,18, Participó en defensa del reino 
703,Jaehaerys Targaryen ,Targaryen,príncipe,0110-01-01, Ironclaw,0089-01-01, Gris metálico,0147-01-01,0143-01-01,73427.92,f,16,Participó en defensa del reino 
704,Aemond Targaryen ,targaryen,Príncipe ,0110-02-12,Ironclaw ,0089-01-01,GRIS METÁLICO,0152-02-12,0143-02-12,36713.99,f,5,Participó en una batalla importante 
705, Jaehaerys Targaryen, Targaryen , Príncipe,0110-01-01, Ironclaw ,0089-01-01, Gris metálico,0145-01-01,0136-01-01,38985.85,f,5,Registro histórico 
706,Baela Targaryen ,targaryen,Lady ,0116-09-03,IRONCLAW,0089-01-01,GRIS METÁLICO,0145-09-03,0139-09-03,59768.91,f,10, Registro pendiente de revisión 
707,Visenya Targaryen ,Targaryen, Princesa,0091-07-20,Ironclaw ,0089-01-01,Gris metálico,0124-07-20,0114-07-20,73786.47,f,11, Participó en defensa del reino
708, Vaelor Targaryen , Targaryen , Príncipe,0103-09-12, Ironclaw,0089-01-01,GRIS METÁLICO,0126-09-12,0136-09-12,82218.53,f,2,Entrenamiento militar 
709, Maelor Targaryen,Targaryen,príncipe,0112-01-01,IRONCLAW,0089-01-01, Gris metálico,0132-01-01,0153-01-01,89760.96,f,0, Registro histórico 
710,Baela Targaryen , Targaryen ,Lady,0116-09-03,Ironclaw,0089-01-01,GRIS METÁLICO,0144-09-03,0159-09-03,19325.47,f,16,VIAJE DIPLOMÁTICO
711,Aemond Targaryen, Targaryen ,Príncipe ,0110-02-12,Ironclaw,0089-01-01,GRIS METÁLICO,0128-02-12,0152-02-12,46636.65,f,14,Mantuvo vínculos con otras casas 
712,Maelor Targaryen ,targaryen,príncipe,0112-01-01,Ironclaw,0089-01-01, Gris metálico,0146-01-01,0148-01-01,65392.24,f,7,Registro histórico 
713, Maeron Targaryen ,Targaryen,Príncipe ,0105-10-09, Ironclaw,0089-01-01,Gris metálico ,0133-10-09,0142-10-09,16468.38,f,1,
714, Baela Targaryen, Targaryen ,lady,0116-09-03,Ironclaw ,0089-01-01, Gris metálico,0147-09-03,0158-09-03,26028.44,f,5, Mantuvo vínculos con otras casas
715, Jacaerys Targaryen,Targaryen, Príncipe,0114-01-01,Ironclaw ,0089-01-01, Gris metálico,0135-01-01,0157-01-01,76186.87,f,3,
716,Rhaenyra Targaryen ,Targaryen,princesa,0097-03-22,IRONCLAW,0089-01-01, Gris metálico,0137-03-22,0140-03-22,86488.81,f,10, Registro histórico 
717,Helaena Targaryen,TARGARYEN, Princesa,0109-05-14,Ironclaw ,0089-01-01,GRIS METÁLICO,0149-05-14,0147-05-14,62906.95,f,17, Viaje diplomático 
718, Aemond Targaryen, Targaryen ,PRÍNCIPE,0110-02-12,Ironclaw ,0089-01-01, Gris metálico,0149-02-12,0145-02-12,56135.88,f,0, Participó en una batalla importante
719,Maeron Targaryen ,targaryen, Príncipe,0105-10-09, Ironclaw ,0089-01-01,Gris metálico ,0134-10-09,0141-10-09,87329.42,f,3,REGISTRO HISTÓRICO
720, Baela Targaryen,TARGARYEN,lady,0116-09-03,IRONCLAW,0089-01-01,Gris metálico ,0156-09-03,0153-09-03,82192.68,f,19, Registro pendiente de revisión 
721,Daemon Targaryen,targaryen, Príncipe,0081-06-05, Ironclaw ,0089-01-01,Gris metálico,0104-06-05,0124-06-05,28821.54,f,0,
722,Daeron Targaryen ,targaryen,Príncipe,0110-08-21, Ironclaw ,0089-01-01,Gris metálico,0152-08-21,0143-08-21,46248.03,f,13, Registro pendiente de revisión 
723,Lucerys Targaryen ,targaryen, Príncipe,0115-01-01, Ironclaw ,0089-01-01,GRIS METÁLICO,0140-01-01,0144-01-01,51590.98,f,7, Viaje diplomático 
724, Daeron Targaryen ,TARGARYEN, Príncipe,0110-08-21, Ironclaw ,0089-01-01,Gris metálico ,0137-08-21,0137-08-21,78952.78,f,17,MANTUVO VÍNCULOS CON OTRAS CASAS
725,Rhaegel Targaryen ,TARGARYEN,príncipe,0092-11-05,IRONCLAW,0089-01-01,GRIS METÁLICO,0134-11-05,0116-11-05,67819.31,f,12,Herido durante una expedición 
726,Helaena Targaryen , Targaryen ,princesa,0109-05-14, Ironclaw ,0089-01-01, Gris metálico,0148-05-14,0154-05-14,64025.28,f,1,Participó en una batalla importante 
727,Alyssa Targaryen , Targaryen ,Lady ,0095-06-17,Ironclaw,0089-01-01,Gris metálico ,0134-06-17,0138-06-17,18587.02,f,18,ENTRENAMIENTO MILITAR
728, Visenya Targaryen ,Targaryen,princesa,0091-07-20,Ironclaw ,0089-01-01,GRIS METÁLICO,0119-07-20,0120-07-20,17380.30,f,15, Herido durante una expedición
729, Daemon Targaryen, Targaryen ,PRÍNCIPE,0081-06-05, Ironclaw ,0089-01-01,Gris metálico,0123-06-05,0114-06-05,57756.25,f,3, Jinete experimentado
730,Aelora Targaryen ,Targaryen,LADY,0102-04-03,IRONCLAW,0089-01-01,GRIS METÁLICO,0136-04-03,0147-04-03,22226.55,f,17, Participó en defensa del reino 
731,Aelora Targaryen ,TARGARYEN,lady,0102-04-03, Ironclaw,0089-01-01,Gris metálico,0142-04-03,0125-04-03,31132.91,f,6, Participó en defensa del reino
732, Jacaerys Targaryen,TARGARYEN,PRÍNCIPE,0114-01-01,Ironclaw,0089-01-01,Gris metálico ,0142-01-01,0144-01-01,70825.41,f,13,JINETE EXPERIMENTADO
733, Helaena Targaryen ,TARGARYEN, Princesa,0109-05-14,Ironclaw ,0089-01-01, Gris metálico,0131-05-14,0147-05-14,49339.80,f,5,
734, Alyssa Targaryen,TARGARYEN,Lady ,0095-06-17, Ironclaw,0089-01-01,Gris metálico ,0115-06-17,0140-06-17,24878.41,f,16,Entrenamiento militar 
735, Lucerys Targaryen, Targaryen ,Príncipe ,0115-01-01,IRONCLAW,0089-01-01,Gris metálico ,0141-01-01,0142-01-01,3791.48,f,18,Entrenamiento militar 
736, Aegon Targaryen , Targaryen ,príncipe,0090-04-10,IRONCLAW,0089-01-01,Gris metálico ,0120-04-10,0132-04-10,65327.45,f,1, Participó en defensa del reino
737,Visenya Targaryen, Targaryen ,princesa,0091-07-20, Ironclaw ,0089-01-01,Gris metálico ,0117-07-20,0121-07-20,86657.15,f,2,REGISTRO HISTÓRICO
738, Aenar Targaryen,TARGARYEN,lord,0088-02-18, Ironclaw ,0089-01-01, Gris metálico,0127-02-18,0132-02-18,77159.30,f,12,
739,Lucerys Targaryen,Targaryen,PRÍNCIPE,0115-01-01,Ironclaw ,0089-01-01,Gris metálico ,0146-01-01,0138-01-01,46130.86,f,16,MANTUVO VÍNCULOS CON OTRAS CASAS
740, Rhaenyra Targaryen , Targaryen ,PRINCESA,0097-03-22,Ironclaw ,0089-01-01,Gris metálico ,0139-03-22,0140-03-22,46865.73,f,18,
741, Daemon Targaryen ,TARGARYEN,Príncipe ,0081-06-05, Ironclaw,0089-01-01,Gris metálico ,0102-06-05,0119-06-05,29231.29,f,18, Jinete experimentado 
742, Jacaerys Targaryen,TARGARYEN,PRÍNCIPE,0114-01-01,Ironclaw ,0089-01-01,GRIS METÁLICO,0133-01-01,0158-01-01,38934.47,f,15,Herido durante una expedición 
743,Aegon Targaryen , Targaryen , Príncipe,0090-04-10,Ironclaw ,0089-01-01,Gris metálico ,0124-04-10,0137-04-10,68506.69,f,6, Participó en una batalla importante 
744,Helaena Targaryen ,Targaryen,princesa,0109-05-14,IRONCLAW,0089-01-01,Gris metálico ,0133-05-14,0137-05-14,28481.92,f,10, Jinete experimentado 
745, Rhaenyra Targaryen,Targaryen,Princesa,0097-03-22, Ironclaw ,0089-01-01, Gris metálico,0129-03-22,0143-03-22,82881.48,f,14,Entrenamiento militar 
746, Rhaenyra Targaryen,TARGARYEN,princesa,0097-03-22, Ironclaw ,0089-01-01, Gris metálico,0115-03-22,0141-03-22,37805.08,f,10,
747, Visenya Targaryen,targaryen,PRINCESA,0091-07-20, Ironclaw,0089-01-01, Gris metálico,0124-07-20,0137-07-20,20002.60,f,3,
748,Lucerys Targaryen ,Targaryen, Príncipe,0115-01-01,Ironclaw ,0089-01-01,Gris metálico,0154-01-01,0147-01-01,7168.94,f,13,MANTUVO VÍNCULOS CON OTRAS CASAS
749,Alyssa Targaryen,Targaryen,Lady,0095-06-17, Ironclaw,0089-01-01,GRIS METÁLICO,0113-06-17,0118-06-17,83587.15,f,7,MANTUVO VÍNCULOS CON OTRAS CASAS
750,Jaehaerys Targaryen ,TARGARYEN, Príncipe,0110-01-01,IRONCLAW,0089-01-01,Gris metálico,0130-01-01,0142-01-01,58231.23,f,15,Entrenamiento militar
751, Aegon Targaryen,targaryen, Príncipe,0090-04-10,IRONCLAW,0089-01-01,GRIS METÁLICO,0117-04-10,0130-04-10,32086.51,f,0, Registro pendiente de revisión
752, Visenya Targaryen ,targaryen, Princesa,0091-07-20,Ironclaw ,0089-01-01,Gris metálico,0130-07-20,0120-07-20,68504.78,f,11, Viaje diplomático
753,Lucerys Targaryen ,targaryen, Príncipe,0115-01-01, Ironclaw,0089-01-01,Gris metálico ,0141-01-01,0147-01-01,14597.55,f,19, Entrenamiento militar 
754, Vaelor Targaryen,Targaryen,príncipe,0103-09-12,IRONCLAW,0089-01-01,Gris metálico,0130-09-12,0144-09-12,45014.44,f,4,Registro pendiente de revisión 
755,Maeron Targaryen ,Targaryen,Príncipe ,0105-10-09, Ironclaw,0089-01-01, Gris metálico,0146-10-09,0150-10-09,35368.92,f,10,Registro histórico 
756,Maeron Targaryen ,Targaryen,Príncipe ,0105-10-09,Ironclaw ,0089-01-01, Gris metálico,0136-10-09,0135-10-09,54154.53,f,9,Participó en una batalla importante
757, Maelor Targaryen, Targaryen , Príncipe,0112-01-01,Ironclaw ,0089-01-01,Gris metálico ,0152-01-01,0151-01-01,63557.79,f,1,Herido durante una expedición 
758,Daemon Targaryen,TARGARYEN,Príncipe,0081-06-05, Ironclaw ,0089-01-01,Gris metálico ,0112-06-05,0125-06-05,86847.50,f,2,Herido durante una expedición 
759,Aemond Targaryen ,Targaryen, Príncipe,0110-02-12, Ironclaw ,0089-01-01,Gris metálico,0146-02-12,0157-02-12,88296.45,f,14,Participó en defensa del reino 
760,Vaelor Targaryen,targaryen,príncipe,0103-09-12, Ironclaw ,0089-01-01,Gris metálico,0138-09-12,0134-09-12,28676.44,f,14, Mantuvo vínculos con otras casas 
761,Maeron Targaryen ,Targaryen, Príncipe,0105-10-09, Ironclaw ,0089-01-01,GRIS METÁLICO,0124-10-09,0128-10-09,7661.03,f,17,Mantuvo vínculos con otras casas 
762,Maeron Targaryen ,TARGARYEN,Príncipe ,0105-10-09,Ironclaw ,0089-01-01,Gris metálico ,0125-10-09,0136-10-09,1672.19,f,6,Herido durante una expedición 
763,Aegon Targaryen ,targaryen,Príncipe,0090-04-10, Ironclaw,0089-01-01,Gris metálico ,0124-04-10,0132-04-10,46125.14,f,17, Mantuvo vínculos con otras casas 
764,Vaelor Targaryen ,Targaryen,Príncipe ,0103-09-12, Ironclaw,0089-01-01,Gris metálico ,0134-09-12,0142-09-12,22797.13,f,14,
765, Lucerys Targaryen,Targaryen,príncipe,0115-01-01,Ironclaw ,0089-01-01, Gris metálico,0137-01-01,0140-01-01,65553.86,f,0, Viaje diplomático
766, Aegon Targaryen ,Targaryen,príncipe,0090-04-10, Ironclaw ,0089-01-01,Gris metálico ,0119-04-10,0128-04-10,53254.85,f,6,Jinete experimentado 
767, Jaehaerys Targaryen, Targaryen , Príncipe,0110-01-01, Ironclaw,0089-01-01,Gris metálico ,0129-01-01,0134-01-01,85225.82,f,8,REGISTRO PENDIENTE DE REVISIÓN
768, Rhaegel Targaryen ,TARGARYEN,Príncipe ,0092-11-05,IRONCLAW,0089-01-01,Gris metálico,0121-11-05,0130-11-05,50337.02,f,10,Registro histórico 
769, Viserys Targaryen , Targaryen ,Rey ,0077-01-15, Ironclaw ,0089-01-01, Gris metálico,0100-01-15,0116-01-15,25565.66,f,14, Participó en defensa del reino
770, Helaena Targaryen ,targaryen,PRINCESA,0109-05-14,IRONCLAW,0089-01-01, Gris metálico,0134-05-14,0147-05-14,51459.24,f,1, Viaje diplomático
771, Jacaerys Targaryen,targaryen, Príncipe,0114-01-01,Ironclaw ,0089-01-01, Gris metálico,0135-01-01,0139-01-01,20612.50,f,10,VIAJE DIPLOMÁTICO
772, Visenya Targaryen,Targaryen,princesa,0091-07-20,IRONCLAW,0089-01-01,Gris metálico ,0121-07-20,0132-07-20,39581.48,f,8, Mantuvo vínculos con otras casas
773,Visenya Targaryen ,targaryen, Princesa,0091-07-20,IRONCLAW,0089-01-01, Gris metálico,0112-07-20,0136-07-20,52190.48,f,17,Registro pendiente de revisión 
774, Maeron Targaryen ,Targaryen,Príncipe ,0105-10-09,Ironclaw ,0089-01-01,GRIS METÁLICO,0131-10-09,0134-10-09,51119.37,f,19, Herido durante una expedición
775,Visenya Targaryen , Targaryen ,princesa,0091-07-20,Ironclaw ,0089-01-01, Gris metálico,0118-07-20,0128-07-20,85999.75,f,10, Mantuvo vínculos con otras casas
776,Daeron Targaryen , Targaryen , Príncipe,0110-08-21, Ironclaw ,0089-01-01,Gris metálico ,0139-08-21,0156-08-21,27195.91,f,1,ENTRENAMIENTO MILITAR
777,Daeron Targaryen , Targaryen ,príncipe,0110-08-21,Ironclaw ,0089-01-01,Gris metálico,0135-08-21,0136-08-21,26375.08,f,7, Viaje diplomático 
778, Rhaegel Targaryen,Targaryen,príncipe,0092-11-05, Ironclaw,0089-01-01,Gris metálico ,0112-11-05,0128-11-05,87067.72,f,4,MANTUVO VÍNCULOS CON OTRAS CASAS
779,Helaena Targaryen , Targaryen ,princesa,0109-05-14,Ironclaw ,0089-01-01,GRIS METÁLICO,0149-05-14,0141-05-14,26844.06,f,19,
780,Vaelor Targaryen ,Targaryen,príncipe,0103-09-12,Ironclaw,0089-01-01,Gris metálico,0139-09-12,0127-09-12,66990.57,f,17,PARTICIPÓ EN UNA BATALLA IMPORTANTE
781,Baela Targaryen , Targaryen ,LADY,0116-09-03,IRONCLAW,0089-01-01,GRIS METÁLICO,0135-09-03,0140-09-03,45600.26,f,5,REGISTRO PENDIENTE DE REVISIÓN
782,Maeron Targaryen,Targaryen,príncipe,0105-10-09,Ironclaw ,0089-01-01,GRIS METÁLICO,0146-10-09,0138-10-09,19009.99,f,1,Participó en una batalla importante 
783,Jacaerys Targaryen, Targaryen , Príncipe,0114-01-01,Ironclaw ,0089-01-01,Gris metálico,0154-01-01,0142-01-01,12603.58,f,10, Herido durante una expedición
784, Aemond Targaryen,targaryen, Príncipe,0110-02-12, Ironclaw ,0089-01-01,Gris metálico ,0140-02-12,0144-02-12,30619.62,f,3, Participó en una batalla importante
785,Helaena Targaryen ,Targaryen,PRINCESA,0109-05-14, Ironclaw,0089-01-01,GRIS METÁLICO,0138-05-14,0147-05-14,38104.89,f,5,
786,Aenar Targaryen ,Targaryen,Lord ,0088-02-18, Ironclaw,0089-01-01,Gris metálico,0126-02-18,0123-02-18,68517.28,f,1, Mantuvo vínculos con otras casas 
787,Visenya Targaryen,Targaryen, Princesa,0091-07-20,IRONCLAW,0089-01-01,Gris metálico,0129-07-20,0137-07-20,29072.88,f,9,MANTUVO VÍNCULOS CON OTRAS CASAS
788,Maelor Targaryen , Targaryen ,Príncipe ,0112-01-01,Ironclaw ,0089-01-01, Gris metálico,0152-01-01,0147-01-01,71608.97,f,3,Entrenamiento militar 
789, Vaelor Targaryen ,TARGARYEN,príncipe,0103-09-12,IRONCLAW,0089-01-01,Gris metálico ,0121-09-12,0138-09-12,56173.27,f,7, Herido durante una expedición 
790,Aenar Targaryen ,TARGARYEN,lord,0088-02-18, Ironclaw,0089-01-01, Gris metálico,0111-02-18,0133-02-18,1674.98,f,2, Participó en defensa del reino 
791, Vaelor Targaryen ,Targaryen,PRÍNCIPE,0103-09-12,Ironclaw ,0089-01-01,GRIS METÁLICO,0143-09-12,0136-09-12,60010.28,f,3,Entrenamiento militar 
792,Aegon Targaryen ,Targaryen, Príncipe,0090-04-10,IRONCLAW,0089-01-01,Gris metálico ,0132-04-10,0137-04-10,39076.69,f,6, Mantuvo vínculos con otras casas 
793, Aenar Targaryen , Targaryen ,lord,0088-02-18,Ironclaw ,0089-01-01,GRIS METÁLICO,0110-02-18,0113-02-18,75290.39,f,17,Jinete experimentado
794, Rhaena Targaryen, Targaryen ,lady,0116-09-03,Ironclaw ,0089-01-01,GRIS METÁLICO,0156-09-03,0147-09-03,48574.90,f,12, Mantuvo vínculos con otras casas
795,Rhaena Targaryen ,Targaryen, Lady,0116-09-03, Ironclaw ,0089-01-01, Gris metálico,0134-09-03,0158-09-03,88405.85,f,11,
796,Daemon Targaryen,targaryen,príncipe,0081-06-05, Ironclaw ,0089-01-01, Gris metálico,0110-06-05,0110-06-05,81210.66,f,0, Participó en defensa del reino 
797,Baela Targaryen ,Targaryen,lady,0116-09-03, Ironclaw,0089-01-01,Gris metálico ,0134-09-03,0151-09-03,79476.23,f,18,PARTICIPÓ EN UNA BATALLA IMPORTANTE
798, Viserys Targaryen , Targaryen , Rey,0077-01-15, Ironclaw ,0089-01-01,Gris metálico ,0104-01-15,0104-01-15,27838.25,f,7,Participó en una batalla importante 
799, Visenya Targaryen, Targaryen ,princesa,0091-07-20,IRONCLAW,0089-01-01, Gris metálico,0121-07-20,0138-07-20,57034.66,f,12, Herido durante una expedición
800, Aelora Targaryen,Targaryen, Lady,0102-04-03,Ironclaw ,0089-01-01,Gris metálico ,0136-04-03,0140-04-03,67806.13,f,11,Mantuvo vínculos con otras casas 
801, Visenya Targaryen , Targaryen ,princesa,0091-07-20, Ironclaw ,0089-01-01,Gris metálico ,0110-07-20,0125-07-20,53300.03,f,5,Herido durante una expedición 
802,Rhaegel Targaryen ,targaryen,príncipe,0092-11-05,Ironclaw ,0089-01-01,Gris metálico ,0122-11-05,0132-11-05,38915.03,f,3,PARTICIPÓ EN DEFENSA DEL REINO
803, Jacaerys Targaryen,Targaryen,PRÍNCIPE,0114-01-01, Ironclaw ,0089-01-01,Gris metálico ,0144-01-01,0153-01-01,81320.74,f,10,Participó en una batalla importante 
805, Aelora Targaryen,Targaryen, Lady,0102-04-03,Ironclaw ,0089-01-01,Gris metálico ,0132-04-03,0149-04-03,12227.39,f,10, Entrenamiento militar
806,Jaehaerys Targaryen ,targaryen,Príncipe ,0110-01-01,Ironclaw ,0089-01-01, Gris metálico,0147-01-01,0155-01-01,16358.64,f,7,
807,Rhaena Targaryen ,Targaryen,lady,0116-09-03, Ironclaw,0089-01-01, Gris metálico,0152-09-03,0150-09-03,44349.84,f,2, Mantuvo vínculos con otras casas
808,Aenar Targaryen ,Targaryen,lord,0088-02-18,IRONCLAW,0089-01-01,Gris metálico ,0116-02-18,0122-02-18,24992.37,f,3,
809, Rhaena Targaryen,TARGARYEN, Lady,0116-09-03,Ironclaw ,0089-01-01,Gris metálico ,0154-09-03,0153-09-03,1945.95,f,10, Registro histórico 
810, Aenar Targaryen ,targaryen, Lord,0088-02-18,Ironclaw ,0089-01-01,GRIS METÁLICO,0117-02-18,0133-02-18,44469.30,f,0,Herido durante una expedición 
811,Maeron Targaryen ,Targaryen, Príncipe,0105-10-09,Ironclaw ,0089-01-01, Gris metálico,0131-10-09,0148-10-09,74600.41,f,1, Viaje diplomático 
812,Alyssa Targaryen ,Targaryen,LADY,0095-06-17,Ironclaw ,0089-01-01,Gris metálico ,0135-06-17,0134-06-17,59793.11,f,15, Mantuvo vínculos con otras casas 
813, Maelor Targaryen ,targaryen, Príncipe,0112-01-01,Ironclaw ,0089-01-01,Gris metálico ,0141-01-01,0141-01-01,23889.82,f,11, Viaje diplomático
814, Vaelor Targaryen ,targaryen,Príncipe,0103-09-12,Ironclaw ,0089-01-01, Gris metálico,0126-09-12,0127-09-12,9130.26,f,0,Herido durante una expedición 
815,Rhaegel Targaryen,TARGARYEN,príncipe,0092-11-05, Ironclaw ,0089-01-01, Gris metálico,0114-11-05,0121-11-05,28764.28,f,12, Registro pendiente de revisión 
816,Maelor Targaryen ,Targaryen, Príncipe,0112-01-01,Ironclaw ,0089-01-01,Gris metálico ,0139-01-01,0159-01-01,32543.50,f,3,REGISTRO PENDIENTE DE REVISIÓN
817,Aemond Targaryen,targaryen,Príncipe ,0110-02-12,Ironclaw ,0089-01-01,Gris metálico ,0143-02-12,0156-02-12,57223.77,f,7, Entrenamiento militar
818,Aenar Targaryen, Targaryen ,LORD,0088-02-18, Ironclaw,0089-01-01,Gris metálico ,0122-02-18,0118-02-18,80637.73,f,5, Participó en defensa del reino
819,Vaelor Targaryen ,TARGARYEN,príncipe,0103-09-12,IRONCLAW,0089-01-01,Gris metálico,0135-09-12,0148-09-12,41976.71,f,3,PARTICIPÓ EN UNA BATALLA IMPORTANTE
820,Rhaena Targaryen ,Targaryen,Lady ,0116-09-03,Ironclaw,0089-01-01,GRIS METÁLICO,0139-09-03,0139-09-03,67827.32,f,9,Mantuvo vínculos con otras casas 
821, Aenar Targaryen, Targaryen ,Lord ,0088-02-18, Ironclaw,0089-01-01, Gris metálico,0117-02-18,0131-02-18,74151.17,f,7,ENTRENAMIENTO MILITAR
822,Lucerys Targaryen ,Targaryen,príncipe,0115-01-01,Ironclaw ,0089-01-01, Gris metálico,0156-01-01,0149-01-01,1300.47,f,9,JINETE EXPERIMENTADO
823,Maeron Targaryen , Targaryen ,PRÍNCIPE,0105-10-09, Ironclaw ,0089-01-01,Gris metálico ,0130-10-09,0144-10-09,26348.38,f,4, Participó en defensa del reino 
824, Lucerys Targaryen, Targaryen ,príncipe,0115-01-01, Ironclaw,0089-01-01,Gris metálico ,0146-01-01,0158-01-01,69955.52,f,12,Jinete experimentado 
825,Alyssa Targaryen ,Targaryen,lady,0095-06-17, Ironclaw ,0089-01-01, Gris metálico,0121-06-17,0120-06-17,3770.34,f,19, Participó en una batalla importante 
826,Aemond Targaryen,targaryen,príncipe,0110-02-12, Ironclaw,0089-01-01,Gris metálico ,0130-02-12,0137-02-12,9076.04,f,12,
827, Jacaerys Targaryen,Targaryen,Príncipe ,0114-01-01, Ironclaw ,0089-01-01,GRIS METÁLICO,0150-01-01,0147-01-01,26660.63,f,4,
828, Viserys Targaryen,Targaryen,REY,0077-01-15,IRONCLAW,0089-01-01,GRIS METÁLICO,0104-01-15,0102-01-15,31211.65,f,6, Participó en defensa del reino
829,Maeron Targaryen ,targaryen,príncipe,0105-10-09,Ironclaw ,0089-01-01,Gris metálico,0133-10-09,0132-10-09,56304.04,f,2, Registro pendiente de revisión
830,Aelora Targaryen ,Targaryen,LADY,0102-04-03, Ironclaw ,0089-01-01,Gris metálico,0144-04-03,0135-04-03,7758.42,f,9,Registro pendiente de revisión 
831, Rhaena Targaryen,Targaryen, Lady,0116-09-03, Ironclaw,0089-01-01,GRIS METÁLICO,0151-09-03,0152-09-03,27766.57,f,6, Viaje diplomático 
832, Vaelor Targaryen , Targaryen ,príncipe,0103-09-12, Ironclaw,0089-01-01,GRIS METÁLICO,0121-09-12,0130-09-12,75668.91,f,16,Jinete experimentado
833,Jacaerys Targaryen ,targaryen,Príncipe,0114-01-01,Ironclaw ,0089-01-01,Gris metálico ,0146-01-01,0160-01-01,14813.05,f,1,Entrenamiento militar
834,Aemond Targaryen,Targaryen, Príncipe,0110-02-12,IRONCLAW,0089-01-01,Gris metálico,0131-02-12,0155-02-12,3524.07,f,11,Registro histórico 
835,Visenya Targaryen, Targaryen , Princesa,0091-07-20,IRONCLAW,0089-01-01,Gris metálico ,0111-07-20,0116-07-20,40051.96,f,5,Mantuvo vínculos con otras casas 
836, Maeron Targaryen, Targaryen ,PRÍNCIPE,0105-10-09, Ironclaw,0089-01-01,GRIS METÁLICO,0132-10-09,0148-10-09,17614.00,f,6, Registro pendiente de revisión 
837, Lucerys Targaryen,targaryen, Príncipe,0115-01-01, Ironclaw ,0089-01-01,Gris metálico ,0155-01-01,0152-01-01,70023.97,f,6,VIAJE DIPLOMÁTICO
838,Daemon Targaryen ,targaryen,Príncipe ,0081-06-05,IRONCLAW,0089-01-01,Gris metálico ,0114-06-05,0128-06-05,13488.46,f,11, Jinete experimentado
839,Maelor Targaryen ,targaryen,PRÍNCIPE,0112-01-01,Ironclaw,0089-01-01,Gris metálico ,0136-01-01,0158-01-01,6630.49,f,13,Participó en defensa del reino 
840,Vaelor Targaryen ,Targaryen,príncipe,0103-09-12, Ironclaw,0089-01-01,Gris metálico ,0128-09-12,0138-09-12,44870.92,f,1, Participó en defensa del reino
841, Jacaerys Targaryen , Targaryen ,PRÍNCIPE,0114-01-01,Ironclaw,0089-01-01, Gris metálico,0151-01-01,0146-01-01,23477.85,f,3,Herido durante una expedición
842,Rhaenyra Targaryen , Targaryen ,Princesa,0097-03-22, Ironclaw,0089-01-01,Gris metálico ,0129-03-22,0142-03-22,80708.63,f,5,Participó en una batalla importante 
843, Jaehaerys Targaryen ,Targaryen,príncipe,0110-01-01,Ironclaw,0089-01-01,Gris metálico ,0134-01-01,0147-01-01,40561.63,f,7, Jinete experimentado 
844,Jacaerys Targaryen , Targaryen ,PRÍNCIPE,0114-01-01, Ironclaw ,0089-01-01, Gris metálico,0134-01-01,0137-01-01,5546.75,f,8, Registro pendiente de revisión 
845, Aemond Targaryen,Targaryen,PRÍNCIPE,0110-02-12,Ironclaw ,0089-01-01,Gris metálico ,0146-02-12,0133-02-12,48672.68,f,13,Viaje diplomático 
846, Alyssa Targaryen,Targaryen,lady,0095-06-17,IRONCLAW,0089-01-01, Gris metálico,0117-06-17,0132-06-17,31367.71,f,4,Registro histórico 
847,Rhaena Targaryen , Targaryen ,LADY,0116-09-03,Ironclaw ,0089-01-01, Gris metálico,0134-09-03,0141-09-03,40053.48,f,2,Participó en defensa del reino 
848, Aenar Targaryen ,targaryen,lord,0088-02-18, Ironclaw,0089-01-01, Gris metálico,0128-02-18,0125-02-18,69897.97,f,2, Mantuvo vínculos con otras casas 
849, Aenar Targaryen ,Targaryen, Lord,0088-02-18, Ironclaw,0089-01-01, Gris metálico,0107-02-18,0112-02-18,60963.82,f,0, Participó en una batalla importante
850,Aemond Targaryen ,Targaryen,PRÍNCIPE,0110-02-12, Ironclaw ,0089-01-01,GRIS METÁLICO,0135-02-12,0133-02-12,47206.29,f,17,
851, Rhaena Targaryen, Targaryen ,lady,0116-09-03, Ironclaw,0089-01-01,Gris metálico ,0147-09-03,0147-09-03,10672.66,f,2,Registro histórico 
852,Vaelor Targaryen , Targaryen ,PRÍNCIPE,0103-09-12,IRONCLAW,0089-01-01, Gris metálico,0130-09-12,0140-09-12,73195.80,f,5, Herido durante una expedición
853, Jaehaerys Targaryen,TARGARYEN,príncipe,0110-01-01,Ironclaw,0089-01-01,GRIS METÁLICO,0134-01-01,0152-01-01,78859.86,f,9,
854, Aenar Targaryen , Targaryen , Lord,0088-02-18,Ironclaw ,0089-01-01, Gris metálico,0129-02-18,0120-02-18,87600.79,f,12, Participó en defensa del reino 
855,Vaelor Targaryen ,targaryen, Príncipe,0103-09-12, Ironclaw,0089-01-01,GRIS METÁLICO,0125-09-12,0130-09-12,14164.01,f,17,
856,Helaena Targaryen ,targaryen,princesa,0109-05-14,Ironclaw ,0089-01-01,GRIS METÁLICO,0150-05-14,0138-05-14,75203.92,f,3, Entrenamiento militar
857, Baela Targaryen,Targaryen, Lady,0116-09-03, Ironclaw ,0089-01-01,Gris metálico ,0145-09-03,0152-09-03,60064.41,f,16, Viaje diplomático 
858,Rhaena Targaryen ,targaryen,lady,0116-09-03,Ironclaw,0089-01-01,Gris metálico ,0135-09-03,0149-09-03,67358.36,f,16, Registro pendiente de revisión 
859,Rhaegel Targaryen ,Targaryen, Príncipe,0092-11-05, Ironclaw ,0089-01-01,Gris metálico ,0116-11-05,0139-11-05,68107.68,f,6, Herido durante una expedición 
860, Alyssa Targaryen,TARGARYEN,Lady ,0095-06-17, Ironclaw ,0089-01-01,Gris metálico,0135-06-17,0131-06-17,21139.30,f,10,Participó en defensa del reino 
861,Daemon Targaryen ,targaryen,Príncipe ,0081-06-05, Ironclaw ,0089-01-01,Gris metálico ,0120-06-05,0106-06-05,57677.81,f,15,PARTICIPÓ EN UNA BATALLA IMPORTANTE
862,Vaelor Targaryen ,Targaryen,PRÍNCIPE,0103-09-12,Ironclaw,0089-01-01,Gris metálico ,0135-09-12,0133-09-12,15648.90,f,4,REGISTRO HISTÓRICO
863,Aegon Targaryen , Targaryen ,PRÍNCIPE,0090-04-10, Ironclaw ,0089-01-01,GRIS METÁLICO,0117-04-10,0126-04-10,37334.86,f,7,Mantuvo vínculos con otras casas 
864,Baela Targaryen ,targaryen, Lady,0116-09-03, Ironclaw ,0089-01-01,GRIS METÁLICO,0144-09-03,0147-09-03,5124.11,f,1,VIAJE DIPLOMÁTICO
865, Aemond Targaryen ,Targaryen,príncipe,0110-02-12,Ironclaw ,0089-01-01,Gris metálico ,0134-02-12,0151-02-12,76277.30,f,2,Registro pendiente de revisión 
866,Rhaegel Targaryen ,TARGARYEN,príncipe,0092-11-05, Ironclaw ,0089-01-01,Gris metálico ,0132-11-05,0124-11-05,35981.60,f,1,Participó en una batalla importante 
867, Baela Targaryen,Targaryen,lady,0116-09-03,IRONCLAW,0089-01-01, Gris metálico,0152-09-03,0141-09-03,90230.90,f,11, Entrenamiento militar 
868,Vaelor Targaryen,Targaryen,PRÍNCIPE,0103-09-12,IRONCLAW,0089-01-01, Gris metálico,0140-09-12,0126-09-12,32270.92,f,5, Herido durante una expedición
869, Aemond Targaryen ,TARGARYEN, Príncipe,0110-02-12,IRONCLAW,0089-01-01,GRIS METÁLICO,0132-02-12,0141-02-12,11892.68,f,3,Mantuvo vínculos con otras casas 
870, Daemon Targaryen ,TARGARYEN,Príncipe ,0081-06-05,Ironclaw ,0089-01-01,Gris metálico ,0113-06-05,0128-06-05,64921.66,f,2,
871,Aenar Targaryen , Targaryen ,lord,0088-02-18,IRONCLAW,0089-01-01,GRIS METÁLICO,0115-02-18,0130-02-18,6089.92,f,15, Registro histórico 
872,Daeron Targaryen,Targaryen, Príncipe,0110-08-21, Ironclaw ,0089-01-01, Gris metálico,0134-08-21,0157-08-21,78708.05,f,8,Entrenamiento militar 
873,Lucerys Targaryen ,targaryen, Príncipe,0115-01-01,IRONCLAW,0089-01-01,Gris metálico ,0139-01-01,0148-01-01,44458.23,f,15, Mantuvo vínculos con otras casas 
874, Rhaena Targaryen,targaryen,lady,0116-09-03, Ironclaw,0089-01-01,Gris metálico ,0151-09-03,0160-09-03,69334.47,f,3, Registro pendiente de revisión 
875, Alyssa Targaryen ,targaryen,Lady,0095-06-17,Ironclaw ,0089-01-01, Gris metálico,0123-06-17,0125-06-17,63478.10,f,17, Herido durante una expedición
876, Aelora Targaryen ,targaryen,LADY,0102-04-03,Ironclaw,0089-01-01,Gris metálico,0133-04-03,0145-04-03,13848.70,f,10, Registro pendiente de revisión
877,Lucerys Targaryen,TARGARYEN,príncipe,0115-01-01, Ironclaw ,0089-01-01, Gris metálico,0155-01-01,0139-01-01,44262.31,f,13, Participó en defensa del reino
878, Rhaena Targaryen ,targaryen, Lady,0116-09-03,Ironclaw,0089-01-01, Gris metálico,0141-09-03,0144-09-03,52587.15,f,6,
879, Rhaena Targaryen, Targaryen ,lady,0116-09-03, Ironclaw ,0089-01-01,Gris metálico ,0155-09-03,0157-09-03,58355.01,f,17,Herido durante una expedición 
880,Visenya Targaryen ,Targaryen,Princesa,0091-07-20,Ironclaw ,0089-01-01,GRIS METÁLICO,0123-07-20,0127-07-20,16508.28,f,1,
881,Jacaerys Targaryen , Targaryen ,PRÍNCIPE,0114-01-01,IRONCLAW,0089-01-01,Gris metálico,0135-01-01,0158-01-01,79025.77,f,17,
882, Daemon Targaryen ,Targaryen,PRÍNCIPE,0081-06-05, Ironclaw ,0089-01-01,GRIS METÁLICO,0121-06-05,0109-06-05,40466.74,f,19,Participó en una batalla importante 
883,Alyssa Targaryen ,targaryen,Lady ,0095-06-17,IRONCLAW,0089-01-01,GRIS METÁLICO,0124-06-17,0123-06-17,64856.91,f,18, Jinete experimentado
884,Helaena Targaryen , Targaryen ,princesa,0109-05-14,IRONCLAW,0089-01-01,Gris metálico ,0148-05-14,0133-05-14,77344.30,f,15, Viaje diplomático
885, Baela Targaryen, Targaryen , Lady,0116-09-03, Ironclaw ,0089-01-01,Gris metálico,0138-09-03,0156-09-03,45920.18,f,10, Jinete experimentado 
886,Aegon Targaryen , Targaryen , Príncipe,0090-04-10,Ironclaw ,0089-01-01, Gris metálico,0120-04-10,0117-04-10,56027.26,f,5,REGISTRO PENDIENTE DE REVISIÓN
887,Maeron Targaryen ,Targaryen,PRÍNCIPE,0105-10-09,Ironclaw,0089-01-01,Gris metálico,0141-10-09,0152-10-09,28300.30,f,7, Registro pendiente de revisión
888, Helaena Targaryen ,targaryen, Princesa,0109-05-14,IRONCLAW,0089-01-01,Gris metálico ,0139-05-14,0153-05-14,78135.01,f,7,Viaje diplomático 
889, Alyssa Targaryen , Targaryen ,LADY,0095-06-17, Ironclaw ,0089-01-01,GRIS METÁLICO,0136-06-17,0124-06-17,73767.15,f,2,Jinete experimentado 
890, Aenar Targaryen,targaryen, Lord,0088-02-18, Ironclaw,0089-01-01,Gris metálico ,0129-02-18,0117-02-18,49536.79,f,14, Viaje diplomático 
891, Rhaena Targaryen, Targaryen ,lady,0116-09-03, Ironclaw ,0089-01-01,GRIS METÁLICO,0140-09-03,0146-09-03,22726.92,f,8, Herido durante una expedición
892, Alyssa Targaryen,targaryen, Lady,0095-06-17, Ironclaw ,0089-01-01,Gris metálico ,0137-06-17,0119-06-17,35803.55,f,19,
893, Alyssa Targaryen,Targaryen,LADY,0095-06-17,Ironclaw ,0089-01-01,Gris metálico ,0132-06-17,0141-06-17,75515.53,f,17, Registro histórico 
894,Aelora Targaryen ,targaryen,LADY,0102-04-03,Ironclaw ,0089-01-01,Gris metálico ,0123-04-03,0140-04-03,66304.38,f,1,
895, Maelor Targaryen,targaryen,PRÍNCIPE,0112-01-01,Ironclaw ,0089-01-01,Gris metálico ,0144-01-01,0135-01-01,38861.96,f,17,
896, Aelora Targaryen,Targaryen, Lady,0102-04-03, Ironclaw ,0089-01-01,Gris metálico ,0123-04-03,0147-04-03,33185.99,f,6,HERIDO DURANTE UNA EXPEDICIÓN
897, Visenya Targaryen ,Targaryen, Princesa,0091-07-20, Ironclaw,0089-01-01,GRIS METÁLICO,0112-07-20,0128-07-20,67106.20,f,1, Viaje diplomático 
898, Visenya Targaryen , Targaryen , Princesa,0091-07-20,Ironclaw ,0089-01-01,Gris metálico,0126-07-20,0126-07-20,72739.89,f,19,ENTRENAMIENTO MILITAR
899,Alyssa Targaryen ,Targaryen, Lady,0095-06-17, Ironclaw,0089-01-01,Gris metálico ,0113-06-17,0130-06-17,16464.63,f,1, Participó en una batalla importante 
900, Daeron Targaryen,Targaryen,príncipe,0110-08-21,Ironclaw ,0089-01-01,Gris metálico ,0147-08-21,0137-08-21,61604.52,f,10,Registro pendiente de revisión 
901, Rhaenyra Targaryen ,Targaryen,princesa,0097-03-22,Ironclaw,0089-01-01,GRIS METÁLICO,0115-03-22,0139-03-22,22062.06,f,11,REGISTRO PENDIENTE DE REVISIÓN
902,Helaena Targaryen ,targaryen,Princesa ,0109-05-14, Ironclaw ,0089-01-01,GRIS METÁLICO,0136-05-14,0152-05-14,87150.68,f,16, Registro histórico
903,Daeron Targaryen,Targaryen,Príncipe ,0110-08-21,IRONCLAW,0089-01-01,Gris metálico,0138-08-21,0140-08-21,38660.34,f,8,
904,Aegon Targaryen ,Targaryen,Príncipe ,0090-04-10, Ironclaw ,0089-01-01, Gris metálico,0111-04-10,0125-04-10,22119.26,f,18,REGISTRO HISTÓRICO
905, Rhaegel Targaryen, Targaryen ,príncipe,0092-11-05,Ironclaw,0089-01-01,GRIS METÁLICO,0117-11-05,0127-11-05,87264.48,f,16, Participó en una batalla importante 
906, Visenya Targaryen,Targaryen,PRINCESA,0091-07-20,Ironclaw ,0089-01-01,Gris metálico ,0119-07-20,0118-07-20,44928.10,f,17, Registro histórico 
907,Aelora Targaryen, Targaryen , Lady,0102-04-03, Ironclaw ,0089-01-01,Gris metálico ,0129-04-03,0126-04-03,16165.95,f,1, Participó en una batalla importante 
908, Visenya Targaryen,targaryen,princesa,0091-07-20,IRONCLAW,0089-01-01,Gris metálico ,0124-07-20,0124-07-20,7582.12,f,11, Registro histórico 
909,Daeron Targaryen ,targaryen,príncipe,0110-08-21, Ironclaw ,0089-01-01,Gris metálico,0149-08-21,0141-08-21,21574.90,f,8,ENTRENAMIENTO MILITAR
910,Maelor Targaryen ,Targaryen, Príncipe,0112-01-01,IRONCLAW,0089-01-01,Gris metálico ,0131-01-01,0152-01-01,44124.15,f,17, Jinete experimentado 
911, Lucerys Targaryen, Targaryen , Príncipe,0115-01-01, Ironclaw ,0089-01-01, Gris metálico,0140-01-01,0139-01-01,34045.34,f,16, Entrenamiento militar 
912, Helaena Targaryen,TARGARYEN, Princesa,0109-05-14, Ironclaw,0089-01-01,Gris metálico ,0139-05-14,0147-05-14,58901.75,f,17, Mantuvo vínculos con otras casas 
913, Baela Targaryen ,Targaryen,lady,0116-09-03, Ironclaw,0089-01-01,Gris metálico ,0155-09-03,0149-09-03,56793.14,f,4,PARTICIPÓ EN DEFENSA DEL REINO
914,Rhaena Targaryen ,TARGARYEN, Lady,0116-09-03, Ironclaw,0089-01-01,Gris metálico ,0155-09-03,0140-09-03,43838.61,f,16, Participó en defensa del reino 
915,Lucerys Targaryen , Targaryen ,Príncipe ,0115-01-01,Ironclaw ,0089-01-01,GRIS METÁLICO,0155-01-01,0142-01-01,57427.07,f,10,ENTRENAMIENTO MILITAR
916, Daeron Targaryen,Targaryen,príncipe,0110-08-21,Ironclaw ,0089-01-01,Gris metálico,0148-08-21,0135-08-21,66653.46,f,18, Mantuvo vínculos con otras casas
917, Viserys Targaryen ,TARGARYEN,rey,0077-01-15, Ironclaw,0089-01-01,Gris metálico,0100-01-15,0106-01-15,17102.22,f,15, Jinete experimentado
918, Jacaerys Targaryen , Targaryen , Príncipe,0114-01-01,Ironclaw,0089-01-01,Gris metálico ,0153-01-01,0153-01-01,84290.14,f,17, Viaje diplomático 
919,Lucerys Targaryen ,TARGARYEN,PRÍNCIPE,0115-01-01,Ironclaw,0089-01-01, Gris metálico,0145-01-01,0148-01-01,8703.42,f,10,Herido durante una expedición 
920,Alyssa Targaryen ,Targaryen, Lady,0095-06-17,Ironclaw ,0089-01-01,Gris metálico ,0131-06-17,0129-06-17,68053.60,f,10, Herido durante una expedición 
921,Aelora Targaryen , Targaryen , Lady,0102-04-03,IRONCLAW,0089-01-01,Gris metálico,0131-04-03,0136-04-03,30951.18,f,16, Jinete experimentado 
922,Aenar Targaryen, Targaryen , Lord,0088-02-18, Ironclaw,0089-01-01,GRIS METÁLICO,0114-02-18,0134-02-18,81343.10,f,16, Mantuvo vínculos con otras casas 
923, Aelora Targaryen ,targaryen,lady,0102-04-03, Ironclaw,0089-01-01, Gris metálico,0141-04-03,0138-04-03,54953.52,f,4, Registro pendiente de revisión
924, Lucerys Targaryen,Targaryen,príncipe,0115-01-01, Ironclaw ,0089-01-01,GRIS METÁLICO,0135-01-01,0143-01-01,80012.53,f,10,Registro histórico 
925, Daemon Targaryen ,Targaryen, Príncipe,0081-06-05, Ironclaw,0089-01-01,GRIS METÁLICO,0103-06-05,0114-06-05,58107.42,f,17, Registro pendiente de revisión
926, Daeron Targaryen ,Targaryen,PRÍNCIPE,0110-08-21,IRONCLAW,0089-01-01, Gris metálico,0132-08-21,0136-08-21,21161.83,f,6, Participó en una batalla importante 
927, Daeron Targaryen,TARGARYEN,príncipe,0110-08-21,Ironclaw,0089-01-01,Gris metálico ,0141-08-21,0134-08-21,72174.41,f,19, Participó en defensa del reino
928,Viserys Targaryen,TARGARYEN,rey,0077-01-15,IRONCLAW,0089-01-01, Gris metálico,0106-01-15,0104-01-15,48270.08,f,3,Registro pendiente de revisión 
929, Alyssa Targaryen , Targaryen ,lady,0095-06-17, Ironclaw,0089-01-01,Gris metálico ,0115-06-17,0136-06-17,21883.86,f,10, Viaje diplomático 
930, Rhaegel Targaryen ,Targaryen,príncipe,0092-11-05, Ironclaw,0089-01-01,Gris metálico ,0113-11-05,0133-11-05,89053.43,f,1,Registro histórico 
931,Helaena Targaryen , Targaryen ,Princesa ,0109-05-14,Ironclaw ,0089-01-01,GRIS METÁLICO,0135-05-14,0145-05-14,35331.80,f,15,Registro pendiente de revisión 
932,Lucerys Targaryen ,TARGARYEN,Príncipe,0115-01-01, Ironclaw,0089-01-01,Gris metálico ,0144-01-01,0157-01-01,43786.66,f,16,Registro pendiente de revisión 
933,Aegon Targaryen ,Targaryen,PRÍNCIPE,0090-04-10,IRONCLAW,0089-01-01, Gris metálico,0115-04-10,0116-04-10,56467.95,f,9,Participó en defensa del reino 
934,Helaena Targaryen ,Targaryen,Princesa ,0109-05-14, Ironclaw,0089-01-01, Gris metálico,0149-05-14,0151-05-14,7242.13,f,19,Herido durante una expedición 
935,Alyssa Targaryen ,targaryen,Lady ,0095-06-17,IRONCLAW,0089-01-01, Gris metálico,0127-06-17,0134-06-17,71252.98,f,9,Herido durante una expedición 
936,Alyssa Targaryen , Targaryen ,LADY,0095-06-17, Ironclaw ,0089-01-01, Gris metálico,0117-06-17,0137-06-17,44372.03,f,7,Herido durante una expedición 
937,Rhaena Targaryen , Targaryen ,LADY,0116-09-03, Ironclaw,0089-01-01,Gris metálico ,0149-09-03,0146-09-03,58494.81,f,6,
938,Daemon Targaryen ,targaryen,príncipe,0081-06-05, Ironclaw ,0089-01-01,Gris metálico ,0120-06-05,0115-06-05,87982.29,f,14,Registro histórico 
939,Rhaenyra Targaryen ,Targaryen,PRINCESA,0097-03-22, Ironclaw ,0089-01-01,GRIS METÁLICO,0116-03-22,0144-03-22,57102.72,f,13,PARTICIPÓ EN UNA BATALLA IMPORTANTE
940,Baela Targaryen ,Targaryen, Lady,0116-09-03,Ironclaw ,0089-01-01,GRIS METÁLICO,0158-09-03,0149-09-03,62428.08,f,19,Participó en una batalla importante
941, Aegon Targaryen,Targaryen,príncipe,0090-04-10,IRONCLAW,0089-01-01, Gris metálico,0113-04-10,0130-04-10,38129.10,f,5,Entrenamiento militar 
942, Viserys Targaryen ,Targaryen,rey,0077-01-15, Ironclaw ,0089-01-01,GRIS METÁLICO,0113-01-15,0113-01-15,44803.24,f,16,
943, Vaelor Targaryen,Targaryen,príncipe,0103-09-12, Ironclaw ,0089-01-01, Gris metálico,0132-09-12,0142-09-12,57866.24,f,2,Jinete experimentado 
944,Daemon Targaryen ,targaryen,PRÍNCIPE,0081-06-05, Ironclaw,0089-01-01,GRIS METÁLICO,0115-06-05,0109-06-05,86671.65,f,3,
945, Aelora Targaryen ,Targaryen, Lady,0102-04-03,IRONCLAW,0089-01-01, Gris metálico,0144-04-03,0137-04-03,79203.56,f,9,Herido durante una expedición
946, Daeron Targaryen , Targaryen ,príncipe,0110-08-21, Ironclaw,0089-01-01,Gris metálico ,0144-08-21,0150-08-21,55174.47,f,6,Registro pendiente de revisión 
947,Aemond Targaryen ,targaryen,PRÍNCIPE,0110-02-12, Ironclaw ,0089-01-01,GRIS METÁLICO,0136-02-12,0154-02-12,10694.26,f,19, Jinete experimentado 
948, Aemond Targaryen , Targaryen ,Príncipe ,0110-02-12, Ironclaw,0089-01-01, Gris metálico,0133-02-12,0151-02-12,25846.80,f,6,Registro pendiente de revisión 
949,Viserys Targaryen , Targaryen ,REY,0077-01-15,Ironclaw ,0089-01-01, Gris metálico,0108-01-15,0111-01-15,83098.22,f,0, Registro pendiente de revisión
950, Lucerys Targaryen,targaryen, Príncipe,0115-01-01,IRONCLAW,0089-01-01,Gris metálico ,0151-01-01,0145-01-01,36458.03,f,2,
951, Aenar Targaryen ,Targaryen,LORD,0088-02-18, Ironclaw,0089-01-01,Gris metálico ,0119-02-18,0123-02-18,55602.64,f,9,
952,Daeron Targaryen ,targaryen,príncipe,0110-08-21,Ironclaw ,0089-01-01,Gris metálico ,0146-08-21,0140-08-21,69362.75,f,12,VIAJE DIPLOMÁTICO
953,Maelor Targaryen,targaryen,príncipe,0112-01-01, Ironclaw ,0089-01-01,Gris metálico ,0138-01-01,0158-01-01,75889.59,f,12,Herido durante una expedición 
954, Vaelor Targaryen,targaryen,Príncipe ,0103-09-12,Ironclaw ,0089-01-01, Gris metálico,0140-09-12,0134-09-12,5069.19,f,6,REGISTRO HISTÓRICO
955,Maelor Targaryen ,targaryen,príncipe,0112-01-01,IRONCLAW,0089-01-01,Gris metálico ,0152-01-01,0138-01-01,39679.77,f,16,Registro histórico 
956,Maelor Targaryen, Targaryen ,PRÍNCIPE,0112-01-01, Ironclaw ,0089-01-01,GRIS METÁLICO,0135-01-01,0157-01-01,18064.03,f,17, Viaje diplomático 
957, Rhaenyra Targaryen ,targaryen, Princesa,0097-03-22,Ironclaw,0089-01-01,Gris metálico,0125-03-22,0137-03-22,69413.07,f,12,REGISTRO PENDIENTE DE REVISIÓN
958, Jaehaerys Targaryen,Targaryen, Príncipe,0110-01-01,IRONCLAW,0089-01-01,Gris metálico,0148-01-01,0152-01-01,59565.74,f,7, Participó en una batalla importante 
959, Aegon Targaryen,targaryen,PRÍNCIPE,0090-04-10,Ironclaw ,0089-01-01,GRIS METÁLICO,0111-04-10,0116-04-10,11443.70,f,13,PARTICIPÓ EN UNA BATALLA IMPORTANTE
960,Vaelor Targaryen ,Targaryen,PRÍNCIPE,0103-09-12,Ironclaw ,0089-01-01,Gris metálico ,0128-09-12,0143-09-12,37736.38,f,10, Mantuvo vínculos con otras casas 
961, Visenya Targaryen ,Targaryen,princesa,0091-07-20, Ironclaw,0089-01-01,Gris metálico ,0120-07-20,0117-07-20,36829.40,f,14,Entrenamiento militar 
962, Rhaena Targaryen ,Targaryen,lady,0116-09-03, Ironclaw ,0089-01-01, Gris metálico,0144-09-03,0157-09-03,29322.88,f,3, Participó en una batalla importante 
963,Aegon Targaryen ,targaryen,Príncipe ,0090-04-10, Ironclaw,0089-01-01,Gris metálico ,0110-04-10,0121-04-10,45147.37,f,6,ENTRENAMIENTO MILITAR
964, Aelora Targaryen,targaryen,LADY,0102-04-03, Ironclaw,0089-01-01, Gris metálico,0120-04-03,0142-04-03,48134.20,f,16,PARTICIPÓ EN DEFENSA DEL REINO
965,Jaehaerys Targaryen ,targaryen, Príncipe,0110-01-01, Ironclaw ,0089-01-01,Gris metálico ,0128-01-01,0145-01-01,18721.20,f,2,
966, Aenar Targaryen,TARGARYEN,Lord ,0088-02-18, Ironclaw,0089-01-01, Gris metálico,0123-02-18,0131-02-18,88726.28,f,4, Participó en una batalla importante
967,Aelora Targaryen ,targaryen,Lady,0102-04-03,IRONCLAW,0089-01-01,GRIS METÁLICO,0120-04-03,0146-04-03,61716.55,f,15, Viaje diplomático 
968, Rhaegel Targaryen,Targaryen,PRÍNCIPE,0092-11-05, Ironclaw ,0089-01-01,Gris metálico ,0110-11-05,0115-11-05,6569.96,f,6,Viaje diplomático 
969, Vaelor Targaryen,targaryen,Príncipe ,0103-09-12, Ironclaw,0089-01-01, Gris metálico,0132-09-12,0137-09-12,81195.72,f,0,Entrenamiento militar 
970, Rhaegel Targaryen,Targaryen,príncipe,0092-11-05,Ironclaw ,0089-01-01,GRIS METÁLICO,0119-11-05,0118-11-05,41328.07,f,3, Viaje diplomático
971, Maeron Targaryen ,TARGARYEN, Príncipe,0105-10-09, Ironclaw ,0089-01-01,Gris metálico ,0140-10-09,0133-10-09,44125.03,f,6, Participó en defensa del reino
972,Jaehaerys Targaryen ,targaryen,príncipe,0110-01-01,Ironclaw ,0089-01-01,Gris metálico ,0132-01-01,0139-01-01,35955.12,f,6,HERIDO DURANTE UNA EXPEDICIÓN
973,Maelor Targaryen ,Targaryen,PRÍNCIPE,0112-01-01,Ironclaw ,0089-01-01,GRIS METÁLICO,0151-01-01,0147-01-01,86993.52,f,10,
974,Maeron Targaryen ,Targaryen,Príncipe ,0105-10-09,Ironclaw ,0089-01-01,Gris metálico ,0137-10-09,0147-10-09,68668.60,f,18, Jinete experimentado
975, Maelor Targaryen,targaryen, Príncipe,0112-01-01,IRONCLAW,0089-01-01,Gris metálico ,0134-01-01,0151-01-01,13134.34,f,3,Registro histórico 
976,Alyssa Targaryen ,TARGARYEN,lady,0095-06-17,Ironclaw ,0089-01-01,GRIS METÁLICO,0114-06-17,0135-06-17,71337.84,f,13,Registro pendiente de revisión 
977, Maelor Targaryen,targaryen, Príncipe,0112-01-01, Ironclaw,0089-01-01,Gris metálico ,0145-01-01,0150-01-01,8632.15,f,10, Participó en una batalla importante
978, Helaena Targaryen , Targaryen ,PRINCESA,0109-05-14, Ironclaw ,0089-01-01,GRIS METÁLICO,0147-05-14,0132-05-14,35856.31,f,13, Registro pendiente de revisión 
979,Rhaenyra Targaryen , Targaryen ,PRINCESA,0097-03-22,Ironclaw,0089-01-01,Gris metálico ,0118-03-22,0143-03-22,34920.55,f,10,
980,Baela Targaryen ,targaryen, Lady,0116-09-03, Ironclaw ,0089-01-01,Gris metálico ,0138-09-03,0148-09-03,83638.48,f,14, Registro histórico
981,Rhaegel Targaryen, Targaryen ,Príncipe ,0092-11-05, Ironclaw,0089-01-01,GRIS METÁLICO,0130-11-05,0120-11-05,53028.52,f,11, Entrenamiento militar 
982,Rhaena Targaryen , Targaryen , Lady,0116-09-03,Ironclaw ,0089-01-01,GRIS METÁLICO,0142-09-03,0139-09-03,39776.19,f,1,REGISTRO PENDIENTE DE REVISIÓN
983, Alyssa Targaryen,Targaryen,lady,0095-06-17,Ironclaw ,0089-01-01,GRIS METÁLICO,0131-06-17,0125-06-17,19342.65,f,11,Registro histórico 
984, Visenya Targaryen ,Targaryen,princesa,0091-07-20,Ironclaw,0089-01-01,Gris metálico ,0133-07-20,0129-07-20,73367.68,f,0,
985,Helaena Targaryen ,targaryen,Princesa ,0109-05-14,Ironclaw ,0089-01-01, Gris metálico,0140-05-14,0151-05-14,16444.70,f,9,Participó en defensa del reino 
986, Viserys Targaryen ,TARGARYEN,Rey ,0077-01-15, Ironclaw ,0089-01-01,Gris metálico,0112-01-15,0107-01-15,1499.05,f,14, Herido durante una expedición 
987,Lucerys Targaryen , Targaryen ,príncipe,0115-01-01, Ironclaw,0089-01-01,Gris metálico ,0136-01-01,0150-01-01,82941.22,f,13,Registro histórico 
988,Rhaena Targaryen ,Targaryen,lady,0116-09-03, Ironclaw,0089-01-01, Gris metálico,0137-09-03,0155-09-03,7275.14,f,17,Mantuvo vínculos con otras casas 
989,Vaelor Targaryen ,TARGARYEN,PRÍNCIPE,0103-09-12,Ironclaw,0089-01-01, Gris metálico,0123-09-12,0135-09-12,83910.74,f,2, Entrenamiento militar
990,Helaena Targaryen, Targaryen ,princesa,0109-05-14,IRONCLAW,0089-01-01, Gris metálico,0136-05-14,0135-05-14,48223.08,f,12, Registro histórico 
991,Jacaerys Targaryen,targaryen,príncipe,0114-01-01, Ironclaw ,0089-01-01,GRIS METÁLICO,0154-01-01,0139-01-01,34061.59,f,15, Registro histórico
992,Maelor Targaryen ,targaryen,príncipe,0112-01-01, Ironclaw ,0089-01-01,Gris metálico ,0147-01-01,0143-01-01,85608.74,f,1, Registro pendiente de revisión
993, Visenya Targaryen ,targaryen,Princesa,0091-07-20,Ironclaw,0089-01-01, Gris metálico,0133-07-20,0133-07-20,75022.64,f,19,Participó en defensa del reino 
994, Vaelor Targaryen,Targaryen,príncipe,0103-09-12,Ironclaw ,0089-01-01, Gris metálico,0138-09-12,0138-09-12,59617.81,f,4, Mantuvo vínculos con otras casas 
995,Aegon Targaryen,targaryen,Príncipe,0090-04-10,Ironclaw ,0089-01-01,Gris metálico ,0128-04-10,0116-04-10,16146.21,f,3,Registro histórico 
996,Jacaerys Targaryen,targaryen,príncipe,0114-01-01,Ironclaw ,0089-01-01,GRIS METÁLICO,0147-01-01,0155-01-01,36673.20,f,7, Registro pendiente de revisión
997, Viserys Targaryen,targaryen,rey,0077-01-15,Ironclaw ,0089-01-01,Gris metálico ,0118-01-15,0104-01-15,45482.81,f,8, Viaje diplomático 
998,Visenya Targaryen,TARGARYEN,princesa,0091-07-20, Ironclaw ,0089-01-01,Gris metálico ,0127-07-20,0118-07-20,44747.61,f,5,Participó en una batalla importante 
999, Aegon Targaryen,TARGARYEN, Príncipe,0090-04-10,Ironclaw ,0089-01-01,GRIS METÁLICO,0110-04-10,0123-04-10,38628.59,f,13,Participó en defensa del reino 
1000, Aegon Targaryen ,Targaryen, Príncipe,0090-04-10, Ironclaw,0089-01-01,GRIS METÁLICO,0128-04-10,0129-04-10,65675.37,f,1, Jinete experimentado 
1001,Jaehaerys Targaryen, Targaryen , Príncipe,0110-01-01, Ironclaw ,0089-01-01,GRIS METÁLICO,0132-01-01,0138-01-01,46463.78,f,9, Participó en una batalla importante
1002, Aegon Targaryen ,TARGARYEN, Príncipe,0090-04-10, Ironclaw ,0089-01-01,Gris metálico ,0125-04-10,0120-04-10,67122.75,f,5,Herido durante una expedición 
1003,Aelora Targaryen ,Targaryen, Lady,0102-04-03,IRONCLAW,0089-01-01,Gris metálico ,0141-04-03,0143-04-03,47018.75,f,17, Entrenamiento militar
1004, Maelor Targaryen ,TARGARYEN, Príncipe,0112-01-01, Ironclaw ,0089-01-01,GRIS METÁLICO,0154-01-01,0140-01-01,69702.55,f,19,ENTRENAMIENTO MILITAR
1005,Maelor Targaryen , Targaryen ,príncipe,0112-01-01,IRONCLAW,0089-01-01, Gris metálico,0135-01-01,0145-01-01,34289.50,f,16, Viaje diplomático 
1006,Lucerys Targaryen , Targaryen ,Príncipe,0115-01-01,Ironclaw ,0089-01-01,Gris metálico ,0152-01-01,0157-01-01,69342.58,f,16, Participó en una batalla importante
1007, Rhaena Targaryen , Targaryen ,LADY,0116-09-03,Ironclaw ,0089-01-01,Gris metálico,0140-09-03,0146-09-03,89743.91,f,6, Herido durante una expedición
1008,Jaehaerys Targaryen ,targaryen, Príncipe,0110-01-01, Ironclaw,0089-01-01,Gris metálico,0132-01-01,0145-01-01,85521.04,f,11, Viaje diplomático 
1009, Helaena Targaryen,TARGARYEN,princesa,0109-05-14,IRONCLAW,0089-01-01,GRIS METÁLICO,0129-05-14,0140-05-14,75367.28,f,14,Participó en defensa del reino 
1010,Maelor Targaryen, Targaryen ,PRÍNCIPE,0112-01-01,Ironclaw ,0089-01-01,GRIS METÁLICO,0152-01-01,0138-01-01,68789.89,f,0, Mantuvo vínculos con otras casas
1011, Maelor Targaryen ,Targaryen,PRÍNCIPE,0112-01-01,Ironclaw ,0089-01-01,Gris metálico ,0138-01-01,0136-01-01,81624.39,f,17, Jinete experimentado 
1012, Aemond Targaryen ,Targaryen,PRÍNCIPE,0110-02-12, Ironclaw,0089-01-01,Gris metálico ,0151-02-12,0138-02-12,70702.69,f,19,Entrenamiento militar
1013,Helaena Targaryen ,targaryen,Princesa,0109-05-14, Ironclaw ,0089-01-01,Gris metálico ,0151-05-14,0141-05-14,44134.55,f,0,Viaje diplomático 
1014,Vaelor Targaryen,Targaryen, Príncipe,0103-09-12, Ironclaw ,0089-01-01,Gris metálico ,0137-09-12,0138-09-12,39298.03,f,5,
1015, Aemond Targaryen,targaryen,príncipe,0110-02-12,IRONCLAW,0089-01-01,GRIS METÁLICO,0136-02-12,0154-02-12,71815.47,f,17,VIAJE DIPLOMÁTICO
1016, Aenar Targaryen,Targaryen,Lord ,0088-02-18, Ironclaw ,0089-01-01,Gris metálico ,0128-02-18,0116-02-18,77520.70,f,2,REGISTRO HISTÓRICO
1017,Alyssa Targaryen,TARGARYEN,Lady,0095-06-17,Ironclaw ,0089-01-01,GRIS METÁLICO,0131-06-17,0128-06-17,60356.70,f,6,Registro histórico 
1018,Aenar Targaryen ,Targaryen,LORD,0088-02-18, Ironclaw,0089-01-01,Gris metálico ,0127-02-18,0129-02-18,75884.15,f,10, Registro histórico
1019, Jacaerys Targaryen,targaryen,príncipe,0114-01-01, Ironclaw ,0089-01-01, Gris metálico,0145-01-01,0159-01-01,23966.55,f,18,
1020, Daeron Targaryen,TARGARYEN,PRÍNCIPE,0110-08-21,IRONCLAW,0089-01-01, Gris metálico,0148-08-21,0140-08-21,20652.02,f,0, Viaje diplomático 
1021, Rhaena Targaryen , Targaryen , Lady,0116-09-03, Ironclaw,0089-01-01, Gris metálico,0150-09-03,0162-09-03,74102.03,f,4,Entrenamiento militar
1022, Viserys Targaryen, Targaryen , Rey,0077-01-15, Ironclaw,0089-01-01,GRIS METÁLICO,0118-01-15,0118-01-15,50943.97,f,18, Viaje diplomático 
1023,Aelora Targaryen ,targaryen, Lady,0102-04-03, Ironclaw,0089-01-01,Gris metálico,0132-04-03,0141-04-03,69114.38,f,16,Participó en defensa del reino 
1024, Rhaegel Targaryen,targaryen,príncipe,0092-11-05,IRONCLAW,0089-01-01, Gris metálico,0112-11-05,0130-11-05,67965.13,f,16, Viaje diplomático
1025, Aelora Targaryen,Targaryen,Lady,0102-04-03,IRONCLAW,0089-01-01,Gris metálico ,0120-04-03,0129-04-03,76838.74,f,18,Entrenamiento militar 
1026, Maelor Targaryen ,TARGARYEN,príncipe,0112-01-01,IRONCLAW,0089-01-01,GRIS METÁLICO,0145-01-01,0159-01-01,25473.20,f,13,JINETE EXPERIMENTADO
1027, Rhaenyra Targaryen,Targaryen, Princesa,0097-03-22, Ironclaw ,0089-01-01,GRIS METÁLICO,0135-03-22,0130-03-22,6006.20,f,10, Participó en una batalla importante 
1028, Maelor Targaryen ,Targaryen, Príncipe,0112-01-01,IRONCLAW,0089-01-01, Gris metálico,0153-01-01,0140-01-01,77906.80,f,19,
1029,Aelora Targaryen ,targaryen, Lady,0102-04-03,IRONCLAW,0089-01-01,GRIS METÁLICO,0144-04-03,0131-04-03,77494.35,f,10, Viaje diplomático
1030, Jacaerys Targaryen ,TARGARYEN,Príncipe ,0114-01-01,IRONCLAW,0089-01-01,Gris metálico ,0147-01-01,0140-01-01,4830.13,f,17,
1031, Daemon Targaryen ,TARGARYEN, Príncipe,0081-06-05,Ironclaw ,0089-01-01,Gris metálico,0111-06-05,0119-06-05,15610.19,f,0, Participó en una batalla importante 
1032,Rhaegel Targaryen ,Targaryen,príncipe,0092-11-05,Ironclaw ,0089-01-01, Gris metálico,0124-11-05,0138-11-05,20571.81,f,14,
1033,Daemon Targaryen,TARGARYEN, Príncipe,0081-06-05,Ironclaw,0089-01-01,Gris metálico ,0112-06-05,0126-06-05,72401.00,f,8,HERIDO DURANTE UNA EXPEDICIÓN
1034, Visenya Targaryen ,Targaryen, Princesa,0091-07-20,Ironclaw ,0089-01-01,Gris metálico,0131-07-20,0130-07-20,13476.28,f,14,
1035, Helaena Targaryen ,TARGARYEN,princesa,0109-05-14, Ironclaw ,0089-01-01,Gris metálico ,0151-05-14,0142-05-14,64784.62,f,1, Mantuvo vínculos con otras casas
1036, Rhaenyra Targaryen ,Targaryen,Princesa ,0097-03-22,Ironclaw,0089-01-01,Gris metálico ,0126-03-22,0133-03-22,15413.48,f,14,
1037,Rhaegel Targaryen,TARGARYEN,príncipe,0092-11-05,IRONCLAW,0089-01-01,Gris metálico ,0133-11-05,0129-11-05,8433.46,f,19,Participó en defensa del reino 
1038, Visenya Targaryen ,Targaryen, Princesa,0091-07-20,Ironclaw ,0089-01-01,GRIS METÁLICO,0128-07-20,0115-07-20,13031.91,f,18, Participó en una batalla importante
1039, Viserys Targaryen , Targaryen ,rey,0077-01-15,Ironclaw ,0089-01-01,Gris metálico ,0116-01-15,0123-01-15,22319.19,f,13,Herido durante una expedición 
1040, Jaehaerys Targaryen,Targaryen,Príncipe ,0110-01-01, Ironclaw ,0089-01-01,Gris metálico ,0128-01-01,0137-01-01,7305.02,f,4,Jinete experimentado 
1041,Aegon Targaryen , Targaryen ,Príncipe ,0090-04-10,Ironclaw ,0089-01-01,Gris metálico ,0112-04-10,0114-04-10,849.57,f,1,REGISTRO HISTÓRICO
1042,Baela Targaryen ,Targaryen,lady,0116-09-03, Ironclaw ,0089-01-01, Gris metálico,0144-09-03,0151-09-03,71435.81,f,5,Jinete experimentado
1043,Vaelor Targaryen,targaryen,Príncipe ,0103-09-12, Ironclaw,0089-01-01,GRIS METÁLICO,0121-09-12,0141-09-12,10073.02,f,16,MANTUVO VÍNCULOS CON OTRAS CASAS
1044,Viserys Targaryen ,TARGARYEN,REY,0077-01-15, Ironclaw,0089-01-01, Gris metálico,0115-01-15,0110-01-15,87848.48,f,3, Registro histórico
1045, Jaehaerys Targaryen ,targaryen, Príncipe,0110-01-01, Ironclaw ,0089-01-01, Gris metálico,0132-01-01,0141-01-01,65979.13,f,16,Viaje diplomático 
1046, Baela Targaryen,Targaryen, Lady,0116-09-03, Ironclaw ,0089-01-01,Gris metálico,0149-09-03,0142-09-03,18808.13,f,3, Participó en defensa del reino 
1047, Maeron Targaryen,Targaryen,príncipe,0105-10-09, Ironclaw ,0089-01-01,Gris metálico ,0123-10-09,0145-10-09,17087.60,f,9, Viaje diplomático 
1048,Daeron Targaryen , Targaryen ,PRÍNCIPE,0110-08-21, Ironclaw,0089-01-01,GRIS METÁLICO,0138-08-21,0141-08-21,70646.19,f,6, Participó en defensa del reino 
1049,Lucerys Targaryen,Targaryen, Príncipe,0115-01-01, Ironclaw,0089-01-01,GRIS METÁLICO,0154-01-01,0159-01-01,74278.48,f,6,Participó en una batalla importante
1050,Rhaegel Targaryen , Targaryen , Príncipe,0092-11-05,Ironclaw ,0089-01-01,Gris metálico ,0130-11-05,0129-11-05,37753.30,f,4,Entrenamiento militar 
1051, Rhaenyra Targaryen ,Targaryen,princesa,0097-03-22,Ironclaw ,0089-01-01,GRIS METÁLICO,0116-03-22,0141-03-22,49202.92,f,8,Registro pendiente de revisión 
1052,Aegon Targaryen, Targaryen ,Príncipe,0090-04-10, Ironclaw,0089-01-01,Gris metálico ,0116-04-10,0124-04-10,1880.98,f,0,Registro histórico 
1053, Rhaegel Targaryen ,Targaryen,Príncipe ,0092-11-05,Ironclaw,0089-01-01, Gris metálico,0125-11-05,0133-11-05,88963.13,f,0, Jinete experimentado 
1054, Aemond Targaryen ,Targaryen,príncipe,0110-02-12,Ironclaw,0089-01-01,Gris metálico,0139-02-12,0142-02-12,85911.79,f,7, Entrenamiento militar
1055, Aenar Targaryen ,Targaryen, Lord,0088-02-18,Ironclaw ,0089-01-01, Gris metálico,0119-02-18,0129-02-18,79503.94,f,14,Registro pendiente de revisión 
1056,Jaehaerys Targaryen ,Targaryen,Príncipe,0110-01-01, Ironclaw,0089-01-01,Gris metálico ,0151-01-01,0138-01-01,53163.22,f,17, Registro pendiente de revisión 
1057,Aemond Targaryen,Targaryen,PRÍNCIPE,0110-02-12, Ironclaw ,0089-01-01,GRIS METÁLICO,0148-02-12,0155-02-12,52756.11,f,9,MANTUVO VÍNCULOS CON OTRAS CASAS
1058, Helaena Targaryen ,targaryen,Princesa ,0109-05-14,Ironclaw ,0089-01-01,GRIS METÁLICO,0138-05-14,0138-05-14,24689.54,f,2,Mantuvo vínculos con otras casas 
1059, Visenya Targaryen, Targaryen ,Princesa ,0091-07-20,Ironclaw ,0089-01-01,Gris metálico ,0128-07-20,0124-07-20,40804.92,f,9,MANTUVO VÍNCULOS CON OTRAS CASAS
1060,Aemond Targaryen ,TARGARYEN,príncipe,0110-02-12,Ironclaw ,0089-01-01,Gris metálico,0146-02-12,0144-02-12,68841.47,f,6,
1061,Helaena Targaryen ,Targaryen,Princesa ,0109-05-14,IRONCLAW,0089-01-01, Gris metálico,0127-05-14,0138-05-14,33135.59,f,14,Entrenamiento militar 
1062,Daemon Targaryen , Targaryen , Príncipe,0081-06-05,Ironclaw ,0089-01-01,GRIS METÁLICO,0121-06-05,0106-06-05,38604.71,f,8, Herido durante una expedición
1063, Helaena Targaryen, Targaryen ,Princesa ,0109-05-14,IRONCLAW,0089-01-01,Gris metálico ,0149-05-14,0153-05-14,42703.28,f,8, Jinete experimentado
1064, Visenya Targaryen ,targaryen,princesa,0091-07-20,IRONCLAW,0089-01-01,Gris metálico ,0112-07-20,0135-07-20,22148.42,f,1,HERIDO DURANTE UNA EXPEDICIÓN
1065,Rhaegel Targaryen , Targaryen , Príncipe,0092-11-05, Ironclaw ,0089-01-01,GRIS METÁLICO,0134-11-05,0131-11-05,18916.68,f,5,Entrenamiento militar 
1066,Jaehaerys Targaryen ,targaryen,príncipe,0110-01-01,Ironclaw ,0089-01-01,Gris metálico ,0152-01-01,0154-01-01,36026.75,f,6, Participó en defensa del reino 
1067,Aelora Targaryen,TARGARYEN,LADY,0102-04-03,Ironclaw ,0089-01-01,GRIS METÁLICO,0138-04-03,0149-04-03,84323.95,f,9,Participó en una batalla importante
1068, Alyssa Targaryen,targaryen, Lady,0095-06-17,Ironclaw ,0089-01-01,Gris metálico ,0125-06-17,0141-06-17,57487.55,f,4,
1069, Alyssa Targaryen,targaryen, Lady,0095-06-17,Ironclaw ,0089-01-01,Gris metálico,0130-06-17,0139-06-17,7490.73,f,11,Participó en defensa del reino
1070, Daemon Targaryen ,TARGARYEN,príncipe,0081-06-05,Ironclaw ,0089-01-01,Gris metálico ,0099-06-05,0117-06-05,38309.21,f,1,Herido durante una expedición 
1071, Lucerys Targaryen,targaryen,PRÍNCIPE,0115-01-01, Ironclaw,0089-01-01, Gris metálico,0139-01-01,0157-01-01,29010.51,f,13,Participó en una batalla importante 
1072,Daeron Targaryen ,Targaryen,príncipe,0110-08-21,IRONCLAW,0089-01-01,Gris metálico,0134-08-21,0154-08-21,16171.52,f,1, Mantuvo vínculos con otras casas
1073, Daemon Targaryen ,Targaryen, Príncipe,0081-06-05, Ironclaw ,0089-01-01, Gris metálico,0104-06-05,0128-06-05,79181.19,f,9, Participó en defensa del reino 
1074,Alyssa Targaryen ,Targaryen,Lady ,0095-06-17,IRONCLAW,0089-01-01, Gris metálico,0131-06-17,0141-06-17,61938.85,f,3,
1075, Baela Targaryen ,targaryen,LADY,0116-09-03, Ironclaw,0089-01-01,GRIS METÁLICO,0140-09-03,0160-09-03,48497.76,f,1,
1076, Aemond Targaryen ,targaryen,Príncipe ,0110-02-12, Ironclaw ,0089-01-01,GRIS METÁLICO,0142-02-12,0141-02-12,79239.79,f,12,
1077, Rhaena Targaryen,targaryen,LADY,0116-09-03, Ironclaw,0089-01-01,Gris metálico ,0149-09-03,0142-09-03,29012.63,f,0, Mantuvo vínculos con otras casas 
1078, Baela Targaryen ,targaryen, Lady,0116-09-03, Ironclaw,0089-01-01,Gris metálico,0135-09-03,0160-09-03,40584.53,f,8,Registro pendiente de revisión
1079, Rhaena Targaryen , Targaryen , Lady,0116-09-03, Ironclaw,0089-01-01,Gris metálico ,0141-09-03,0149-09-03,37542.45,f,8,Entrenamiento militar 
1080,Alyssa Targaryen ,TARGARYEN,Lady ,0095-06-17,Ironclaw ,0089-01-01,Gris metálico ,0137-06-17,0138-06-17,76421.60,f,9,Herido durante una expedición 
1081,Jacaerys Targaryen ,targaryen,Príncipe,0114-01-01, Ironclaw ,0089-01-01,Gris metálico,0155-01-01,0145-01-01,15071.66,f,3, Registro histórico 
1082,Vaelor Targaryen, Targaryen , Príncipe,0103-09-12, Ironclaw ,0089-01-01,GRIS METÁLICO,0126-09-12,0140-09-12,2869.82,f,0, Jinete experimentado
1083, Daemon Targaryen ,targaryen,PRÍNCIPE,0081-06-05, Ironclaw,0089-01-01,Gris metálico ,0110-06-05,0113-06-05,10018.31,f,17,Herido durante una expedición 
1084,Maeron Targaryen ,Targaryen,Príncipe ,0105-10-09,Ironclaw ,0089-01-01,Gris metálico ,0146-10-09,0132-10-09,83525.35,f,15, Mantuvo vínculos con otras casas 
1085,Visenya Targaryen ,TARGARYEN,princesa,0091-07-20, Ironclaw ,0089-01-01, Gris metálico,0133-07-20,0137-07-20,11434.06,f,7,
1086,Daeron Targaryen,Targaryen,príncipe,0110-08-21, Ironclaw ,0089-01-01,Gris metálico,0133-08-21,0146-08-21,54349.15,f,18, Jinete experimentado
1087,Baela Targaryen,targaryen,Lady ,0116-09-03, Ironclaw ,0089-01-01,GRIS METÁLICO,0157-09-03,0154-09-03,40181.79,f,7,HERIDO DURANTE UNA EXPEDICIÓN
1088, Aemond Targaryen, Targaryen ,PRÍNCIPE,0110-02-12,IRONCLAW,0089-01-01,Gris metálico ,0151-02-12,0157-02-12,60803.49,f,6,Mantuvo vínculos con otras casas
1089,Maeron Targaryen ,TARGARYEN, Príncipe,0105-10-09, Ironclaw ,0089-01-01,Gris metálico ,0145-10-09,0134-10-09,72449.29,f,2,
1090, Vaelor Targaryen , Targaryen ,príncipe,0103-09-12,IRONCLAW,0089-01-01,Gris metálico ,0145-09-12,0126-09-12,87288.53,f,18, Registro pendiente de revisión
1091, Vaelor Targaryen,targaryen, Príncipe,0103-09-12, Ironclaw,0089-01-01,Gris metálico ,0128-09-12,0142-09-12,20465.87,f,10,Jinete experimentado 
1092,Vaelor Targaryen,Targaryen, Príncipe,0103-09-12, Ironclaw,0089-01-01,Gris metálico ,0124-09-12,0127-09-12,76172.54,f,14,Mantuvo vínculos con otras casas 
1093, Visenya Targaryen,targaryen,princesa,0091-07-20, Ironclaw,0089-01-01, Gris metálico,0123-07-20,0120-07-20,21968.53,f,17,JINETE EXPERIMENTADO
1094, Daemon Targaryen ,targaryen,PRÍNCIPE,0081-06-05,Ironclaw ,0089-01-01,Gris metálico ,0112-06-05,0128-06-05,22057.67,f,17,Participó en defensa del reino 
1095, Daemon Targaryen ,targaryen,príncipe,0081-06-05,Ironclaw ,0089-01-01,GRIS METÁLICO,0121-06-05,0126-06-05,30436.49,f,9, Participó en una batalla importante
1096,Lucerys Targaryen,targaryen,príncipe,0115-01-01, Ironclaw ,0089-01-01,Gris metálico ,0145-01-01,0149-01-01,22380.39,f,15, Registro pendiente de revisión
1097,Aenar Targaryen ,Targaryen, Lord,0088-02-18,Ironclaw ,0089-01-01,GRIS METÁLICO,0119-02-18,0127-02-18,40185.04,f,13, Mantuvo vínculos con otras casas 
1098,Aenar Targaryen ,targaryen,lord,0088-02-18, Ironclaw,0089-01-01,GRIS METÁLICO,0112-02-18,0111-02-18,79195.75,f,0,
1099, Maelor Targaryen , Targaryen ,Príncipe ,0112-01-01,IRONCLAW,0089-01-01,GRIS METÁLICO,0142-01-01,0138-01-01,77484.32,f,8,Participó en una batalla importante 
1100, Rhaegel Targaryen , Targaryen ,PRÍNCIPE,0092-11-05, Ironclaw ,0089-01-01,Gris metálico ,0127-11-05,0118-11-05,53257.74,f,2,Registro histórico 
1101,Aemond Targaryen , Targaryen ,príncipe,0110-02-12, Ironclaw ,0089-01-01,Gris metálico ,0141-02-12,0138-02-12,70787.52,f,18,
1102,Aenar Targaryen ,Targaryen,Lord ,0088-02-18,IRONCLAW,0089-01-01,Gris metálico ,0119-02-18,0113-02-18,15028.77,f,2,Registro histórico 
1103, Daemon Targaryen , Targaryen , Príncipe,0081-06-05,Ironclaw ,0089-01-01,Gris metálico ,0118-06-05,0123-06-05,15049.34,f,14,
1104,Rhaena Targaryen ,Targaryen,Lady ,0116-09-03,IRONCLAW,0089-01-01, Gris metálico,0149-09-03,0139-09-03,80163.68,f,11, Registro histórico 
1105, Rhaena Targaryen ,targaryen,LADY,0116-09-03,IRONCLAW,0089-01-01,Gris metálico,0135-09-03,0160-09-03,49115.57,f,14, Participó en defensa del reino
1106, Rhaena Targaryen, Targaryen , Lady,0116-09-03, Ironclaw,0089-01-01,Gris metálico,0156-09-03,0160-09-03,79552.16,f,18, Participó en una batalla importante 
1107, Helaena Targaryen ,TARGARYEN,Princesa ,0109-05-14,IRONCLAW,0089-01-01,Gris metálico ,0129-05-14,0154-05-14,75239.14,f,3, Participó en defensa del reino 
1108, Aelora Targaryen , Targaryen ,lady,0102-04-03,Ironclaw ,0089-01-01,Gris metálico,0133-04-03,0133-04-03,72101.19,f,1,
1109,Baela Targaryen , Targaryen ,lady,0116-09-03, Ironclaw,0089-01-01,Gris metálico ,0134-09-03,0147-09-03,48792.02,f,18,Mantuvo vínculos con otras casas
1110, Visenya Targaryen, Targaryen ,princesa,0091-07-20,Ironclaw ,0089-01-01, Gris metálico,0110-07-20,0138-07-20,24072.35,f,0, Viaje diplomático
1111,Jaehaerys Targaryen ,Targaryen,PRÍNCIPE,0110-01-01, Ironclaw,0089-01-01,Gris metálico ,0138-01-01,0134-01-01,52371.04,f,16, Participó en defensa del reino 
1112, Rhaegel Targaryen ,Targaryen,príncipe,0092-11-05,Ironclaw ,0089-01-01,GRIS METÁLICO,0127-11-05,0115-11-05,5879.24,f,3,PARTICIPÓ EN DEFENSA DEL REINO
1113,Rhaena Targaryen ,Targaryen,LADY,0116-09-03, Ironclaw,0089-01-01,GRIS METÁLICO,0134-09-03,0154-09-03,89548.50,f,1, Herido durante una expedición 
1114,Lucerys Targaryen, Targaryen ,príncipe,0115-01-01, Ironclaw,0089-01-01,GRIS METÁLICO,0133-01-01,0155-01-01,65928.54,f,3, Participó en defensa del reino 
1115, Helaena Targaryen, Targaryen ,Princesa ,0109-05-14,IRONCLAW,0089-01-01,GRIS METÁLICO,0141-05-14,0150-05-14,1734.83,f,16, Participó en una batalla importante
1116,Aemond Targaryen ,Targaryen,príncipe,0110-02-12, Ironclaw ,0089-01-01, Gris metálico,0149-02-12,0157-02-12,81420.97,f,11,Mantuvo vínculos con otras casas 
1117,Baela Targaryen ,targaryen,lady,0116-09-03,Ironclaw,0089-01-01,GRIS METÁLICO,0137-09-03,0156-09-03,73165.82,f,4,
1118,Lucerys Targaryen ,TARGARYEN,PRÍNCIPE,0115-01-01, Ironclaw,0089-01-01,Gris metálico ,0150-01-01,0159-01-01,86497.40,f,4,Mantuvo vínculos con otras casas 
1119,Daemon Targaryen, Targaryen ,PRÍNCIPE,0081-06-05,Ironclaw,0089-01-01,GRIS METÁLICO,0121-06-05,0121-06-05,75818.24,f,0,Participó en una batalla importante 
1120, Jacaerys Targaryen ,TARGARYEN,Príncipe ,0114-01-01, Ironclaw,0089-01-01,Gris metálico,0138-01-01,0148-01-01,69345.57,f,15, Mantuvo vínculos con otras casas 
1121, Rhaena Targaryen,Targaryen,LADY,0116-09-03,Ironclaw ,0089-01-01,Gris metálico ,0134-09-03,0154-09-03,50378.35,f,4,Herido durante una expedición 
1122, Baela Targaryen ,TARGARYEN,Lady ,0116-09-03,IRONCLAW,0089-01-01,Gris metálico ,0149-09-03,0142-09-03,36483.22,f,3, Entrenamiento militar 
1123,Baela Targaryen , Targaryen ,LADY,0116-09-03,Ironclaw ,0089-01-01, Gris metálico,0157-09-03,0139-09-03,88926.15,f,5,Mantuvo vínculos con otras casas 
1124,Daeron Targaryen ,Targaryen,Príncipe ,0110-08-21,Ironclaw ,0089-01-01,Gris metálico ,0145-08-21,0147-08-21,59765.97,f,3, Registro pendiente de revisión
1125,Jaehaerys Targaryen ,Targaryen,Príncipe ,0110-01-01, Ironclaw ,0089-01-01, Gris metálico,0141-01-01,0144-01-01,78511.02,f,3,VIAJE DIPLOMÁTICO
1126, Lucerys Targaryen ,Targaryen, Príncipe,0115-01-01, Ironclaw,0089-01-01, Gris metálico,0154-01-01,0144-01-01,40508.12,f,5,
1127, Baela Targaryen ,Targaryen,lady,0116-09-03,IRONCLAW,0089-01-01,Gris metálico ,0139-09-03,0162-09-03,53030.29,f,8,Registro pendiente de revisión 
1128, Jaehaerys Targaryen,targaryen, Príncipe,0110-01-01, Ironclaw ,0089-01-01,Gris metálico ,0141-01-01,0153-01-01,65112.75,f,14, Registro pendiente de revisión
1129, Helaena Targaryen,Targaryen,princesa,0109-05-14,Ironclaw ,0089-01-01,GRIS METÁLICO,0150-05-14,0135-05-14,7014.29,f,2, Registro histórico 
1130, Helaena Targaryen ,Targaryen, Princesa,0109-05-14, Ironclaw,0089-01-01, Gris metálico,0139-05-14,0155-05-14,21027.72,f,17, Viaje diplomático 
1131,Daemon Targaryen,Targaryen,Príncipe,0081-06-05, Ironclaw,0089-01-01,Gris metálico ,0107-06-05,0110-06-05,48411.04,f,1, Herido durante una expedición 
1132, Baela Targaryen, Targaryen ,LADY,0116-09-03, Ironclaw,0089-01-01, Gris metálico,0142-09-03,0142-09-03,54848.15,f,8, Participó en defensa del reino 
1133, Daeron Targaryen ,targaryen,Príncipe,0110-08-21, Ironclaw,0089-01-01,Gris metálico ,0128-08-21,0139-08-21,650.25,f,4, Jinete experimentado
1134,Rhaena Targaryen , Targaryen ,Lady ,0116-09-03,Ironclaw ,0089-01-01, Gris metálico,0150-09-03,0156-09-03,45734.70,f,10, Viaje diplomático
1135, Aegon Targaryen,targaryen,Príncipe ,0090-04-10,Ironclaw ,0089-01-01,Gris metálico ,0112-04-10,0118-04-10,80212.67,f,6,Registro histórico 
1136,Baela Targaryen ,Targaryen,Lady ,0116-09-03,Ironclaw ,0089-01-01,Gris metálico ,0148-09-03,0157-09-03,79234.32,f,4, Mantuvo vínculos con otras casas
1137,Rhaegel Targaryen ,Targaryen,príncipe,0092-11-05,Ironclaw ,0089-01-01,Gris metálico ,0120-11-05,0136-11-05,23674.23,f,16,Registro histórico 
1138,Aenar Targaryen,targaryen, Lord,0088-02-18, Ironclaw,0089-01-01,Gris metálico,0111-02-18,0118-02-18,89355.54,f,5,Mantuvo vínculos con otras casas 
1139, Aelora Targaryen ,TARGARYEN,LADY,0102-04-03, Ironclaw,0089-01-01,Gris metálico ,0138-04-03,0145-04-03,2590.96,f,19, Registro pendiente de revisión
1140, Rhaenyra Targaryen,targaryen,Princesa ,0097-03-22, Ironclaw ,0089-01-01, Gris metálico,0129-03-22,0131-03-22,35920.26,f,6, Registro histórico 
1141, Vaelor Targaryen ,Targaryen,príncipe,0103-09-12,Ironclaw ,0089-01-01,GRIS METÁLICO,0141-09-12,0147-09-12,15463.51,f,3,VIAJE DIPLOMÁTICO
1142,Daeron Targaryen , Targaryen ,príncipe,0110-08-21,Ironclaw ,0089-01-01,Gris metálico ,0141-08-21,0138-08-21,690.32,f,17, Herido durante una expedición 
1143, Vaelor Targaryen ,Targaryen, Príncipe,0103-09-12,IRONCLAW,0089-01-01,Gris metálico ,0121-09-12,0135-09-12,78353.78,f,15,ENTRENAMIENTO MILITAR
1144,Helaena Targaryen ,targaryen,PRINCESA,0109-05-14,Ironclaw ,0089-01-01,Gris metálico,0148-05-14,0149-05-14,45399.94,f,9,
1145,Rhaenyra Targaryen ,Targaryen,princesa,0097-03-22,Ironclaw ,0089-01-01,GRIS METÁLICO,0137-03-22,0131-03-22,25099.74,f,19, Jinete experimentado 
1146, Maeron Targaryen,targaryen,PRÍNCIPE,0105-10-09, Ironclaw,0089-01-01,Gris metálico ,0138-10-09,0138-10-09,21526.45,f,17,Viaje diplomático 
1147,Rhaena Targaryen ,TARGARYEN,LADY,0116-09-03,Ironclaw ,0089-01-01,Gris metálico ,0140-09-03,0163-09-03,88238.63,f,11,Jinete experimentado 
1148, Maelor Targaryen,Targaryen,príncipe,0112-01-01, Ironclaw,0089-01-01,Gris metálico ,0142-01-01,0140-01-01,7585.51,f,16,Participó en una batalla importante 
1149,Baela Targaryen, Targaryen , Lady,0116-09-03,Ironclaw ,0089-01-01, Gris metálico,0139-09-03,0157-09-03,18479.96,f,3,
1150, Aenar Targaryen,Targaryen,lord,0088-02-18,IRONCLAW,0089-01-01,Gris metálico,0111-02-18,0122-02-18,59897.26,f,2, Registro pendiente de revisión
1151,Vaelor Targaryen ,targaryen,PRÍNCIPE,0103-09-12,IRONCLAW,0089-01-01, Gris metálico,0136-09-12,0139-09-12,15545.66,f,2,
1152, Rhaena Targaryen ,targaryen,Lady,0116-09-03,Ironclaw ,0089-01-01,Gris metálico ,0148-09-03,0152-09-03,58333.91,f,9, Registro pendiente de revisión
1153,Viserys Targaryen,targaryen,rey,0077-01-15,Ironclaw ,0089-01-01,GRIS METÁLICO,0111-01-15,0116-01-15,49423.59,f,6, Registro histórico
1154, Rhaena Targaryen,targaryen,lady,0116-09-03,Ironclaw ,0089-01-01,Gris metálico ,0136-09-03,0156-09-03,42763.87,f,1, Entrenamiento militar 
1155, Visenya Targaryen ,Targaryen,princesa,0091-07-20,IRONCLAW,0089-01-01,Gris metálico ,0116-07-20,0120-07-20,79186.59,f,0,HERIDO DURANTE UNA EXPEDICIÓN
1156, Maeron Targaryen,targaryen,príncipe,0105-10-09,IRONCLAW,0089-01-01,Gris metálico ,0131-10-09,0129-10-09,4824.69,f,14,Registro pendiente de revisión 
1157, Jaehaerys Targaryen,targaryen,Príncipe,0110-01-01,IRONCLAW,0089-01-01,Gris metálico ,0136-01-01,0153-01-01,33637.36,f,10,REGISTRO HISTÓRICO
1158, Rhaegel Targaryen ,targaryen, Príncipe,0092-11-05, Ironclaw ,0089-01-01,GRIS METÁLICO,0131-11-05,0135-11-05,89945.52,f,2, Participó en una batalla importante
1159, Jacaerys Targaryen,targaryen,Príncipe ,0114-01-01, Ironclaw ,0089-01-01,GRIS METÁLICO,0154-01-01,0157-01-01,22016.29,f,7,
1160,Viserys Targaryen,targaryen,REY,0077-01-15,Ironclaw,0089-01-01, Gris metálico,0115-01-15,0123-01-15,63689.86,f,16,
1161,Aelora Targaryen ,targaryen,Lady ,0102-04-03,Ironclaw,0089-01-01,Gris metálico ,0143-04-03,0127-04-03,27575.26,f,0, Registro histórico 
1162,Rhaenyra Targaryen, Targaryen ,princesa,0097-03-22, Ironclaw ,0089-01-01,Gris metálico ,0130-03-22,0129-03-22,21016.38,f,0,Mantuvo vínculos con otras casas 
1163,Rhaegel Targaryen ,targaryen,príncipe,0092-11-05,Ironclaw ,0089-01-01,GRIS METÁLICO,0116-11-05,0127-11-05,88430.34,f,11, Mantuvo vínculos con otras casas 
1164,Jaehaerys Targaryen , Targaryen , Príncipe,0110-01-01, Ironclaw ,0089-01-01,Gris metálico ,0142-01-01,0154-01-01,21954.58,f,9,Mantuvo vínculos con otras casas 
1165, Vaelor Targaryen ,TARGARYEN,PRÍNCIPE,0103-09-12,Ironclaw ,0089-01-01,Gris metálico,0136-09-12,0139-09-12,26741.18,f,19,
1166, Maelor Targaryen,targaryen,Príncipe ,0112-01-01, Ironclaw ,0089-01-01,Gris metálico ,0130-01-01,0155-01-01,22260.73,f,16,
1167, Aelora Targaryen,targaryen, Lady,0102-04-03, Ironclaw ,0089-01-01,GRIS METÁLICO,0144-04-03,0134-04-03,81253.50,f,13,
1168, Viserys Targaryen,TARGARYEN,Rey,0077-01-15,Ironclaw ,0089-01-01,Gris metálico ,0105-01-15,0121-01-15,48292.95,f,6,Registro pendiente de revisión
1169, Helaena Targaryen, Targaryen ,princesa,0109-05-14,IRONCLAW,0089-01-01, Gris metálico,0130-05-14,0136-05-14,79993.30,f,10, Registro histórico 
1170, Jacaerys Targaryen , Targaryen ,PRÍNCIPE,0114-01-01, Ironclaw ,0089-01-01,GRIS METÁLICO,0143-01-01,0153-01-01,32332.18,f,14,
1171,Jacaerys Targaryen,targaryen,Príncipe ,0114-01-01,IRONCLAW,0089-01-01,Gris metálico ,0156-01-01,0142-01-01,14248.69,f,17, Registro pendiente de revisión 
1172, Daemon Targaryen,targaryen,príncipe,0081-06-05, Ironclaw,0089-01-01,GRIS METÁLICO,0111-06-05,0114-06-05,11252.36,f,19,Participó en una batalla importante 
1173,Viserys Targaryen ,Targaryen, Rey,0077-01-15,Ironclaw ,0089-01-01,GRIS METÁLICO,0115-01-15,0116-01-15,10381.23,f,6, Participó en una batalla importante
1174, Visenya Targaryen ,Targaryen, Princesa,0091-07-20, Ironclaw ,0089-01-01, Gris metálico,0124-07-20,0128-07-20,55612.82,f,11, Viaje diplomático
1175,Aemond Targaryen , Targaryen ,PRÍNCIPE,0110-02-12,Ironclaw ,0089-01-01,Gris metálico ,0137-02-12,0141-02-12,66439.23,f,18, Mantuvo vínculos con otras casas 
1176,Alyssa Targaryen ,targaryen,LADY,0095-06-17, Ironclaw,0089-01-01,Gris metálico ,0134-06-17,0126-06-17,83137.60,f,19,PARTICIPÓ EN DEFENSA DEL REINO
1177, Maeron Targaryen,TARGARYEN, Príncipe,0105-10-09, Ironclaw,0089-01-01,GRIS METÁLICO,0129-10-09,0139-10-09,41794.07,f,15,Mantuvo vínculos con otras casas 
1178,Jacaerys Targaryen ,targaryen,príncipe,0114-01-01, Ironclaw,0089-01-01,Gris metálico ,0146-01-01,0150-01-01,20762.20,f,12, Entrenamiento militar
1179, Alyssa Targaryen,targaryen, Lady,0095-06-17, Ironclaw ,0089-01-01,GRIS METÁLICO,0122-06-17,0132-06-17,6234.81,f,14,Registro pendiente de revisión 
1180, Maelor Targaryen ,Targaryen, Príncipe,0112-01-01,IRONCLAW,0089-01-01,Gris metálico ,0137-01-01,0140-01-01,51014.62,f,0,MANTUVO VÍNCULOS CON OTRAS CASAS
1181, Rhaenyra Targaryen,TARGARYEN,princesa,0097-03-22, Ironclaw,0089-01-01,Gris metálico,0122-03-22,0122-03-22,90267.00,f,1,Participó en defensa del reino 
1182,Aelora Targaryen ,Targaryen,Lady ,0102-04-03,Ironclaw ,0089-01-01,Gris metálico,0129-04-03,0147-04-03,35446.78,f,1, Viaje diplomático
1183,Maelor Targaryen ,targaryen,príncipe,0112-01-01,Ironclaw ,0089-01-01,Gris metálico ,0143-01-01,0157-01-01,36554.00,f,2,Jinete experimentado
1184, Rhaena Targaryen ,TARGARYEN,LADY,0116-09-03, Ironclaw ,0089-01-01,Gris metálico ,0157-09-03,0139-09-03,75584.50,f,18, Participó en una batalla importante
1185, Maeron Targaryen , Targaryen ,PRÍNCIPE,0105-10-09, Ironclaw ,0089-01-01,Gris metálico ,0128-10-09,0133-10-09,53523.64,f,10,Herido durante una expedición 
1186, Daemon Targaryen ,targaryen,PRÍNCIPE,0081-06-05,Ironclaw ,0089-01-01, Gris metálico,0100-06-05,0118-06-05,50130.98,f,10,Mantuvo vínculos con otras casas 
1187, Lucerys Targaryen,targaryen,Príncipe ,0115-01-01, Ironclaw,0089-01-01,Gris metálico ,0138-01-01,0139-01-01,13721.90,f,5,Participó en defensa del reino
1188, Alyssa Targaryen,TARGARYEN,Lady,0095-06-17, Ironclaw,0089-01-01,GRIS METÁLICO,0115-06-17,0136-06-17,32998.57,f,16,JINETE EXPERIMENTADO
1189,Maelor Targaryen , Targaryen ,PRÍNCIPE,0112-01-01, Ironclaw,0089-01-01, Gris metálico,0152-01-01,0158-01-01,58159.69,f,13, Participó en defensa del reino
1190,Visenya Targaryen ,Targaryen,princesa,0091-07-20, Ironclaw ,0089-01-01, Gris metálico,0123-07-20,0118-07-20,62388.56,f,2, Entrenamiento militar 
1191, Lucerys Targaryen ,Targaryen, Príncipe,0115-01-01,Ironclaw ,0089-01-01,Gris metálico ,0133-01-01,0140-01-01,87310.48,f,5,Entrenamiento militar 
1192,Aelora Targaryen ,Targaryen,lady,0102-04-03,Ironclaw ,0089-01-01,Gris metálico ,0144-04-03,0143-04-03,62025.76,f,0,REGISTRO HISTÓRICO
1193, Daemon Targaryen, Targaryen ,Príncipe ,0081-06-05, Ironclaw,0089-01-01,GRIS METÁLICO,0102-06-05,0120-06-05,83277.82,f,18,PARTICIPÓ EN UNA BATALLA IMPORTANTE
1194, Rhaenyra Targaryen,Targaryen,princesa,0097-03-22, Ironclaw,0089-01-01,Gris metálico ,0121-03-22,0134-03-22,43775.01,f,2, Viaje diplomático 
1195,Maeron Targaryen ,targaryen,PRÍNCIPE,0105-10-09, Ironclaw,0089-01-01, Gris metálico,0136-10-09,0146-10-09,88231.82,f,10, Participó en defensa del reino 
1196,Jacaerys Targaryen ,Targaryen,PRÍNCIPE,0114-01-01,Ironclaw,0089-01-01,Gris metálico ,0134-01-01,0155-01-01,58471.03,f,10,Participó en defensa del reino 
1197,Alyssa Targaryen ,targaryen,lady,0095-06-17,Ironclaw,0089-01-01, Gris metálico,0124-06-17,0126-06-17,55915.21,f,15, Participó en defensa del reino
1198,Maeron Targaryen ,targaryen,PRÍNCIPE,0105-10-09, Ironclaw,0089-01-01,Gris metálico,0146-10-09,0135-10-09,90197.82,f,5,Entrenamiento militar
1199, Lucerys Targaryen,targaryen, Príncipe,0115-01-01,IRONCLAW,0089-01-01, Gris metálico,0139-01-01,0141-01-01,24731.98,f,10,
1200,Vaelor Targaryen ,Targaryen,príncipe,0103-09-12,IRONCLAW,0089-01-01,Gris metálico,0131-09-12,0148-09-12,28031.34,f,17, Herido durante una expedición
1201,Alyssa Targaryen ,Targaryen,lady,0095-06-17,Ironclaw ,0089-01-01,Gris metálico,0134-06-17,0118-06-17,39025.58,f,10, Participó en defensa del reino 
1202, Viserys Targaryen ,Targaryen,Rey ,0077-01-15, Ironclaw,0089-01-01,Gris metálico ,0096-01-15,0110-01-15,13048.29,f,0,
1203,Rhaena Targaryen ,targaryen,Lady,0116-09-03,Ironclaw,0089-01-01,Gris metálico ,0157-09-03,0145-09-03,22668.97,f,13,Viaje diplomático
1204, Rhaenyra Targaryen, Targaryen , Princesa,0097-03-22,Ironclaw ,0089-01-01,Gris metálico ,0139-03-22,0135-03-22,65489.99,f,3, Participó en una batalla importante 
1205,Aemond Targaryen ,TARGARYEN, Príncipe,0110-02-12, Ironclaw ,0089-01-01,Gris metálico ,0140-02-12,0153-02-12,87945.52,f,7,Herido durante una expedición 
1206,Rhaenyra Targaryen,TARGARYEN,princesa,0097-03-22,Ironclaw ,0089-01-01,Gris metálico ,0120-03-22,0140-03-22,42948.88,f,6,Jinete experimentado 
1207, Lucerys Targaryen, Targaryen ,PRÍNCIPE,0115-01-01, Ironclaw,0089-01-01,Gris metálico,0138-01-01,0156-01-01,88362.53,f,0, Entrenamiento militar
1208, Helaena Targaryen,targaryen, Princesa,0109-05-14, Ironclaw,0089-01-01, Gris metálico,0140-05-14,0132-05-14,74456.73,f,13, Jinete experimentado 
1209,Rhaegel Targaryen,TARGARYEN,príncipe,0092-11-05,IRONCLAW,0089-01-01, Gris metálico,0117-11-05,0117-11-05,13813.47,f,5, Registro pendiente de revisión 
1210, Alyssa Targaryen ,Targaryen, Lady,0095-06-17,Ironclaw ,0089-01-01,GRIS METÁLICO,0126-06-17,0134-06-17,18353.45,f,6, Mantuvo vínculos con otras casas 
1211, Alyssa Targaryen,Targaryen,LADY,0095-06-17, Ironclaw ,0089-01-01,Gris metálico,0130-06-17,0130-06-17,28716.80,f,3,
1212, Rhaegel Targaryen ,targaryen,Príncipe ,0092-11-05,Ironclaw ,0089-01-01, Gris metálico,0126-11-05,0125-11-05,37112.37,f,14,Herido durante una expedición 
1213,Rhaena Targaryen ,Targaryen,lady,0116-09-03, Ironclaw ,0089-01-01,GRIS METÁLICO,0154-09-03,0155-09-03,71486.58,f,3,Registro histórico 
1214,Viserys Targaryen ,TARGARYEN,rey,0077-01-15,Ironclaw ,0089-01-01,Gris metálico ,0104-01-15,0105-01-15,11076.87,f,19,
1215,Rhaena Targaryen ,targaryen, Lady,0116-09-03, Ironclaw,0089-01-01,Gris metálico,0134-09-03,0139-09-03,3278.43,f,17,Participó en defensa del reino 
1216,Alyssa Targaryen , Targaryen , Lady,0095-06-17, Ironclaw,0089-01-01,GRIS METÁLICO,0116-06-17,0142-06-17,75604.06,f,8, Participó en defensa del reino
1217,Lucerys Targaryen ,Targaryen, Príncipe,0115-01-01,Ironclaw ,0089-01-01,GRIS METÁLICO,0150-01-01,0142-01-01,52155.73,f,13, Entrenamiento militar
1218,Vaelor Targaryen ,Targaryen,príncipe,0103-09-12,Ironclaw,0089-01-01,GRIS METÁLICO,0121-09-12,0142-09-12,62025.37,f,18,
1219,Helaena Targaryen ,Targaryen, Princesa,0109-05-14,IRONCLAW,0089-01-01, Gris metálico,0146-05-14,0136-05-14,21939.89,f,16,Viaje diplomático 
1220,Aelora Targaryen ,TARGARYEN,lady,0102-04-03,IRONCLAW,0089-01-01,GRIS METÁLICO,0143-04-03,0141-04-03,12246.22,f,16, Entrenamiento militar 
1221,Maelor Targaryen , Targaryen ,príncipe,0112-01-01, Ironclaw,0089-01-01,Gris metálico ,0154-01-01,0154-01-01,46657.12,f,10, Herido durante una expedición 
1222,Alyssa Targaryen , Targaryen ,LADY,0095-06-17,Ironclaw ,0089-01-01,GRIS METÁLICO,0128-06-17,0141-06-17,87812.76,f,15, Viaje diplomático
1223,Jaehaerys Targaryen , Targaryen , Príncipe,0110-01-01, Ironclaw ,0089-01-01, Gris metálico,0141-01-01,0150-01-01,89692.14,f,4,Entrenamiento militar 
1224, Rhaena Targaryen, Targaryen ,LADY,0116-09-03, Ironclaw ,0089-01-01, Gris metálico,0146-09-03,0157-09-03,70631.50,f,18,Herido durante una expedición 
1225,Rhaena Targaryen ,TARGARYEN,lady,0116-09-03,Ironclaw ,0089-01-01,Gris metálico,0134-09-03,0156-09-03,45188.80,f,7,REGISTRO PENDIENTE DE REVISIÓN
1226, Daemon Targaryen,Targaryen, Príncipe,0081-06-05, Ironclaw,0089-01-01,Gris metálico ,0115-06-05,0114-06-05,33034.00,f,15,Mantuvo vínculos con otras casas 
1227, Jaehaerys Targaryen , Targaryen , Príncipe,0110-01-01,Ironclaw,0089-01-01,GRIS METÁLICO,0138-01-01,0140-01-01,12446.97,f,15,
1228, Daeron Targaryen , Targaryen , Príncipe,0110-08-21,Ironclaw ,0089-01-01,Gris metálico ,0145-08-21,0143-08-21,30153.09,f,15,Registro pendiente de revisión 
1229, Aemond Targaryen,TARGARYEN,príncipe,0110-02-12,Ironclaw ,0089-01-01,Gris metálico ,0148-02-12,0137-02-12,42810.37,f,11,Registro pendiente de revisión 
1230,Rhaena Targaryen ,Targaryen,lady,0116-09-03, Ironclaw ,0089-01-01, Gris metálico,0148-09-03,0156-09-03,83512.78,f,13, Entrenamiento militar
1231,Jaehaerys Targaryen ,TARGARYEN,príncipe,0110-01-01, Ironclaw,0089-01-01, Gris metálico,0133-01-01,0157-01-01,72105.25,f,14,
1232, Aegon Targaryen, Targaryen ,Príncipe,0090-04-10, Ironclaw,0089-01-01,Gris metálico ,0125-04-10,0117-04-10,38586.95,f,18,PARTICIPÓ EN DEFENSA DEL REINO
1233, Aenar Targaryen,Targaryen,lord,0088-02-18,Ironclaw,0089-01-01,Gris metálico ,0126-02-18,0134-02-18,81539.86,f,2, Participó en defensa del reino
1234, Aenar Targaryen , Targaryen ,lord,0088-02-18,Ironclaw ,0089-01-01,Gris metálico ,0110-02-18,0133-02-18,41927.24,f,6, Herido durante una expedición 
1235,Rhaenyra Targaryen ,targaryen,princesa,0097-03-22, Ironclaw ,0089-01-01, Gris metálico,0125-03-22,0141-03-22,26725.28,f,5,Viaje diplomático 
1236, Aemond Targaryen,targaryen, Príncipe,0110-02-12,IRONCLAW,0089-01-01, Gris metálico,0133-02-12,0154-02-12,65221.01,f,19, Viaje diplomático
1237,Rhaegel Targaryen ,Targaryen, Príncipe,0092-11-05,Ironclaw ,0089-01-01,Gris metálico ,0118-11-05,0129-11-05,69978.58,f,8,
1238, Baela Targaryen,Targaryen, Lady,0116-09-03, Ironclaw ,0089-01-01, Gris metálico,0149-09-03,0151-09-03,29656.53,f,16,Participó en una batalla importante
1239, Rhaegel Targaryen ,Targaryen, Príncipe,0092-11-05, Ironclaw,0089-01-01, Gris metálico,0121-11-05,0121-11-05,64095.94,f,1,
1240, Rhaegel Targaryen ,Targaryen,Príncipe,0092-11-05, Ironclaw,0089-01-01,GRIS METÁLICO,0118-11-05,0134-11-05,60595.27,f,7, Participó en una batalla importante
1241,Aemond Targaryen,Targaryen, Príncipe,0110-02-12, Ironclaw,0089-01-01, Gris metálico,0128-02-12,0133-02-12,4286.42,f,4,Registro histórico 
1242,Aenar Targaryen , Targaryen ,Lord ,0088-02-18, Ironclaw,0089-01-01,GRIS METÁLICO,0113-02-18,0115-02-18,84035.69,f,14,HERIDO DURANTE UNA EXPEDICIÓN
1243, Aemond Targaryen ,targaryen,Príncipe ,0110-02-12,Ironclaw ,0089-01-01, Gris metálico,0131-02-12,0143-02-12,15954.91,f,5,Jinete experimentado
1244, Baela Targaryen, Targaryen ,Lady,0116-09-03, Ironclaw ,0089-01-01, Gris metálico,0146-09-03,0152-09-03,81029.43,f,7, Entrenamiento militar 
1245,Baela Targaryen,Targaryen,lady,0116-09-03, Ironclaw ,0089-01-01,GRIS METÁLICO,0144-09-03,0149-09-03,78436.56,f,18, Herido durante una expedición 
1246,Maelor Targaryen,Targaryen,PRÍNCIPE,0112-01-01, Ironclaw,0089-01-01,GRIS METÁLICO,0136-01-01,0159-01-01,16469.55,f,3,Participó en una batalla importante 
1247,Aelora Targaryen ,targaryen,lady,0102-04-03,Ironclaw ,0089-01-01,GRIS METÁLICO,0144-04-03,0149-04-03,24656.00,f,2,ENTRENAMIENTO MILITAR
1248, Lucerys Targaryen,targaryen,PRÍNCIPE,0115-01-01, Ironclaw ,0089-01-01,Gris metálico ,0143-01-01,0147-01-01,62915.72,f,17,Jinete experimentado 
1249,Aemond Targaryen,targaryen,príncipe,0110-02-12,Ironclaw ,0089-01-01,Gris metálico,0150-02-12,0133-02-12,25864.03,f,8, Herido durante una expedición
1250, Lucerys Targaryen , Targaryen ,príncipe,0115-01-01, Ironclaw,0089-01-01,Gris metálico,0145-01-01,0155-01-01,15552.32,f,1, Mantuvo vínculos con otras casas 
1251, Maelor Targaryen ,Targaryen, Príncipe,0112-01-01, Ironclaw ,0089-01-01,Gris metálico,0142-01-01,0144-01-01,13606.49,f,4,REGISTRO PENDIENTE DE REVISIÓN
1252, Jacaerys Targaryen,targaryen,príncipe,0114-01-01, Ironclaw ,0089-01-01,Gris metálico,0150-01-01,0146-01-01,60533.42,f,10, Viaje diplomático 
1253,Vaelor Targaryen , Targaryen , Príncipe,0103-09-12, Ironclaw ,0089-01-01,Gris metálico,0125-09-12,0138-09-12,90041.41,f,12, Participó en defensa del reino
1254, Aenar Targaryen,Targaryen,lord,0088-02-18, Ironclaw ,0089-01-01,GRIS METÁLICO,0130-02-18,0128-02-18,52735.99,f,9,Participó en una batalla importante
1255, Aegon Targaryen,Targaryen,Príncipe,0090-04-10, Ironclaw ,0089-01-01,GRIS METÁLICO,0127-04-10,0119-04-10,78705.10,f,15,
1256,Aemond Targaryen ,targaryen,Príncipe,0110-02-12, Ironclaw ,0089-01-01,Gris metálico ,0135-02-12,0137-02-12,33980.45,f,8,Registro histórico 
1257,Jaehaerys Targaryen ,Targaryen, Príncipe,0110-01-01,IRONCLAW,0089-01-01,Gris metálico ,0141-01-01,0144-01-01,11814.19,f,7, Registro pendiente de revisión 
1258,Aemond Targaryen ,Targaryen,Príncipe ,0110-02-12, Ironclaw,0089-01-01,GRIS METÁLICO,0135-02-12,0145-02-12,74044.69,f,6, Entrenamiento militar
1259, Rhaena Targaryen,targaryen,Lady ,0116-09-03,Ironclaw ,0089-01-01,Gris metálico ,0145-09-03,0145-09-03,4499.32,f,7,Herido durante una expedición 
1260, Rhaena Targaryen,targaryen, Lady,0116-09-03,IRONCLAW,0089-01-01,GRIS METÁLICO,0158-09-03,0163-09-03,80317.29,f,13,
1261, Aelora Targaryen,TARGARYEN,LADY,0102-04-03, Ironclaw ,0089-01-01,Gris metálico ,0134-04-03,0139-04-03,60396.15,f,11,Registro histórico 
1262, Baela Targaryen ,Targaryen,lady,0116-09-03, Ironclaw ,0089-01-01,Gris metálico ,0139-09-03,0146-09-03,47438.18,f,7,Jinete experimentado 
1263, Alyssa Targaryen,targaryen,lady,0095-06-17,Ironclaw ,0089-01-01,Gris metálico ,0116-06-17,0137-06-17,42019.95,f,10,Participó en una batalla importante 
1264, Daeron Targaryen,TARGARYEN,PRÍNCIPE,0110-08-21,Ironclaw ,0089-01-01,GRIS METÁLICO,0147-08-21,0148-08-21,63689.86,f,9, Viaje diplomático 
1265, Rhaegel Targaryen ,TARGARYEN, Príncipe,0092-11-05,Ironclaw ,0089-01-01, Gris metálico,0132-11-05,0126-11-05,53075.67,f,10, Participó en defensa del reino
1266, Daemon Targaryen,Targaryen,Príncipe,0081-06-05,Ironclaw ,0089-01-01, Gris metálico,0103-06-05,0118-06-05,49142.68,f,18,Jinete experimentado 
1267,Rhaegel Targaryen ,Targaryen,príncipe,0092-11-05, Ironclaw ,0089-01-01,Gris metálico ,0121-11-05,0127-11-05,75898.03,f,1, Participó en una batalla importante 
1268, Rhaena Targaryen,Targaryen,lady,0116-09-03,Ironclaw ,0089-01-01,Gris metálico,0139-09-03,0143-09-03,49013.64,f,7,
1269,Helaena Targaryen ,Targaryen,princesa,0109-05-14,Ironclaw ,0089-01-01,Gris metálico ,0139-05-14,0138-05-14,28267.33,f,17, Jinete experimentado
1270,Aemond Targaryen , Targaryen , Príncipe,0110-02-12,Ironclaw ,0089-01-01,GRIS METÁLICO,0149-02-12,0139-02-12,21856.15,f,15, Jinete experimentado 
1271,Rhaegel Targaryen ,targaryen, Príncipe,0092-11-05,IRONCLAW,0089-01-01,GRIS METÁLICO,0133-11-05,0121-11-05,39415.64,f,18,
1272, Baela Targaryen ,Targaryen,Lady,0116-09-03, Ironclaw,0089-01-01,Gris metálico ,0135-09-03,0142-09-03,45776.15,f,7,Viaje diplomático 
1273, Viserys Targaryen,Targaryen,rey,0077-01-15,Ironclaw ,0089-01-01,Gris metálico ,0107-01-15,0101-01-15,63980.68,f,2, Participó en defensa del reino
1274,Rhaenyra Targaryen ,TARGARYEN,PRINCESA,0097-03-22,Ironclaw ,0089-01-01,Gris metálico ,0124-03-22,0133-03-22,26343.96,f,13, Registro histórico 
1275,Aegon Targaryen ,targaryen,PRÍNCIPE,0090-04-10, Ironclaw,0089-01-01,Gris metálico,0108-04-10,0125-04-10,67813.22,f,13, Registro histórico 
1276,Helaena Targaryen ,targaryen,Princesa ,0109-05-14,IRONCLAW,0089-01-01, Gris metálico,0146-05-14,0150-05-14,46755.88,f,9, Mantuvo vínculos con otras casas
1277, Daemon Targaryen ,Targaryen,príncipe,0081-06-05,Ironclaw ,0089-01-01, Gris metálico,0120-06-05,0127-06-05,28665.96,f,3, Participó en defensa del reino 
1278, Rhaegel Targaryen ,Targaryen,PRÍNCIPE,0092-11-05, Ironclaw,0089-01-01, Gris metálico,0132-11-05,0129-11-05,27894.86,f,4, Herido durante una expedición 
1279,Daeron Targaryen ,TARGARYEN,PRÍNCIPE,0110-08-21,IRONCLAW,0089-01-01,GRIS METÁLICO,0140-08-21,0133-08-21,47142.81,f,14, Viaje diplomático 
1280,Vaelor Targaryen , Targaryen ,príncipe,0103-09-12, Ironclaw ,0089-01-01, Gris metálico,0125-09-12,0141-09-12,36073.68,f,15,ENTRENAMIENTO MILITAR
1281,Jacaerys Targaryen , Targaryen , Príncipe,0114-01-01,IRONCLAW,0089-01-01, Gris metálico,0154-01-01,0150-01-01,66366.02,f,16, Entrenamiento militar 
1282, Lucerys Targaryen ,Targaryen,PRÍNCIPE,0115-01-01,IRONCLAW,0089-01-01,Gris metálico ,0149-01-01,0152-01-01,74034.32,f,5,PARTICIPÓ EN DEFENSA DEL REINO
1283, Helaena Targaryen ,targaryen,Princesa ,0109-05-14,Ironclaw ,0089-01-01, Gris metálico,0144-05-14,0139-05-14,18726.51,f,9, Participó en una batalla importante
1284,Maelor Targaryen ,targaryen,príncipe,0112-01-01,Ironclaw ,0089-01-01,Gris metálico ,0150-01-01,0147-01-01,40520.65,f,1,
1285, Jacaerys Targaryen,targaryen,Príncipe ,0114-01-01, Ironclaw ,0089-01-01,GRIS METÁLICO,0132-01-01,0159-01-01,29116.49,f,13,Viaje diplomático 
1286,Rhaegel Targaryen ,Targaryen,PRÍNCIPE,0092-11-05,Ironclaw ,0089-01-01,GRIS METÁLICO,0116-11-05,0128-11-05,71529.95,f,0,Entrenamiento militar 
1287,Daemon Targaryen ,targaryen,príncipe,0081-06-05,Ironclaw,0089-01-01,Gris metálico ,0122-06-05,0112-06-05,58490.97,f,18,Herido durante una expedición 
1288, Jaehaerys Targaryen, Targaryen ,príncipe,0110-01-01,Ironclaw ,0089-01-01,Gris metálico ,0145-01-01,0141-01-01,63291.12,f,19,PARTICIPÓ EN DEFENSA DEL REINO
1289,Jaehaerys Targaryen , Targaryen ,príncipe,0110-01-01, Ironclaw ,0089-01-01, Gris metálico,0139-01-01,0138-01-01,62207.43,f,17, Jinete experimentado 
1290,Helaena Targaryen , Targaryen ,PRINCESA,0109-05-14, Ironclaw,0089-01-01,Gris metálico ,0141-05-14,0139-05-14,20460.58,f,13,Entrenamiento militar 
1291,Jaehaerys Targaryen ,TARGARYEN,PRÍNCIPE,0110-01-01, Ironclaw,0089-01-01,GRIS METÁLICO,0134-01-01,0146-01-01,45459.43,f,14, Registro histórico
1292,Maeron Targaryen ,targaryen,príncipe,0105-10-09,IRONCLAW,0089-01-01,Gris metálico ,0129-10-09,0139-10-09,50218.45,f,9, Jinete experimentado 
1293,Jacaerys Targaryen ,targaryen,PRÍNCIPE,0114-01-01,Ironclaw,0089-01-01, Gris metálico,0141-01-01,0145-01-01,73292.17,f,17,Participó en una batalla importante
1294, Aegon Targaryen,Targaryen,príncipe,0090-04-10, Ironclaw ,0089-01-01, Gris metálico,0123-04-10,0131-04-10,22955.92,f,17,Mantuvo vínculos con otras casas 
1295,Jacaerys Targaryen,Targaryen,príncipe,0114-01-01,Ironclaw ,0089-01-01,GRIS METÁLICO,0144-01-01,0151-01-01,82817.56,f,11, Participó en una batalla importante
1296,Lucerys Targaryen,Targaryen,Príncipe ,0115-01-01, Ironclaw,0089-01-01,Gris metálico,0154-01-01,0161-01-01,30104.01,f,19, Entrenamiento militar 
1297,Rhaena Targaryen, Targaryen , Lady,0116-09-03, Ironclaw ,0089-01-01,Gris metálico,0150-09-03,0153-09-03,68599.77,f,11,MANTUVO VÍNCULOS CON OTRAS CASAS
1298, Maelor Targaryen,Targaryen, Príncipe,0112-01-01, Ironclaw,0089-01-01,GRIS METÁLICO,0142-01-01,0139-01-01,84222.13,f,1,Mantuvo vínculos con otras casas 
1299,Vaelor Targaryen ,Targaryen,PRÍNCIPE,0103-09-12,Ironclaw ,0089-01-01,Gris metálico ,0143-09-12,0143-09-12,13090.05,f,2,Herido durante una expedición 
1300, Rhaegel Targaryen,targaryen, Príncipe,0092-11-05,Ironclaw ,0089-01-01,Gris metálico ,0130-11-05,0135-11-05,81141.71,f,16,HERIDO DURANTE UNA EXPEDICIÓN
1301,Aelora Targaryen, Targaryen ,lady,0102-04-03,Ironclaw,0089-01-01, Gris metálico,0142-04-03,0132-04-03,5895.14,f,2,Jinete experimentado 
1302, Maelor Targaryen,Targaryen,PRÍNCIPE,0112-01-01,IRONCLAW,0089-01-01, Gris metálico,0136-01-01,0157-01-01,72921.17,f,6, Entrenamiento militar 
1303,Aegon Targaryen,targaryen,PRÍNCIPE,0090-04-10,Ironclaw ,0089-01-01,Gris metálico ,0132-04-10,0123-04-10,63998.06,f,19, Registro histórico 
1304,Jacaerys Targaryen ,targaryen,príncipe,0114-01-01,IRONCLAW,0089-01-01,GRIS METÁLICO,0136-01-01,0146-01-01,88796.92,f,13,
1305,Vaelor Targaryen , Targaryen ,PRÍNCIPE,0103-09-12,Ironclaw ,0089-01-01,GRIS METÁLICO,0136-09-12,0136-09-12,51307.17,f,1, Mantuvo vínculos con otras casas 
1306, Jacaerys Targaryen ,targaryen,PRÍNCIPE,0114-01-01,Ironclaw ,0089-01-01, Gris metálico,0152-01-01,0142-01-01,50232.46,f,16,Entrenamiento militar 
1307,Maelor Targaryen,Targaryen,PRÍNCIPE,0112-01-01, Ironclaw ,0089-01-01, Gris metálico,0143-01-01,0154-01-01,40487.04,f,15,Mantuvo vínculos con otras casas 
1308, Lucerys Targaryen ,TARGARYEN, Príncipe,0115-01-01,Ironclaw ,0089-01-01,Gris metálico ,0144-01-01,0160-01-01,73599.84,f,11, Viaje diplomático 
1309, Jaehaerys Targaryen, Targaryen ,príncipe,0110-01-01, Ironclaw ,0089-01-01,Gris metálico ,0150-01-01,0141-01-01,56575.40,f,16, Jinete experimentado
1310, Aelora Targaryen ,Targaryen, Lady,0102-04-03,Ironclaw ,0089-01-01,GRIS METÁLICO,0144-04-03,0139-04-03,52167.33,f,14, Registro histórico
1311,Lucerys Targaryen,TARGARYEN,PRÍNCIPE,0115-01-01,Ironclaw ,0089-01-01,GRIS METÁLICO,0137-01-01,0141-01-01,68696.01,f,1, Mantuvo vínculos con otras casas 
1312,Daemon Targaryen ,Targaryen, Príncipe,0081-06-05, Ironclaw,0089-01-01, Gris metálico,0109-06-05,0128-06-05,10172.81,f,16, Participó en defensa del reino 
1313,Daemon Targaryen ,targaryen,príncipe,0081-06-05, Ironclaw,0089-01-01,Gris metálico ,0103-06-05,0123-06-05,29995.57,f,4, Participó en una batalla importante
1314, Lucerys Targaryen,Targaryen,Príncipe ,0115-01-01,Ironclaw ,0089-01-01, Gris metálico,0138-01-01,0160-01-01,86284.80,f,9,Registro histórico
1315, Maeron Targaryen,TARGARYEN, Príncipe,0105-10-09,Ironclaw ,0089-01-01,GRIS METÁLICO,0145-10-09,0129-10-09,73017.09,f,1,Entrenamiento militar 
1316, Lucerys Targaryen , Targaryen ,PRÍNCIPE,0115-01-01,IRONCLAW,0089-01-01,Gris metálico ,0152-01-01,0156-01-01,4977.96,f,18, Participó en una batalla importante 
1317, Aemond Targaryen ,Targaryen,Príncipe ,0110-02-12,Ironclaw ,0089-01-01,GRIS METÁLICO,0132-02-12,0151-02-12,13396.74,f,11, Viaje diplomático
1318,Maelor Targaryen ,TARGARYEN,Príncipe ,0112-01-01, Ironclaw,0089-01-01,Gris metálico ,0141-01-01,0140-01-01,56499.26,f,17, Entrenamiento militar
1319, Aelora Targaryen,targaryen,Lady ,0102-04-03, Ironclaw,0089-01-01,Gris metálico,0129-04-03,0133-04-03,32088.43,f,19, Mantuvo vínculos con otras casas 
1320,Daemon Targaryen ,TARGARYEN,Príncipe ,0081-06-05, Ironclaw ,0089-01-01,GRIS METÁLICO,0122-06-05,0123-06-05,57630.92,f,15,Jinete experimentado 
1321, Rhaena Targaryen ,targaryen, Lady,0116-09-03,Ironclaw ,0089-01-01, Gris metálico,0158-09-03,0158-09-03,64844.97,f,1, Jinete experimentado
1322, Rhaena Targaryen, Targaryen ,LADY,0116-09-03, Ironclaw ,0089-01-01, Gris metálico,0149-09-03,0141-09-03,82408.96,f,6,Registro histórico 
1323,Lucerys Targaryen,targaryen,príncipe,0115-01-01, Ironclaw ,0089-01-01,GRIS METÁLICO,0137-01-01,0150-01-01,35821.68,f,14, Mantuvo vínculos con otras casas 
1324,Maeron Targaryen,Targaryen,príncipe,0105-10-09, Ironclaw,0089-01-01,Gris metálico ,0136-10-09,0141-10-09,13334.88,f,9,Participó en una batalla importante 
1325, Maelor Targaryen,targaryen,PRÍNCIPE,0112-01-01,Ironclaw ,0089-01-01, Gris metálico,0132-01-01,0144-01-01,71080.68,f,10, Herido durante una expedición
1326,Aemond Targaryen ,targaryen, Príncipe,0110-02-12, Ironclaw ,0089-01-01,Gris metálico ,0137-02-12,0133-02-12,3392.99,f,14,Participó en defensa del reino 
1327,Baela Targaryen ,Targaryen,LADY,0116-09-03,Ironclaw,0089-01-01, Gris metálico,0142-09-03,0156-09-03,66293.08,f,14, Mantuvo vínculos con otras casas 
1328,Rhaenyra Targaryen ,Targaryen,Princesa,0097-03-22,Ironclaw ,0089-01-01,GRIS METÁLICO,0133-03-22,0123-03-22,19913.43,f,18, Herido durante una expedición
1329, Vaelor Targaryen,Targaryen, Príncipe,0103-09-12, Ironclaw,0089-01-01,Gris metálico ,0145-09-12,0133-09-12,51901.98,f,10, Registro pendiente de revisión
1330, Aemond Targaryen,TARGARYEN, Príncipe,0110-02-12,Ironclaw ,0089-01-01,Gris metálico ,0150-02-12,0157-02-12,87150.30,f,1, Participó en una batalla importante
1331, Rhaegel Targaryen , Targaryen ,Príncipe ,0092-11-05, Ironclaw,0089-01-01,Gris metálico ,0130-11-05,0122-11-05,5600.04,f,19,
1332, Aemond Targaryen, Targaryen , Príncipe,0110-02-12,IRONCLAW,0089-01-01,Gris metálico ,0152-02-12,0150-02-12,62208.73,f,14, Participó en defensa del reino 
1333,Visenya Targaryen ,targaryen,PRINCESA,0091-07-20, Ironclaw ,0089-01-01,Gris metálico,0132-07-20,0122-07-20,35254.18,f,5,Herido durante una expedición
1334,Rhaenyra Targaryen ,Targaryen,princesa,0097-03-22,IRONCLAW,0089-01-01, Gris metálico,0117-03-22,0137-03-22,23041.94,f,7,Jinete experimentado 
1335, Aelora Targaryen,Targaryen,LADY,0102-04-03,IRONCLAW,0089-01-01,Gris metálico ,0137-04-03,0144-04-03,59508.96,f,16,Viaje diplomático 
1336,Viserys Targaryen ,Targaryen, Rey,0077-01-15,Ironclaw ,0089-01-01,Gris metálico ,0117-01-15,0106-01-15,2196.89,f,9, Viaje diplomático 
1337, Visenya Targaryen, Targaryen ,princesa,0091-07-20, Ironclaw ,0089-01-01,Gris metálico ,0121-07-20,0128-07-20,64070.64,f,18,Registro histórico 
1338,Alyssa Targaryen,TARGARYEN,lady,0095-06-17,Ironclaw ,0089-01-01,Gris metálico ,0118-06-17,0135-06-17,74611.11,f,10, Registro histórico
1339,Rhaenyra Targaryen ,targaryen,PRINCESA,0097-03-22, Ironclaw ,0089-01-01,Gris metálico,0116-03-22,0136-03-22,83969.46,f,18,Registro histórico 
1340,Baela Targaryen , Targaryen ,LADY,0116-09-03,Ironclaw ,0089-01-01, Gris metálico,0157-09-03,0155-09-03,58957.44,f,13, Registro histórico
1341,Alyssa Targaryen ,TARGARYEN,LADY,0095-06-17, Ironclaw,0089-01-01, Gris metálico,0134-06-17,0118-06-17,81229.47,f,15, Viaje diplomático
1342, Viserys Targaryen,TARGARYEN,rey,0077-01-15,IRONCLAW,0089-01-01, Gris metálico,0100-01-15,0110-01-15,82562.56,f,7,ENTRENAMIENTO MILITAR
1343,Visenya Targaryen , Targaryen , Princesa,0091-07-20,Ironclaw ,0089-01-01, Gris metálico,0115-07-20,0129-07-20,39211.41,f,0, Registro histórico
1344, Jaehaerys Targaryen,TARGARYEN,príncipe,0110-01-01,IRONCLAW,0089-01-01,Gris metálico ,0151-01-01,0150-01-01,74286.47,f,10, Participó en una batalla importante
1345,Jaehaerys Targaryen ,Targaryen,príncipe,0110-01-01,Ironclaw,0089-01-01,GRIS METÁLICO,0150-01-01,0136-01-01,32070.82,f,9, Participó en una batalla importante
1346,Viserys Targaryen,targaryen,rey,0077-01-15,IRONCLAW,0089-01-01,Gris metálico ,0103-01-15,0117-01-15,23892.39,f,14,JINETE EXPERIMENTADO
1347, Jaehaerys Targaryen ,targaryen,príncipe,0110-01-01,Ironclaw ,0089-01-01,Gris metálico ,0144-01-01,0139-01-01,1848.97,f,6, Viaje diplomático
1348,Daeron Targaryen ,TARGARYEN,Príncipe,0110-08-21, Ironclaw ,0089-01-01,Gris metálico ,0135-08-21,0152-08-21,55286.17,f,11,Mantuvo vínculos con otras casas 
1349, Helaena Targaryen, Targaryen ,Princesa,0109-05-14, Ironclaw,0089-01-01,Gris metálico ,0145-05-14,0149-05-14,15267.19,f,8,
1350, Maeron Targaryen , Targaryen , Príncipe,0105-10-09, Ironclaw ,0089-01-01,Gris metálico ,0138-10-09,0134-10-09,24466.48,f,2, Participó en defensa del reino 
1351, Rhaena Targaryen ,Targaryen,LADY,0116-09-03, Ironclaw,0089-01-01,Gris metálico ,0156-09-03,0154-09-03,18701.25,f,12,Viaje diplomático 
1352, Rhaena Targaryen,Targaryen,Lady,0116-09-03,Ironclaw ,0089-01-01,GRIS METÁLICO,0143-09-03,0160-09-03,13677.43,f,12, Mantuvo vínculos con otras casas
1353,Aenar Targaryen ,Targaryen, Lord,0088-02-18, Ironclaw,0089-01-01, Gris metálico,0107-02-18,0128-02-18,23309.41,f,15,ENTRENAMIENTO MILITAR
1354, Lucerys Targaryen,targaryen,Príncipe ,0115-01-01,IRONCLAW,0089-01-01, Gris metálico,0156-01-01,0146-01-01,68999.93,f,13,HERIDO DURANTE UNA EXPEDICIÓN
1355, Viserys Targaryen ,Targaryen,rey,0077-01-15, Ironclaw,0089-01-01,Gris metálico ,0099-01-15,0109-01-15,26791.95,f,11, Viaje diplomático 
1356,Lucerys Targaryen, Targaryen , Príncipe,0115-01-01, Ironclaw,0089-01-01,Gris metálico ,0143-01-01,0155-01-01,52330.93,f,2, Participó en defensa del reino
1357, Viserys Targaryen,targaryen,REY,0077-01-15, Ironclaw ,0089-01-01,Gris metálico ,0114-01-15,0106-01-15,34794.11,f,16,
1358, Rhaena Targaryen,TARGARYEN,LADY,0116-09-03, Ironclaw,0089-01-01,GRIS METÁLICO,0141-09-03,0156-09-03,85016.73,f,7,ENTRENAMIENTO MILITAR
1359, Alyssa Targaryen,Targaryen,Lady ,0095-06-17, Ironclaw ,0089-01-01,Gris metálico ,0131-06-17,0123-06-17,9747.08,f,12, Entrenamiento militar
1360,Maelor Targaryen ,Targaryen, Príncipe,0112-01-01, Ironclaw,0089-01-01,Gris metálico ,0154-01-01,0154-01-01,77342.85,f,3, Mantuvo vínculos con otras casas
1361,Aelora Targaryen ,Targaryen, Lady,0102-04-03,IRONCLAW,0089-01-01,Gris metálico ,0120-04-03,0137-04-03,87108.96,f,10, Herido durante una expedición 
1362, Daeron Targaryen ,targaryen, Príncipe,0110-08-21,Ironclaw ,0089-01-01,GRIS METÁLICO,0141-08-21,0149-08-21,65164.99,f,17,Registro pendiente de revisión 
1363, Aenar Targaryen,Targaryen,LORD,0088-02-18, Ironclaw ,0089-01-01,GRIS METÁLICO,0109-02-18,0123-02-18,89246.81,f,2,Participó en defensa del reino 
1364, Baela Targaryen , Targaryen ,LADY,0116-09-03,IRONCLAW,0089-01-01, Gris metálico,0138-09-03,0144-09-03,74099.95,f,10,Participó en defensa del reino 
1365,Alyssa Targaryen ,targaryen,LADY,0095-06-17, Ironclaw ,0089-01-01,Gris metálico ,0130-06-17,0134-06-17,67485.88,f,16, Entrenamiento militar 
1366, Lucerys Targaryen ,Targaryen, Príncipe,0115-01-01, Ironclaw ,0089-01-01,GRIS METÁLICO,0154-01-01,0144-01-01,89095.13,f,6,VIAJE DIPLOMÁTICO
1367,Maeron Targaryen ,targaryen,príncipe,0105-10-09, Ironclaw ,0089-01-01, Gris metálico,0144-10-09,0151-10-09,5158.19,f,12, Jinete experimentado 
1368, Daeron Targaryen , Targaryen ,príncipe,0110-08-21,Ironclaw ,0089-01-01,Gris metálico ,0149-08-21,0137-08-21,43816.91,f,11,Mantuvo vínculos con otras casas
1369, Daemon Targaryen ,Targaryen,príncipe,0081-06-05, Ironclaw,0089-01-01,GRIS METÁLICO,0103-06-05,0122-06-05,50251.83,f,2,REGISTRO HISTÓRICO
1370,Lucerys Targaryen ,Targaryen, Príncipe,0115-01-01,Ironclaw ,0089-01-01,GRIS METÁLICO,0152-01-01,0145-01-01,74013.77,f,13, Entrenamiento militar 
1371, Vaelor Targaryen, Targaryen ,príncipe,0103-09-12,Ironclaw,0089-01-01,GRIS METÁLICO,0144-09-12,0130-09-12,54407.01,f,19, Viaje diplomático 
1372, Aegon Targaryen ,Targaryen,PRÍNCIPE,0090-04-10,IRONCLAW,0089-01-01,Gris metálico,0127-04-10,0132-04-10,66137.49,f,9, Registro pendiente de revisión 
1373,Aenar Targaryen , Targaryen , Lord,0088-02-18,IRONCLAW,0089-01-01,Gris metálico ,0111-02-18,0125-02-18,88858.60,f,18, Participó en defensa del reino
1374,Aelora Targaryen ,TARGARYEN,Lady,0102-04-03,Ironclaw ,0089-01-01,Gris metálico ,0138-04-03,0137-04-03,62832.66,f,16, Registro pendiente de revisión 
1375,Baela Targaryen ,targaryen,lady,0116-09-03, Ironclaw,0089-01-01,Gris metálico,0146-09-03,0161-09-03,28780.44,f,19,
1376, Aemond Targaryen ,Targaryen,PRÍNCIPE,0110-02-12,IRONCLAW,0089-01-01,Gris metálico ,0152-02-12,0141-02-12,22729.83,f,16,JINETE EXPERIMENTADO
1377,Jacaerys Targaryen,TARGARYEN,príncipe,0114-01-01,Ironclaw ,0089-01-01,Gris metálico ,0153-01-01,0150-01-01,2160.20,f,10, Viaje diplomático 
1378, Maeron Targaryen , Targaryen ,PRÍNCIPE,0105-10-09, Ironclaw,0089-01-01, Gris metálico,0126-10-09,0131-10-09,88955.43,f,11, Participó en una batalla importante 
1379, Viserys Targaryen,Targaryen,rey,0077-01-15, Ironclaw ,0089-01-01,Gris metálico ,0107-01-15,0110-01-15,39077.54,f,9,JINETE EXPERIMENTADO
1380,Maeron Targaryen ,Targaryen,PRÍNCIPE,0105-10-09, Ironclaw ,0089-01-01,GRIS METÁLICO,0144-10-09,0150-10-09,51368.80,f,18,Participó en una batalla importante 
1381, Viserys Targaryen ,targaryen,Rey ,0077-01-15,Ironclaw ,0089-01-01,Gris metálico ,0114-01-15,0120-01-15,37702.27,f,10, Participó en una batalla importante 
1382, Aemond Targaryen ,targaryen,PRÍNCIPE,0110-02-12, Ironclaw,0089-01-01,Gris metálico,0150-02-12,0148-02-12,18380.51,f,17, Mantuvo vínculos con otras casas 
1383, Helaena Targaryen,targaryen,princesa,0109-05-14,Ironclaw ,0089-01-01, Gris metálico,0128-05-14,0156-05-14,46189.50,f,16, Participó en una batalla importante
1384, Aenar Targaryen ,targaryen,LORD,0088-02-18,Ironclaw ,0089-01-01,GRIS METÁLICO,0111-02-18,0124-02-18,38223.32,f,2, Herido durante una expedición 
1385, Baela Targaryen, Targaryen , Lady,0116-09-03,Ironclaw,0089-01-01,GRIS METÁLICO,0146-09-03,0161-09-03,80408.33,f,10, Entrenamiento militar
1386,Rhaenyra Targaryen ,Targaryen,princesa,0097-03-22,IRONCLAW,0089-01-01,GRIS METÁLICO,0133-03-22,0123-03-22,88592.04,f,18,Participó en defensa del reino 
1387, Daemon Targaryen,Targaryen,príncipe,0081-06-05,IRONCLAW,0089-01-01,Gris metálico ,0110-06-05,0106-06-05,19615.20,f,2, Participó en defensa del reino
1388,Vaelor Targaryen ,TARGARYEN,PRÍNCIPE,0103-09-12, Ironclaw,0089-01-01,Gris metálico ,0130-09-12,0150-09-12,51723.12,f,3, Registro pendiente de revisión
1389,Daeron Targaryen,targaryen,PRÍNCIPE,0110-08-21,Ironclaw ,0089-01-01,GRIS METÁLICO,0128-08-21,0145-08-21,32978.62,f,2,Herido durante una expedición 
1390, Alyssa Targaryen,Targaryen,LADY,0095-06-17, Ironclaw ,0089-01-01,Gris metálico ,0129-06-17,0139-06-17,44797.45,f,14,
1391, Baela Targaryen,TARGARYEN,lady,0116-09-03, Ironclaw,0089-01-01,GRIS METÁLICO,0135-09-03,0140-09-03,35519.53,f,14, Mantuvo vínculos con otras casas
1392,Rhaegel Targaryen,Targaryen,Príncipe ,0092-11-05,Ironclaw ,0089-01-01,Gris metálico ,0118-11-05,0130-11-05,69119.67,f,1, Viaje diplomático 
1393, Aegon Targaryen ,TARGARYEN, Príncipe,0090-04-10,Ironclaw ,0089-01-01, Gris metálico,0131-04-10,0133-04-10,29139.37,f,6, Registro pendiente de revisión 
1394, Rhaegel Targaryen ,Targaryen, Príncipe,0092-11-05, Ironclaw ,0089-01-01, Gris metálico,0122-11-05,0119-11-05,47005.79,f,5, Jinete experimentado
1395, Helaena Targaryen ,Targaryen,princesa,0109-05-14, Ironclaw ,0089-01-01,Gris metálico ,0145-05-14,0148-05-14,42468.10,f,12,Registro pendiente de revisión 
1396, Jaehaerys Targaryen, Targaryen ,príncipe,0110-01-01,IRONCLAW,0089-01-01,GRIS METÁLICO,0134-01-01,0150-01-01,44734.62,f,15,Participó en una batalla importante 
1397,Helaena Targaryen ,Targaryen,princesa,0109-05-14, Ironclaw ,0089-01-01,Gris metálico ,0147-05-14,0148-05-14,77464.20,f,12, Viaje diplomático 
1398, Daemon Targaryen ,Targaryen,príncipe,0081-06-05,Ironclaw ,0089-01-01,GRIS METÁLICO,0101-06-05,0118-06-05,79775.61,f,6, Viaje diplomático
1399, Maeron Targaryen,targaryen, Príncipe,0105-10-09,IRONCLAW,0089-01-01,Gris metálico ,0125-10-09,0139-10-09,1129.09,f,1, Viaje diplomático
1400,Alyssa Targaryen ,targaryen,lady,0095-06-17, Ironclaw,0089-01-01,GRIS METÁLICO,0127-06-17,0128-06-17,27291.25,f,1,Registro histórico 
1401, Alyssa Targaryen,TARGARYEN,Lady ,0095-06-17,IRONCLAW,0089-01-01,Gris metálico,0129-06-17,0136-06-17,14579.53,f,6,Participó en una batalla importante 
1402,Aemond Targaryen,targaryen,Príncipe,0110-02-12,IRONCLAW,0089-01-01,GRIS METÁLICO,0133-02-12,0139-02-12,2145.96,f,18,Registro pendiente de revisión 
1403,Maelor Targaryen ,targaryen, Príncipe,0112-01-01, Ironclaw,0089-01-01,Gris metálico ,0151-01-01,0144-01-01,36022.48,f,2,VIAJE DIPLOMÁTICO
1404, Lucerys Targaryen ,Targaryen, Príncipe,0115-01-01, Ironclaw,0089-01-01, Gris metálico,0153-01-01,0159-01-01,56321.15,f,10,Registro pendiente de revisión 
1405, Daemon Targaryen , Targaryen , Príncipe,0081-06-05,Ironclaw,0089-01-01, Gris metálico,0121-06-05,0104-06-05,56818.14,f,9, Herido durante una expedición
1406,Aelora Targaryen ,TARGARYEN, Lady,0102-04-03,IRONCLAW,0089-01-01,GRIS METÁLICO,0143-04-03,0134-04-03,32079.08,f,12,Entrenamiento militar 
1407, Alyssa Targaryen,Targaryen,Lady ,0095-06-17, Ironclaw ,0089-01-01,GRIS METÁLICO,0118-06-17,0129-06-17,70934.47,f,18,Viaje diplomático
1408,Aegon Targaryen ,targaryen,príncipe,0090-04-10,IRONCLAW,0089-01-01, Gris metálico,0120-04-10,0126-04-10,72198.25,f,7,
1409,Jaehaerys Targaryen ,Targaryen,Príncipe ,0110-01-01,IRONCLAW,0089-01-01, Gris metálico,0149-01-01,0157-01-01,55611.29,f,10,
1410, Visenya Targaryen, Targaryen ,Princesa ,0091-07-20,Ironclaw ,0089-01-01,Gris metálico ,0125-07-20,0127-07-20,25498.04,f,13,Viaje diplomático
1411, Jacaerys Targaryen,Targaryen,Príncipe ,0114-01-01,Ironclaw ,0089-01-01, Gris metálico,0143-01-01,0154-01-01,49549.51,f,0, Entrenamiento militar 
1412, Visenya Targaryen ,targaryen,PRINCESA,0091-07-20,Ironclaw,0089-01-01,Gris metálico ,0133-07-20,0137-07-20,50026.04,f,1,Registro histórico 
1413,Viserys Targaryen ,TARGARYEN,rey,0077-01-15, Ironclaw ,0089-01-01,Gris metálico ,0111-01-15,0115-01-15,56091.55,f,6,Registro pendiente de revisión 
1414,Aenar Targaryen,targaryen,lord,0088-02-18, Ironclaw ,0089-01-01,GRIS METÁLICO,0128-02-18,0127-02-18,50048.96,f,18, Mantuvo vínculos con otras casas 
1415,Daeron Targaryen,targaryen,Príncipe ,0110-08-21, Ironclaw,0089-01-01,Gris metálico ,0140-08-21,0150-08-21,29893.73,f,14,
1416,Aenar Targaryen ,targaryen,LORD,0088-02-18,Ironclaw ,0089-01-01,Gris metálico ,0126-02-18,0112-02-18,90120.90,f,10,
1417, Maelor Targaryen,targaryen,príncipe,0112-01-01, Ironclaw,0089-01-01,GRIS METÁLICO,0142-01-01,0137-01-01,70880.92,f,2, Registro pendiente de revisión
1418,Aemond Targaryen,TARGARYEN,Príncipe ,0110-02-12,IRONCLAW,0089-01-01, Gris metálico,0139-02-12,0139-02-12,13380.42,f,16, Participó en una batalla importante 
1419,Rhaegel Targaryen, Targaryen ,Príncipe ,0092-11-05,Ironclaw ,0089-01-01,GRIS METÁLICO,0130-11-05,0136-11-05,84799.62,f,7, Entrenamiento militar
1420,Jaehaerys Targaryen ,targaryen, Príncipe,0110-01-01, Ironclaw,0089-01-01,Gris metálico ,0142-01-01,0141-01-01,36365.53,f,4,Mantuvo vínculos con otras casas 
1421,Vaelor Targaryen ,targaryen,príncipe,0103-09-12,Ironclaw ,0089-01-01,GRIS METÁLICO,0139-09-12,0126-09-12,1667.58,f,12, Mantuvo vínculos con otras casas 
1422,Jaehaerys Targaryen , Targaryen ,Príncipe ,0110-01-01, Ironclaw ,0089-01-01,Gris metálico ,0137-01-01,0152-01-01,87936.75,f,13,Registro pendiente de revisión 
1423,Vaelor Targaryen,targaryen,PRÍNCIPE,0103-09-12, Ironclaw ,0089-01-01,Gris metálico ,0137-09-12,0137-09-12,61805.19,f,4, Jinete experimentado
1424,Aelora Targaryen,TARGARYEN, Lady,0102-04-03,Ironclaw ,0089-01-01, Gris metálico,0136-04-03,0136-04-03,66740.30,f,19,HERIDO DURANTE UNA EXPEDICIÓN
1425, Viserys Targaryen, Targaryen ,rey,0077-01-15,Ironclaw ,0089-01-01,GRIS METÁLICO,0111-01-15,0104-01-15,20001.77,f,5,PARTICIPÓ EN DEFENSA DEL REINO
1426,Daemon Targaryen ,targaryen,príncipe,0081-06-05,Ironclaw ,0089-01-01,Gris metálico ,0105-06-05,0117-06-05,2492.97,f,10,
1427, Visenya Targaryen,Targaryen,PRINCESA,0091-07-20,Ironclaw ,0089-01-01, Gris metálico,0114-07-20,0126-07-20,55630.75,f,10,
1428,Daemon Targaryen ,Targaryen, Príncipe,0081-06-05,IRONCLAW,0089-01-01,GRIS METÁLICO,0114-06-05,0125-06-05,49126.85,f,14,REGISTRO PENDIENTE DE REVISIÓN
1429,Alyssa Targaryen , Targaryen ,Lady ,0095-06-17,IRONCLAW,0089-01-01,Gris metálico,0132-06-17,0122-06-17,86354.08,f,5,
1430, Lucerys Targaryen ,targaryen,príncipe,0115-01-01,IRONCLAW,0089-01-01,Gris metálico ,0153-01-01,0159-01-01,63997.18,f,11,Registro histórico 
1431, Helaena Targaryen, Targaryen ,PRINCESA,0109-05-14, Ironclaw,0089-01-01,Gris metálico ,0141-05-14,0132-05-14,10247.63,f,1,
1432, Jacaerys Targaryen ,targaryen,príncipe,0114-01-01,Ironclaw ,0089-01-01,GRIS METÁLICO,0145-01-01,0158-01-01,26527.97,f,10, Participó en una batalla importante
1433,Alyssa Targaryen , Targaryen ,Lady ,0095-06-17, Ironclaw ,0089-01-01,Gris metálico ,0123-06-17,0122-06-17,64477.85,f,17, Participó en una batalla importante 
1434,Jaehaerys Targaryen,targaryen, Príncipe,0110-01-01,IRONCLAW,0089-01-01,GRIS METÁLICO,0138-01-01,0144-01-01,2438.45,f,6,Participó en una batalla importante 
1435,Lucerys Targaryen ,targaryen,príncipe,0115-01-01, Ironclaw,0089-01-01, Gris metálico,0147-01-01,0159-01-01,48016.87,f,15, Entrenamiento militar 
1436,Aegon Targaryen,targaryen,príncipe,0090-04-10, Ironclaw ,0089-01-01,GRIS METÁLICO,0118-04-10,0127-04-10,24795.72,f,16,HERIDO DURANTE UNA EXPEDICIÓN
1437, Jaehaerys Targaryen ,Targaryen,príncipe,0110-01-01, Ironclaw,0089-01-01,Gris metálico ,0133-01-01,0157-01-01,66757.26,f,11,Mantuvo vínculos con otras casas 
1438, Jacaerys Targaryen ,TARGARYEN,Príncipe ,0114-01-01,Ironclaw ,0089-01-01, Gris metálico,0153-01-01,0160-01-01,44903.91,f,11,
1439, Rhaena Targaryen ,Targaryen,LADY,0116-09-03,Ironclaw ,0089-01-01, Gris metálico,0149-09-03,0139-09-03,20138.44,f,12,Viaje diplomático 
1440, Jaehaerys Targaryen , Targaryen ,príncipe,0110-01-01,Ironclaw ,0089-01-01,Gris metálico ,0130-01-01,0140-01-01,33590.46,f,16,Jinete experimentado 
1441,Vaelor Targaryen,targaryen,PRÍNCIPE,0103-09-12,IRONCLAW,0089-01-01,Gris metálico ,0144-09-12,0145-09-12,80785.36,f,4,Jinete experimentado 
1442, Maelor Targaryen,Targaryen, Príncipe,0112-01-01,Ironclaw ,0089-01-01,Gris metálico ,0145-01-01,0151-01-01,88576.36,f,1, Entrenamiento militar
1443, Maeron Targaryen ,Targaryen,príncipe,0105-10-09,Ironclaw ,0089-01-01, Gris metálico,0127-10-09,0145-10-09,18085.02,f,16,Mantuvo vínculos con otras casas 
1444, Maeron Targaryen,Targaryen,Príncipe ,0105-10-09, Ironclaw,0089-01-01,Gris metálico ,0129-10-09,0150-10-09,23862.60,f,6, Jinete experimentado 
1445,Maeron Targaryen ,targaryen,PRÍNCIPE,0105-10-09,Ironclaw ,0089-01-01,Gris metálico,0139-10-09,0143-10-09,78833.37,f,4, Viaje diplomático
1446, Rhaegel Targaryen, Targaryen ,príncipe,0092-11-05, Ironclaw ,0089-01-01,Gris metálico ,0110-11-05,0116-11-05,32490.22,f,0,REGISTRO PENDIENTE DE REVISIÓN
1447,Maeron Targaryen ,TARGARYEN, Príncipe,0105-10-09, Ironclaw ,0089-01-01, Gris metálico,0125-10-09,0131-10-09,71726.50,f,6, Herido durante una expedición 
1448, Jaehaerys Targaryen, Targaryen ,PRÍNCIPE,0110-01-01, Ironclaw ,0089-01-01,Gris metálico ,0141-01-01,0144-01-01,6334.71,f,12,Mantuvo vínculos con otras casas 
1449, Visenya Targaryen,TARGARYEN,PRINCESA,0091-07-20,Ironclaw ,0089-01-01,Gris metálico ,0118-07-20,0128-07-20,76909.52,f,16, Herido durante una expedición 
1450, Jacaerys Targaryen , Targaryen ,Príncipe,0114-01-01,IRONCLAW,0089-01-01,Gris metálico,0147-01-01,0149-01-01,44151.46,f,16,
1451,Baela Targaryen,TARGARYEN,LADY,0116-09-03,Ironclaw,0089-01-01, Gris metálico,0158-09-03,0147-09-03,65156.31,f,11, Entrenamiento militar 
1452, Rhaegel Targaryen ,Targaryen,PRÍNCIPE,0092-11-05, Ironclaw,0089-01-01,Gris metálico,0117-11-05,0123-11-05,48754.19,f,12,Registro histórico 
1453, Maeron Targaryen,Targaryen,príncipe,0105-10-09, Ironclaw ,0089-01-01,GRIS METÁLICO,0125-10-09,0134-10-09,4416.56,f,18,VIAJE DIPLOMÁTICO
1454,Vaelor Targaryen,Targaryen,Príncipe ,0103-09-12, Ironclaw,0089-01-01,Gris metálico ,0122-09-12,0150-09-12,89543.50,f,11, Participó en defensa del reino
1455,Jaehaerys Targaryen, Targaryen , Príncipe,0110-01-01, Ironclaw,0089-01-01,Gris metálico,0142-01-01,0136-01-01,88833.63,f,3,Registro pendiente de revisión 
1456, Visenya Targaryen,Targaryen,princesa,0091-07-20, Ironclaw ,0089-01-01,Gris metálico ,0124-07-20,0129-07-20,38911.26,f,4,
1457,Aenar Targaryen ,targaryen, Lord,0088-02-18, Ironclaw,0089-01-01,Gris metálico ,0116-02-18,0125-02-18,54102.15,f,3, Entrenamiento militar 
1458, Vaelor Targaryen,targaryen,príncipe,0103-09-12, Ironclaw ,0089-01-01, Gris metálico,0138-09-12,0137-09-12,40627.11,f,5, Viaje diplomático 
1459, Alyssa Targaryen,targaryen,Lady ,0095-06-17, Ironclaw ,0089-01-01, Gris metálico,0137-06-17,0130-06-17,70788.81,f,3, Jinete experimentado 
1460,Rhaegel Targaryen , Targaryen , Príncipe,0092-11-05,Ironclaw ,0089-01-01,GRIS METÁLICO,0117-11-05,0134-11-05,48042.11,f,17, Viaje diplomático
1461, Vaelor Targaryen ,Targaryen,Príncipe,0103-09-12,Ironclaw ,0089-01-01,GRIS METÁLICO,0145-09-12,0131-09-12,36358.74,f,8, Jinete experimentado 
1462, Viserys Targaryen ,TARGARYEN,REY,0077-01-15, Ironclaw,0089-01-01, Gris metálico,0096-01-15,0107-01-15,50687.43,f,10, Herido durante una expedición
1463,Helaena Targaryen ,Targaryen,PRINCESA,0109-05-14,IRONCLAW,0089-01-01,GRIS METÁLICO,0130-05-14,0145-05-14,42116.43,f,7, Mantuvo vínculos con otras casas 
1464, Aelora Targaryen, Targaryen ,Lady,0102-04-03,Ironclaw ,0089-01-01, Gris metálico,0130-04-03,0140-04-03,7838.25,f,16,PARTICIPÓ EN UNA BATALLA IMPORTANTE
1465,Daemon Targaryen ,TARGARYEN, Príncipe,0081-06-05,IRONCLAW,0089-01-01,GRIS METÁLICO,0105-06-05,0107-06-05,25304.30,f,18,JINETE EXPERIMENTADO
1466, Viserys Targaryen,Targaryen, Rey,0077-01-15, Ironclaw,0089-01-01,Gris metálico ,0107-01-15,0111-01-15,51455.65,f,9,
1467, Jacaerys Targaryen ,Targaryen,príncipe,0114-01-01,Ironclaw ,0089-01-01,Gris metálico ,0133-01-01,0144-01-01,46765.20,f,15, Mantuvo vínculos con otras casas 
1468,Aegon Targaryen ,Targaryen,PRÍNCIPE,0090-04-10, Ironclaw,0089-01-01,Gris metálico ,0127-04-10,0122-04-10,77170.66,f,17,VIAJE DIPLOMÁTICO
1469, Aelora Targaryen , Targaryen ,Lady,0102-04-03,Ironclaw ,0089-01-01, Gris metálico,0138-04-03,0137-04-03,85298.28,f,2, Participó en una batalla importante 
1470,Aelora Targaryen ,targaryen, Lady,0102-04-03,Ironclaw ,0089-01-01,Gris metálico,0138-04-03,0126-04-03,60829.64,f,15, Participó en una batalla importante 
1471,Aegon Targaryen , Targaryen ,PRÍNCIPE,0090-04-10,IRONCLAW,0089-01-01,GRIS METÁLICO,0116-04-10,0117-04-10,87096.02,f,5,VIAJE DIPLOMÁTICO
1472,Rhaenyra Targaryen ,TARGARYEN,PRINCESA,0097-03-22, Ironclaw ,0089-01-01, Gris metálico,0125-03-22,0134-03-22,75391.72,f,10,
1473, Helaena Targaryen , Targaryen ,princesa,0109-05-14,Ironclaw,0089-01-01,GRIS METÁLICO,0143-05-14,0155-05-14,5410.04,f,12, Mantuvo vínculos con otras casas 
1474, Viserys Targaryen ,targaryen,REY,0077-01-15,Ironclaw ,0089-01-01,GRIS METÁLICO,0110-01-15,0103-01-15,59905.21,f,2,
1475, Maeron Targaryen ,targaryen,príncipe,0105-10-09, Ironclaw,0089-01-01,Gris metálico,0143-10-09,0144-10-09,47012.64,f,16,REGISTRO HISTÓRICO
1476,Daemon Targaryen, Targaryen ,Príncipe ,0081-06-05, Ironclaw,0089-01-01,GRIS METÁLICO,0109-06-05,0106-06-05,68278.64,f,13, Mantuvo vínculos con otras casas
1477, Aelora Targaryen ,targaryen, Lady,0102-04-03,Ironclaw ,0089-01-01,Gris metálico,0135-04-03,0145-04-03,63083.88,f,5,Entrenamiento militar 
1478, Daemon Targaryen ,Targaryen,Príncipe,0081-06-05,Ironclaw ,0089-01-01,Gris metálico,0119-06-05,0114-06-05,45374.07,f,14,Participó en una batalla importante 
1479,Rhaenyra Targaryen , Targaryen ,PRINCESA,0097-03-22,Ironclaw,0089-01-01,Gris metálico,0118-03-22,0142-03-22,16915.07,f,8, Registro histórico 
1480,Jaehaerys Targaryen ,targaryen, Príncipe,0110-01-01, Ironclaw,0089-01-01,GRIS METÁLICO,0135-01-01,0151-01-01,51071.52,f,17,
1481, Jaehaerys Targaryen,targaryen,PRÍNCIPE,0110-01-01,Ironclaw,0089-01-01, Gris metálico,0144-01-01,0135-01-01,31919.40,f,13,
1482,Vaelor Targaryen,targaryen,príncipe,0103-09-12, Ironclaw ,0089-01-01,GRIS METÁLICO,0127-09-12,0148-09-12,17527.39,f,1, Participó en una batalla importante
1483, Viserys Targaryen ,Targaryen,REY,0077-01-15,Ironclaw ,0089-01-01,Gris metálico ,0118-01-15,0115-01-15,70812.19,f,11,Participó en defensa del reino
1484,Lucerys Targaryen ,targaryen,príncipe,0115-01-01, Ironclaw,0089-01-01, Gris metálico,0147-01-01,0159-01-01,66131.39,f,15,Participó en defensa del reino 
1485, Rhaenyra Targaryen ,targaryen,Princesa ,0097-03-22,IRONCLAW,0089-01-01,GRIS METÁLICO,0117-03-22,0126-03-22,9638.98,f,16,Jinete experimentado 
1486, Rhaena Targaryen,targaryen,lady,0116-09-03, Ironclaw ,0089-01-01,Gris metálico ,0158-09-03,0145-09-03,89118.36,f,17,Jinete experimentado 
1487, Daeron Targaryen , Targaryen , Príncipe,0110-08-21,Ironclaw,0089-01-01,GRIS METÁLICO,0147-08-21,0139-08-21,37353.28,f,4,Entrenamiento militar 
1488, Maeron Targaryen,TARGARYEN,príncipe,0105-10-09, Ironclaw ,0089-01-01,GRIS METÁLICO,0130-10-09,0130-10-09,13137.27,f,5,Registro pendiente de revisión 
1489,Helaena Targaryen,Targaryen,Princesa,0109-05-14, Ironclaw,0089-01-01,Gris metálico ,0130-05-14,0134-05-14,72775.56,f,10,Viaje diplomático 
1490, Aenar Targaryen,targaryen,Lord ,0088-02-18,Ironclaw ,0089-01-01,GRIS METÁLICO,0129-02-18,0130-02-18,73628.78,f,14, Registro pendiente de revisión 
1491,Visenya Targaryen ,Targaryen,PRINCESA,0091-07-20, Ironclaw ,0089-01-01,Gris metálico,0115-07-20,0137-07-20,26084.65,f,8, Entrenamiento militar
1492,Jaehaerys Targaryen , Targaryen ,Príncipe ,0110-01-01,Ironclaw ,0089-01-01, Gris metálico,0149-01-01,0134-01-01,9114.89,f,9,Participó en defensa del reino 
1493, Rhaenyra Targaryen , Targaryen , Princesa,0097-03-22,Ironclaw ,0089-01-01, Gris metálico,0124-03-22,0123-03-22,15691.15,f,5, Viaje diplomático 
1494,Visenya Targaryen ,targaryen,princesa,0091-07-20,Ironclaw,0089-01-01,Gris metálico ,0129-07-20,0131-07-20,64143.08,f,14,PARTICIPÓ EN UNA BATALLA IMPORTANTE
1495,Viserys Targaryen,targaryen,Rey ,0077-01-15, Ironclaw,0089-01-01,Gris metálico ,0107-01-15,0100-01-15,79721.61,f,19, Herido durante una expedición
1496,Viserys Targaryen,targaryen,REY,0077-01-15, Ironclaw ,0089-01-01, Gris metálico,0100-01-15,0120-01-15,80853.89,f,2,Participó en una batalla importante 
1497, Daeron Targaryen , Targaryen ,príncipe,0110-08-21,IRONCLAW,0089-01-01,GRIS METÁLICO,0140-08-21,0156-08-21,19414.40,f,14, Viaje diplomático
1498, Aemond Targaryen ,Targaryen,Príncipe ,0110-02-12, Ironclaw,0089-01-01,Gris metálico,0132-02-12,0151-02-12,26973.47,f,3, Entrenamiento militar 
1499,Lucerys Targaryen ,targaryen,príncipe,0115-01-01,Ironclaw ,0089-01-01,GRIS METÁLICO,0146-01-01,0154-01-01,13503.83,f,17, Mantuvo vínculos con otras casas 
1500, Maeron Targaryen ,Targaryen,Príncipe ,0105-10-09, Ironclaw,0089-01-01,GRIS METÁLICO,0126-10-09,0151-10-09,5056.31,f,7,Participó en una batalla importante
1501, Rhaegel Targaryen,targaryen,PRÍNCIPE,0092-11-05,IRONCLAW,0089-01-01,Gris metálico,0131-11-05,0130-11-05,1191.53,f,5,Jinete experimentado 
1502, Rhaena Targaryen,Targaryen,lady,0116-09-03,Ironclaw ,0089-01-01,GRIS METÁLICO,0139-09-03,0155-09-03,6484.30,f,9,
1503, Maelor Targaryen,Targaryen,PRÍNCIPE,0112-01-01, Ironclaw ,0089-01-01,GRIS METÁLICO,0141-01-01,0138-01-01,87455.90,f,11, Participó en una batalla importante
1504,Alyssa Targaryen ,Targaryen,Lady ,0095-06-17,Ironclaw ,0089-01-01,Gris metálico ,0114-06-17,0126-06-17,45365.80,f,5, Entrenamiento militar 
1505,Helaena Targaryen ,Targaryen,princesa,0109-05-14,IRONCLAW,0089-01-01, Gris metálico,0145-05-14,0132-05-14,75763.14,f,16,Herido durante una expedición 
1506, Rhaegel Targaryen,targaryen, Príncipe,0092-11-05,Ironclaw ,0089-01-01,Gris metálico,0133-11-05,0134-11-05,27947.83,f,8,ENTRENAMIENTO MILITAR
1507, Aegon Targaryen ,Targaryen,príncipe,0090-04-10,Ironclaw ,0089-01-01,Gris metálico ,0110-04-10,0123-04-10,727.01,f,17,Herido durante una expedición 
1508,Aemond Targaryen ,TARGARYEN,Príncipe,0110-02-12,Ironclaw,0089-01-01, Gris metálico,0136-02-12,0140-02-12,2031.98,f,15, Registro histórico
1509, Aelora Targaryen ,Targaryen, Lady,0102-04-03,Ironclaw ,0089-01-01, Gris metálico,0142-04-03,0144-04-03,45768.30,f,18, Viaje diplomático 
1510, Daemon Targaryen , Targaryen , Príncipe,0081-06-05,IRONCLAW,0089-01-01,Gris metálico,0105-06-05,0108-06-05,21478.27,f,6, Viaje diplomático 
1511, Aegon Targaryen, Targaryen ,príncipe,0090-04-10,Ironclaw,0089-01-01,GRIS METÁLICO,0120-04-10,0135-04-10,72106.33,f,1, Registro pendiente de revisión
1512,Rhaegel Targaryen , Targaryen ,Príncipe ,0092-11-05,Ironclaw,0089-01-01,Gris metálico,0131-11-05,0116-11-05,12685.76,f,13,Participó en una batalla importante 
1513,Aegon Targaryen , Targaryen , Príncipe,0090-04-10,Ironclaw ,0089-01-01,Gris metálico ,0120-04-10,0127-04-10,49565.08,f,8,Herido durante una expedición 
1514, Rhaenyra Targaryen,TARGARYEN, Princesa,0097-03-22, Ironclaw,0089-01-01, Gris metálico,0135-03-22,0132-03-22,43958.58,f,10,Mantuvo vínculos con otras casas 
1515,Baela Targaryen ,Targaryen,lady,0116-09-03,Ironclaw ,0089-01-01,Gris metálico,0153-09-03,0149-09-03,80295.90,f,2,Viaje diplomático 
1516, Rhaegel Targaryen , Targaryen ,Príncipe ,0092-11-05, Ironclaw,0089-01-01,Gris metálico,0125-11-05,0131-11-05,10930.42,f,12,VIAJE DIPLOMÁTICO
1517, Jaehaerys Targaryen , Targaryen , Príncipe,0110-01-01,Ironclaw ,0089-01-01,Gris metálico,0144-01-01,0143-01-01,12403.82,f,16,Registro histórico 
1518, Vaelor Targaryen ,Targaryen,PRÍNCIPE,0103-09-12, Ironclaw,0089-01-01,Gris metálico ,0123-09-12,0127-09-12,37776.59,f,19,Entrenamiento militar
1519,Aenar Targaryen ,TARGARYEN, Lord,0088-02-18, Ironclaw ,0089-01-01, Gris metálico,0110-02-18,0132-02-18,75064.48,f,10,HERIDO DURANTE UNA EXPEDICIÓN
1520, Rhaegel Targaryen,Targaryen,Príncipe,0092-11-05, Ironclaw ,0089-01-01, Gris metálico,0116-11-05,0128-11-05,18866.35,f,0,Participó en una batalla importante 
1521, Alyssa Targaryen ,targaryen, Lady,0095-06-17,Ironclaw ,0089-01-01,Gris metálico ,0121-06-17,0127-06-17,23852.46,f,2, Mantuvo vínculos con otras casas 
1522, Daeron Targaryen ,targaryen,PRÍNCIPE,0110-08-21,Ironclaw ,0089-01-01,Gris metálico,0148-08-21,0135-08-21,33896.05,f,10, Participó en defensa del reino
1523,Daemon Targaryen ,Targaryen,PRÍNCIPE,0081-06-05, Ironclaw ,0089-01-01,Gris metálico ,0109-06-05,0128-06-05,86508.04,f,16,Participó en defensa del reino 
1524,Aegon Targaryen ,Targaryen,PRÍNCIPE,0090-04-10,IRONCLAW,0089-01-01,Gris metálico ,0126-04-10,0122-04-10,24011.21,f,4,Mantuvo vínculos con otras casas 
1525, Maelor Targaryen , Targaryen ,Príncipe,0112-01-01,Ironclaw ,0089-01-01,Gris metálico ,0151-01-01,0142-01-01,72703.28,f,12,
1526, Daeron Targaryen ,Targaryen,príncipe,0110-08-21,Ironclaw ,0089-01-01,Gris metálico,0149-08-21,0154-08-21,84355.28,f,3, Viaje diplomático 
1527,Alyssa Targaryen ,targaryen, Lady,0095-06-17,Ironclaw,0089-01-01,GRIS METÁLICO,0121-06-17,0118-06-17,21560.76,f,7,Viaje diplomático 
1528, Maelor Targaryen,Targaryen, Príncipe,0112-01-01,Ironclaw ,0089-01-01,Gris metálico ,0151-01-01,0141-01-01,16613.49,f,3, Herido durante una expedición 
1529,Daemon Targaryen ,targaryen, Príncipe,0081-06-05,Ironclaw,0089-01-01,Gris metálico ,0122-06-05,0110-06-05,44206.49,f,7,PARTICIPÓ EN DEFENSA DEL REINO
1530,Jaehaerys Targaryen,targaryen,príncipe,0110-01-01,IRONCLAW,0089-01-01,GRIS METÁLICO,0128-01-01,0153-01-01,14387.55,f,17,Registro pendiente de revisión 
1531,Helaena Targaryen ,TARGARYEN,Princesa ,0109-05-14, Ironclaw,0089-01-01,GRIS METÁLICO,0136-05-14,0133-05-14,42135.88,f,17, Participó en una batalla importante 
1532,Alyssa Targaryen, Targaryen ,lady,0095-06-17, Ironclaw ,0089-01-01, Gris metálico,0127-06-17,0141-06-17,10516.65,f,5, Mantuvo vínculos con otras casas
1533, Helaena Targaryen ,targaryen,PRINCESA,0109-05-14,Ironclaw ,0089-01-01,Gris metálico ,0146-05-14,0147-05-14,38842.51,f,6, Participó en defensa del reino 
1534,Maelor Targaryen ,targaryen,príncipe,0112-01-01, Ironclaw ,0089-01-01,Gris metálico ,0142-01-01,0156-01-01,49427.50,f,8, Jinete experimentado 
1535, Daeron Targaryen ,targaryen,PRÍNCIPE,0110-08-21,IRONCLAW,0089-01-01, Gris metálico,0130-08-21,0157-08-21,49803.38,f,0, Entrenamiento militar
1536,Alyssa Targaryen,Targaryen,Lady ,0095-06-17, Ironclaw ,0089-01-01,Gris metálico ,0122-06-17,0128-06-17,75996.07,f,17,Participó en defensa del reino 
1537,Daeron Targaryen,targaryen, Príncipe,0110-08-21, Ironclaw ,0089-01-01,GRIS METÁLICO,0132-08-21,0154-08-21,11569.61,f,4,Viaje diplomático
1538, Jaehaerys Targaryen ,Targaryen,PRÍNCIPE,0110-01-01, Ironclaw ,0089-01-01,GRIS METÁLICO,0149-01-01,0149-01-01,54010.22,f,4,REGISTRO HISTÓRICO
1539, Aegon Targaryen, Targaryen ,Príncipe ,0090-04-10,Ironclaw ,0089-01-01, Gris metálico,0131-04-10,0126-04-10,2869.18,f,18,
1540,Helaena Targaryen,Targaryen,princesa,0109-05-14, Ironclaw ,0089-01-01,Gris metálico ,0144-05-14,0155-05-14,17268.23,f,18, Viaje diplomático 
1541, Daeron Targaryen ,targaryen,Príncipe,0110-08-21, Ironclaw,0089-01-01,GRIS METÁLICO,0129-08-21,0152-08-21,35673.88,f,5,Participó en una batalla importante 
1542,Viserys Targaryen, Targaryen ,rey,0077-01-15,Ironclaw ,0089-01-01,Gris metálico ,0095-01-15,0124-01-15,39369.53,f,8, Mantuvo vínculos con otras casas 
1543,Baela Targaryen,Targaryen,LADY,0116-09-03,Ironclaw ,0089-01-01,GRIS METÁLICO,0147-09-03,0151-09-03,90149.31,f,9,REGISTRO PENDIENTE DE REVISIÓN
1544, Helaena Targaryen ,Targaryen,Princesa ,0109-05-14,IRONCLAW,0089-01-01,Gris metálico ,0130-05-14,0145-05-14,87784.99,f,3, Jinete experimentado
1545, Aelora Targaryen,targaryen, Lady,0102-04-03,Ironclaw ,0089-01-01,Gris metálico ,0133-04-03,0132-04-03,53982.05,f,19,
1546,Viserys Targaryen ,Targaryen,rey,0077-01-15, Ironclaw ,0089-01-01,Gris metálico ,0110-01-15,0111-01-15,38895.04,f,12,JINETE EXPERIMENTADO
1547, Viserys Targaryen ,targaryen,Rey,0077-01-15, Ironclaw ,0089-01-01, Gris metálico,0114-01-15,0110-01-15,40598.15,f,12, Herido durante una expedición 
1548, Aemond Targaryen ,targaryen,Príncipe ,0110-02-12,Ironclaw ,0089-01-01,Gris metálico,0139-02-12,0136-02-12,22566.51,f,14,Registro pendiente de revisión 
1549,Rhaenyra Targaryen ,Targaryen,princesa,0097-03-22,IRONCLAW,0089-01-01,GRIS METÁLICO,0128-03-22,0121-03-22,86822.84,f,11,Participó en una batalla importante 
1550,Visenya Targaryen , Targaryen ,PRINCESA,0091-07-20,Ironclaw ,0089-01-01,Gris metálico ,0111-07-20,0130-07-20,34423.02,f,18, Herido durante una expedición
1551,Aemond Targaryen,Targaryen,Príncipe ,0110-02-12,Ironclaw ,0089-01-01,Gris metálico ,0139-02-12,0153-02-12,72248.75,f,15, Herido durante una expedición 
1552,Vaelor Targaryen ,TARGARYEN,príncipe,0103-09-12, Ironclaw,0089-01-01,GRIS METÁLICO,0142-09-12,0131-09-12,46558.91,f,19,REGISTRO PENDIENTE DE REVISIÓN
1553, Aegon Targaryen,targaryen,príncipe,0090-04-10,Ironclaw ,0089-01-01, Gris metálico,0108-04-10,0117-04-10,74038.53,f,11, Registro histórico
1554,Maeron Targaryen,Targaryen,príncipe,0105-10-09, Ironclaw,0089-01-01, Gris metálico,0140-10-09,0132-10-09,46866.09,f,13,Registro pendiente de revisión 
1555, Vaelor Targaryen,targaryen,Príncipe ,0103-09-12,Ironclaw ,0089-01-01,Gris metálico ,0129-09-12,0126-09-12,32789.63,f,18,Viaje diplomático
1556, Lucerys Targaryen,targaryen,príncipe,0115-01-01,IRONCLAW,0089-01-01,Gris metálico,0144-01-01,0151-01-01,43576.68,f,1,
1557,Jaehaerys Targaryen ,TARGARYEN,Príncipe ,0110-01-01,Ironclaw ,0089-01-01, Gris metálico,0137-01-01,0149-01-01,66341.91,f,3, Participó en defensa del reino 
1558,Aemond Targaryen , Targaryen , Príncipe,0110-02-12, Ironclaw,0089-01-01, Gris metálico,0130-02-12,0150-02-12,52932.08,f,4, Registro histórico
1559, Vaelor Targaryen, Targaryen ,PRÍNCIPE,0103-09-12,Ironclaw ,0089-01-01, Gris metálico,0144-09-12,0139-09-12,69662.89,f,19, Mantuvo vínculos con otras casas
1560,Aemond Targaryen , Targaryen , Príncipe,0110-02-12,IRONCLAW,0089-01-01,Gris metálico ,0139-02-12,0136-02-12,22354.97,f,4,Mantuvo vínculos con otras casas 
1561,Rhaegel Targaryen , Targaryen ,PRÍNCIPE,0092-11-05,IRONCLAW,0089-01-01,Gris metálico ,0134-11-05,0132-11-05,37915.79,f,17, Mantuvo vínculos con otras casas
1562, Maelor Targaryen , Targaryen ,PRÍNCIPE,0112-01-01,Ironclaw ,0089-01-01,GRIS METÁLICO,0154-01-01,0152-01-01,26160.86,f,8,
1563, Visenya Targaryen, Targaryen ,princesa,0091-07-20, Ironclaw,0089-01-01,Gris metálico ,0110-07-20,0125-07-20,34019.31,f,2, Registro pendiente de revisión
1564, Aegon Targaryen , Targaryen , Príncipe,0090-04-10, Ironclaw,0089-01-01, Gris metálico,0119-04-10,0128-04-10,20186.92,f,0,Participó en defensa del reino
1565,Rhaena Targaryen , Targaryen ,lady,0116-09-03, Ironclaw,0089-01-01,Gris metálico ,0152-09-03,0156-09-03,21167.31,f,12,Mantuvo vínculos con otras casas 
1566, Rhaegel Targaryen , Targaryen ,príncipe,0092-11-05,Ironclaw,0089-01-01,Gris metálico,0128-11-05,0123-11-05,73385.23,f,3,Registro histórico 
1567, Viserys Targaryen,targaryen,rey,0077-01-15,IRONCLAW,0089-01-01,GRIS METÁLICO,0107-01-15,0107-01-15,42664.56,f,13,
1568,Helaena Targaryen,TARGARYEN,princesa,0109-05-14,Ironclaw ,0089-01-01,Gris metálico ,0146-05-14,0132-05-14,27986.20,f,6, Registro pendiente de revisión 
1569,Rhaegel Targaryen ,targaryen,Príncipe ,0092-11-05,Ironclaw ,0089-01-01, Gris metálico,0119-11-05,0125-11-05,3370.56,f,6, Registro histórico
1570, Rhaegel Targaryen , Targaryen ,Príncipe ,0092-11-05,Ironclaw ,0089-01-01,Gris metálico ,0129-11-05,0138-11-05,2118.96,f,7, Participó en defensa del reino
1571, Rhaegel Targaryen,TARGARYEN,Príncipe ,0092-11-05,Ironclaw ,0089-01-01, Gris metálico,0131-11-05,0133-11-05,38357.77,f,19, Mantuvo vínculos con otras casas
1572, Baela Targaryen,targaryen,lady,0116-09-03, Ironclaw ,0089-01-01,GRIS METÁLICO,0136-09-03,0155-09-03,22185.23,f,3,PARTICIPÓ EN UNA BATALLA IMPORTANTE
1573, Lucerys Targaryen ,targaryen,príncipe,0115-01-01,Ironclaw ,0089-01-01, Gris metálico,0136-01-01,0140-01-01,88342.92,f,7,Registro histórico 
1574, Maeron Targaryen ,targaryen,príncipe,0105-10-09, Ironclaw ,0089-01-01,GRIS METÁLICO,0137-10-09,0140-10-09,62333.13,f,6,Herido durante una expedición 
1575, Rhaegel Targaryen,targaryen,Príncipe ,0092-11-05, Ironclaw ,0089-01-01,GRIS METÁLICO,0127-11-05,0118-11-05,29472.76,f,10,Participó en defensa del reino 
1576,Maeron Targaryen ,TARGARYEN,Príncipe,0105-10-09,Ironclaw,0089-01-01,GRIS METÁLICO,0124-10-09,0148-10-09,69832.14,f,4,Herido durante una expedición 
1577,Baela Targaryen ,Targaryen,Lady ,0116-09-03,Ironclaw ,0089-01-01, Gris metálico,0150-09-03,0154-09-03,19422.85,f,12,Participó en defensa del reino 
1578, Jacaerys Targaryen,TARGARYEN, Príncipe,0114-01-01, Ironclaw,0089-01-01,Gris metálico ,0142-01-01,0146-01-01,10406.06,f,13,Participó en defensa del reino 
1579,Maelor Targaryen, Targaryen , Príncipe,0112-01-01, Ironclaw,0089-01-01,GRIS METÁLICO,0137-01-01,0150-01-01,3996.07,f,8,Jinete experimentado
1580,Rhaenyra Targaryen ,targaryen,PRINCESA,0097-03-22,Ironclaw,0089-01-01,Gris metálico ,0136-03-22,0123-03-22,35742.01,f,10,PARTICIPÓ EN UNA BATALLA IMPORTANTE
1581, Visenya Targaryen ,TARGARYEN, Princesa,0091-07-20, Ironclaw,0089-01-01,Gris metálico ,0124-07-20,0114-07-20,47360.01,f,8,Participó en una batalla importante 
1582,Maeron Targaryen ,Targaryen,príncipe,0105-10-09,Ironclaw ,0089-01-01,GRIS METÁLICO,0143-10-09,0142-10-09,15649.26,f,17, Viaje diplomático
1583, Aenar Targaryen ,Targaryen,Lord ,0088-02-18,Ironclaw,0089-01-01,Gris metálico,0124-02-18,0129-02-18,3773.12,f,6, Mantuvo vínculos con otras casas
1584,Vaelor Targaryen , Targaryen ,PRÍNCIPE,0103-09-12, Ironclaw ,0089-01-01, Gris metálico,0127-09-12,0145-09-12,88823.02,f,17, Entrenamiento militar 
1585, Maeron Targaryen , Targaryen ,Príncipe ,0105-10-09,Ironclaw ,0089-01-01,Gris metálico,0143-10-09,0135-10-09,69230.72,f,0, Participó en defensa del reino
1586, Rhaenyra Targaryen ,Targaryen, Princesa,0097-03-22, Ironclaw,0089-01-01,GRIS METÁLICO,0126-03-22,0140-03-22,47027.82,f,10,Registro pendiente de revisión 
1587, Aelora Targaryen,Targaryen, Lady,0102-04-03,IRONCLAW,0089-01-01,Gris metálico,0133-04-03,0137-04-03,18176.26,f,8,
1588,Viserys Targaryen ,targaryen,Rey ,0077-01-15,IRONCLAW,0089-01-01,Gris metálico ,0116-01-15,0124-01-15,21915.34,f,3, Participó en defensa del reino
1589, Helaena Targaryen ,TARGARYEN,PRINCESA,0109-05-14, Ironclaw,0089-01-01,GRIS METÁLICO,0148-05-14,0154-05-14,80583.78,f,18,Participó en una batalla importante 
1590, Alyssa Targaryen ,Targaryen, Lady,0095-06-17,Ironclaw ,0089-01-01, Gris metálico,0116-06-17,0126-06-17,87440.64,f,11, Entrenamiento militar 
1591,Daeron Targaryen ,Targaryen,PRÍNCIPE,0110-08-21,Ironclaw ,0089-01-01, Gris metálico,0151-08-21,0140-08-21,2508.06,f,0, Jinete experimentado
1592, Lucerys Targaryen ,Targaryen,príncipe,0115-01-01,Ironclaw,0089-01-01,GRIS METÁLICO,0154-01-01,0145-01-01,714.20,f,3, Herido durante una expedición
1593, Visenya Targaryen , Targaryen ,princesa,0091-07-20,IRONCLAW,0089-01-01, Gris metálico,0126-07-20,0117-07-20,61511.01,f,4,Participó en una batalla importante 
1594, Aelora Targaryen,Targaryen,Lady ,0102-04-03,IRONCLAW,0089-01-01, Gris metálico,0144-04-03,0141-04-03,79424.77,f,18,Entrenamiento militar 
1595,Jacaerys Targaryen, Targaryen ,Príncipe ,0114-01-01, Ironclaw,0089-01-01,Gris metálico,0133-01-01,0157-01-01,784.64,f,18,REGISTRO HISTÓRICO
1596,Daeron Targaryen ,Targaryen,Príncipe ,0110-08-21, Ironclaw,0089-01-01,GRIS METÁLICO,0144-08-21,0140-08-21,80558.31,f,5,Viaje diplomático 
1597,Rhaegel Targaryen ,targaryen, Príncipe,0092-11-05, Ironclaw,0089-01-01,Gris metálico ,0127-11-05,0126-11-05,57317.57,f,9, Participó en una batalla importante
1598, Maelor Targaryen ,targaryen, Príncipe,0112-01-01, Ironclaw ,0089-01-01, Gris metálico,0131-01-01,0154-01-01,53911.86,f,3,
1599,Lucerys Targaryen ,Targaryen,príncipe,0115-01-01, Ironclaw ,0089-01-01,Gris metálico,0150-01-01,0140-01-01,81655.60,f,5,REGISTRO HISTÓRICO
1600,Rhaena Targaryen,targaryen,Lady ,0116-09-03, Ironclaw ,0089-01-01,Gris metálico ,0148-09-03,0140-09-03,31891.23,f,6, Registro pendiente de revisión 
1601,Maelor Targaryen , Targaryen , Príncipe,0112-01-01,IRONCLAW,0089-01-01,Gris metálico ,0139-01-01,0145-01-01,89718.75,f,19,
1602, Daemon Targaryen ,Targaryen, Príncipe,0081-06-05,Ironclaw ,0089-01-01,Gris metálico ,0111-06-05,0109-06-05,46920.17,f,9, Entrenamiento militar 
1603,Aenar Targaryen ,Targaryen,lord,0088-02-18,Ironclaw,0089-01-01,Gris metálico,0129-02-18,0126-02-18,6386.91,f,5,Entrenamiento militar 
1604,Viserys Targaryen ,targaryen,Rey ,0077-01-15, Ironclaw,0089-01-01,GRIS METÁLICO,0101-01-15,0121-01-15,21162.66,f,3,Mantuvo vínculos con otras casas 
1605,Helaena Targaryen ,targaryen, Princesa,0109-05-14,IRONCLAW,0089-01-01, Gris metálico,0150-05-14,0156-05-14,87837.99,f,3, Jinete experimentado
1606, Rhaegel Targaryen ,TARGARYEN,Príncipe ,0092-11-05, Ironclaw ,0089-01-01,Gris metálico ,0128-11-05,0120-11-05,31288.14,f,4, Entrenamiento militar 
1607, Rhaena Targaryen,Targaryen,lady,0116-09-03, Ironclaw,0089-01-01,Gris metálico ,0135-09-03,0147-09-03,19021.45,f,6, Entrenamiento militar 
1608, Daeron Targaryen , Targaryen ,PRÍNCIPE,0110-08-21,Ironclaw ,0089-01-01, Gris metálico,0145-08-21,0137-08-21,13789.87,f,3, Viaje diplomático
1609,Lucerys Targaryen ,targaryen,PRÍNCIPE,0115-01-01,Ironclaw ,0089-01-01,Gris metálico ,0156-01-01,0154-01-01,34395.50,f,3, Participó en defensa del reino 
1610,Jacaerys Targaryen ,Targaryen, Príncipe,0114-01-01,Ironclaw,0089-01-01,GRIS METÁLICO,0155-01-01,0160-01-01,9457.97,f,6, Mantuvo vínculos con otras casas 
1611, Rhaena Targaryen ,Targaryen,Lady ,0116-09-03,Ironclaw ,0089-01-01,GRIS METÁLICO,0142-09-03,0146-09-03,35288.71,f,3, Entrenamiento militar
1612,Aelora Targaryen , Targaryen ,lady,0102-04-03,Ironclaw ,0089-01-01,Gris metálico ,0120-04-03,0133-04-03,30561.44,f,9, Participó en una batalla importante
1613, Viserys Targaryen,Targaryen, Rey,0077-01-15, Ironclaw,0089-01-01,Gris metálico ,0119-01-15,0109-01-15,6731.00,f,4, Mantuvo vínculos con otras casas 
1614,Helaena Targaryen , Targaryen ,princesa,0109-05-14, Ironclaw,0089-01-01,Gris metálico ,0134-05-14,0156-05-14,25342.05,f,5,
1615, Vaelor Targaryen,targaryen,príncipe,0103-09-12,Ironclaw,0089-01-01,Gris metálico,0132-09-12,0133-09-12,3689.71,f,6,Registro pendiente de revisión 
1616,Daeron Targaryen ,Targaryen, Príncipe,0110-08-21,Ironclaw ,0089-01-01,Gris metálico ,0143-08-21,0148-08-21,34143.94,f,4,Herido durante una expedición 
1617,Daeron Targaryen,targaryen,Príncipe ,0110-08-21,Ironclaw ,0089-01-01,Gris metálico ,0138-08-21,0138-08-21,51896.84,f,6, Jinete experimentado
1618,Visenya Targaryen ,TARGARYEN,princesa,0091-07-20,Ironclaw ,0089-01-01,GRIS METÁLICO,0112-07-20,0136-07-20,74698.27,f,13, Mantuvo vínculos con otras casas
1619,Daemon Targaryen ,Targaryen,Príncipe ,0081-06-05, Ironclaw ,0089-01-01,Gris metálico ,0100-06-05,0109-06-05,21664.33,f,2, Participó en una batalla importante 
1620, Aelora Targaryen,TARGARYEN,Lady ,0102-04-03, Ironclaw,0089-01-01,GRIS METÁLICO,0135-04-03,0144-04-03,26750.24,f,17,MANTUVO VÍNCULOS CON OTRAS CASAS
1621,Lucerys Targaryen , Targaryen , Príncipe,0115-01-01,Ironclaw ,0089-01-01,GRIS METÁLICO,0149-01-01,0155-01-01,73265.27,f,5, Registro histórico 
1622,Maelor Targaryen ,TARGARYEN, Príncipe,0112-01-01,Ironclaw ,0089-01-01, Gris metálico,0137-01-01,0154-01-01,56350.41,f,2,MANTUVO VÍNCULOS CON OTRAS CASAS
1623,Daemon Targaryen ,targaryen,PRÍNCIPE,0081-06-05, Ironclaw ,0089-01-01,GRIS METÁLICO,0112-06-05,0115-06-05,86611.72,f,6,
1624, Jacaerys Targaryen ,targaryen,príncipe,0114-01-01,Ironclaw ,0089-01-01,Gris metálico ,0152-01-01,0155-01-01,4811.70,f,19,ENTRENAMIENTO MILITAR
1625, Aelora Targaryen,targaryen,LADY,0102-04-03, Ironclaw,0089-01-01,Gris metálico,0137-04-03,0130-04-03,43559.17,f,12, Entrenamiento militar 
1626, Jacaerys Targaryen,Targaryen,PRÍNCIPE,0114-01-01,Ironclaw ,0089-01-01, Gris metálico,0137-01-01,0150-01-01,31865.36,f,5,Entrenamiento militar
1627,Aegon Targaryen,TARGARYEN,príncipe,0090-04-10,Ironclaw ,0089-01-01,Gris metálico ,0118-04-10,0125-04-10,43034.55,f,3,Entrenamiento militar 
1628, Maelor Targaryen ,Targaryen, Príncipe,0112-01-01, Ironclaw,0089-01-01,GRIS METÁLICO,0151-01-01,0156-01-01,57742.63,f,7, Registro pendiente de revisión 
1629, Vaelor Targaryen,targaryen,príncipe,0103-09-12,Ironclaw ,0089-01-01,GRIS METÁLICO,0130-09-12,0145-09-12,81843.22,f,4,
1630, Aegon Targaryen,targaryen,príncipe,0090-04-10, Ironclaw ,0089-01-01, Gris metálico,0114-04-10,0120-04-10,45199.05,f,14, Registro histórico 
1631,Rhaena Targaryen ,targaryen,lady,0116-09-03, Ironclaw ,0089-01-01,GRIS METÁLICO,0149-09-03,0160-09-03,44326.73,f,15,Herido durante una expedición 
1632, Aemond Targaryen ,Targaryen, Príncipe,0110-02-12, Ironclaw ,0089-01-01,Gris metálico ,0133-02-12,0148-02-12,17059.59,f,16,Entrenamiento militar 
1633, Jacaerys Targaryen , Targaryen ,PRÍNCIPE,0114-01-01,IRONCLAW,0089-01-01,GRIS METÁLICO,0147-01-01,0144-01-01,18151.91,f,18,Viaje diplomático 
1634, Daeron Targaryen ,targaryen,PRÍNCIPE,0110-08-21, Ironclaw ,0089-01-01,Gris metálico ,0141-08-21,0152-08-21,79390.98,f,17,ENTRENAMIENTO MILITAR
1635, Rhaenyra Targaryen ,Targaryen,PRINCESA,0097-03-22,IRONCLAW,0089-01-01,Gris metálico ,0124-03-22,0139-03-22,50892.88,f,14,Participó en una batalla importante 
1636, Maelor Targaryen ,TARGARYEN,Príncipe ,0112-01-01, Ironclaw,0089-01-01, Gris metálico,0143-01-01,0155-01-01,9726.03,f,13,Registro pendiente de revisión 
1637, Alyssa Targaryen,Targaryen,lady,0095-06-17, Ironclaw,0089-01-01,Gris metálico ,0131-06-17,0118-06-17,51889.27,f,12, Jinete experimentado
1638,Lucerys Targaryen , Targaryen ,príncipe,0115-01-01,Ironclaw ,0089-01-01,GRIS METÁLICO,0141-01-01,0148-01-01,76627.16,f,15,MANTUVO VÍNCULOS CON OTRAS CASAS
1639, Jacaerys Targaryen,targaryen, Príncipe,0114-01-01,Ironclaw ,0089-01-01,Gris metálico,0133-01-01,0160-01-01,51010.36,f,6,Mantuvo vínculos con otras casas 
1640, Maeron Targaryen,Targaryen,Príncipe ,0105-10-09,Ironclaw ,0089-01-01,GRIS METÁLICO,0146-10-09,0132-10-09,36721.94,f,19, Entrenamiento militar 
1641,Alyssa Targaryen ,targaryen,lady,0095-06-17,Ironclaw ,0089-01-01, Gris metálico,0115-06-17,0131-06-17,37616.09,f,1,
1642,Jacaerys Targaryen, Targaryen , Príncipe,0114-01-01,Ironclaw,0089-01-01,Gris metálico,0153-01-01,0138-01-01,19677.95,f,19,
1643,Aelora Targaryen ,Targaryen,Lady ,0102-04-03, Ironclaw,0089-01-01,Gris metálico ,0144-04-03,0128-04-03,27911.61,f,19, Entrenamiento militar 
1644,Rhaena Targaryen,Targaryen,lady,0116-09-03, Ironclaw ,0089-01-01,GRIS METÁLICO,0152-09-03,0158-09-03,18467.05,f,1,Herido durante una expedición 
1645,Aelora Targaryen ,Targaryen,lady,0102-04-03,IRONCLAW,0089-01-01, Gris metálico,0138-04-03,0146-04-03,6950.28,f,10,
1646,Lucerys Targaryen , Targaryen ,PRÍNCIPE,0115-01-01, Ironclaw ,0089-01-01, Gris metálico,0142-01-01,0139-01-01,10979.49,f,18, Participó en defensa del reino
1647,Jaehaerys Targaryen ,targaryen,PRÍNCIPE,0110-01-01, Ironclaw,0089-01-01,GRIS METÁLICO,0150-01-01,0134-01-01,17061.13,f,16,Participó en una batalla importante 
1648, Alyssa Targaryen, Targaryen , Lady,0095-06-17,Ironclaw ,0089-01-01,Gris metálico ,0114-06-17,0118-06-17,54553.30,f,12, Registro pendiente de revisión 
1649,Rhaenyra Targaryen , Targaryen ,princesa,0097-03-22,IRONCLAW,0089-01-01,Gris metálico ,0134-03-22,0129-03-22,76274.70,f,16,Participó en defensa del reino 
1650, Maelor Targaryen, Targaryen , Príncipe,0112-01-01,IRONCLAW,0089-01-01,Gris metálico ,0141-01-01,0143-01-01,42209.91,f,15,Registro pendiente de revisión 
1651, Aelora Targaryen ,TARGARYEN, Lady,0102-04-03, Ironclaw,0089-01-01, Gris metálico,0134-04-03,0130-04-03,70339.35,f,0, Mantuvo vínculos con otras casas
1652, Daemon Targaryen ,Targaryen,Príncipe,0081-06-05,IRONCLAW,0089-01-01,Gris metálico,0106-06-05,0115-06-05,71276.74,f,2,Participó en defensa del reino
1653,Aemond Targaryen ,TARGARYEN, Príncipe,0110-02-12, Ironclaw ,0089-01-01,Gris metálico ,0131-02-12,0145-02-12,55281.42,f,10,Registro pendiente de revisión
1654,Aemond Targaryen ,targaryen, Príncipe,0110-02-12,Ironclaw ,0089-01-01, Gris metálico,0143-02-12,0142-02-12,68813.51,f,6,Herido durante una expedición 
1655, Daemon Targaryen, Targaryen ,Príncipe ,0081-06-05,Ironclaw ,0089-01-01,Gris metálico ,0122-06-05,0108-06-05,61645.76,f,19,
1656, Aegon Targaryen,targaryen,príncipe,0090-04-10, Ironclaw ,0089-01-01,Gris metálico ,0129-04-10,0123-04-10,24274.33,f,14,PARTICIPÓ EN DEFENSA DEL REINO
1657, Aenar Targaryen,TARGARYEN,LORD,0088-02-18, Ironclaw ,0089-01-01,Gris metálico ,0107-02-18,0132-02-18,37236.66,f,5,HERIDO DURANTE UNA EXPEDICIÓN
1658,Daemon Targaryen ,Targaryen, Príncipe,0081-06-05, Ironclaw ,0089-01-01,Gris metálico,0104-06-05,0108-06-05,56636.38,f,12,Registro pendiente de revisión 
1659, Visenya Targaryen,TARGARYEN,Princesa ,0091-07-20,IRONCLAW,0089-01-01,Gris metálico ,0124-07-20,0136-07-20,50926.00,f,10,Mantuvo vínculos con otras casas 
1660,Jaehaerys Targaryen , Targaryen , Príncipe,0110-01-01,Ironclaw ,0089-01-01,GRIS METÁLICO,0148-01-01,0154-01-01,43847.90,f,15,PARTICIPÓ EN UNA BATALLA IMPORTANTE
1661, Jaehaerys Targaryen,Targaryen,príncipe,0110-01-01,IRONCLAW,0089-01-01, Gris metálico,0134-01-01,0144-01-01,49017.51,f,10,JINETE EXPERIMENTADO
1662, Lucerys Targaryen ,targaryen, Príncipe,0115-01-01, Ironclaw,0089-01-01, Gris metálico,0154-01-01,0146-01-01,84667.36,f,8, Jinete experimentado 
1663,Aenar Targaryen , Targaryen ,LORD,0088-02-18,Ironclaw ,0089-01-01,Gris metálico,0109-02-18,0113-02-18,58725.29,f,10, Registro histórico
1664, Baela Targaryen ,TARGARYEN,lady,0116-09-03,Ironclaw ,0089-01-01,Gris metálico ,0142-09-03,0140-09-03,65505.22,f,0, Jinete experimentado
1665, Rhaenyra Targaryen , Targaryen ,Princesa ,0097-03-22, Ironclaw ,0089-01-01, Gris metálico,0122-03-22,0120-03-22,74497.58,f,19, Entrenamiento militar 
1666, Jacaerys Targaryen ,Targaryen,Príncipe,0114-01-01,Ironclaw ,0089-01-01,Gris metálico,0151-01-01,0153-01-01,62130.09,f,3,Participó en una batalla importante 
1667,Aenar Targaryen ,TARGARYEN,lord,0088-02-18,Ironclaw ,0089-01-01,GRIS METÁLICO,0120-02-18,0118-02-18,83711.35,f,5,Entrenamiento militar 
1668, Jaehaerys Targaryen ,TARGARYEN, Príncipe,0110-01-01,Ironclaw ,0089-01-01,Gris metálico ,0145-01-01,0137-01-01,58315.74,f,3, Jinete experimentado
1669,Viserys Targaryen ,targaryen,rey,0077-01-15,Ironclaw,0089-01-01,Gris metálico ,0110-01-15,0109-01-15,88222.60,f,17,Entrenamiento militar 
1670,Jacaerys Targaryen ,targaryen,PRÍNCIPE,0114-01-01,IRONCLAW,0089-01-01,Gris metálico,0145-01-01,0145-01-01,63578.96,f,7, Participó en una batalla importante 
1671, Maelor Targaryen,Targaryen,príncipe,0112-01-01,Ironclaw ,0089-01-01,Gris metálico,0132-01-01,0149-01-01,62936.56,f,16,Registro histórico
1672,Rhaena Targaryen, Targaryen ,lady,0116-09-03, Ironclaw ,0089-01-01, Gris metálico,0134-09-03,0161-09-03,16645.22,f,1, Mantuvo vínculos con otras casas
1673,Viserys Targaryen ,targaryen,REY,0077-01-15,IRONCLAW,0089-01-01, Gris metálico,0106-01-15,0121-01-15,69676.75,f,2,Viaje diplomático 
1674, Viserys Targaryen,targaryen,rey,0077-01-15, Ironclaw ,0089-01-01, Gris metálico,0109-01-15,0105-01-15,62015.23,f,13,
1675,Aelora Targaryen ,targaryen, Lady,0102-04-03,Ironclaw ,0089-01-01,Gris metálico ,0125-04-03,0147-04-03,44455.58,f,10,PARTICIPÓ EN DEFENSA DEL REINO
1676, Helaena Targaryen ,targaryen,princesa,0109-05-14,Ironclaw ,0089-01-01,Gris metálico ,0136-05-14,0147-05-14,9735.16,f,10, Jinete experimentado 
1677, Daeron Targaryen,Targaryen, Príncipe,0110-08-21,IRONCLAW,0089-01-01,Gris metálico ,0146-08-21,0154-08-21,79153.42,f,13,Mantuvo vínculos con otras casas
1678,Maeron Targaryen ,targaryen,príncipe,0105-10-09,Ironclaw ,0089-01-01,Gris metálico ,0141-10-09,0151-10-09,64109.80,f,12,Participó en defensa del reino
1679,Maelor Targaryen ,Targaryen, Príncipe,0112-01-01,Ironclaw ,0089-01-01,Gris metálico ,0154-01-01,0138-01-01,26567.33,f,1,Herido durante una expedición
1680,Vaelor Targaryen,TARGARYEN, Príncipe,0103-09-12,Ironclaw,0089-01-01, Gris metálico,0137-09-12,0131-09-12,40548.80,f,16, Participó en una batalla importante 
1681,Jaehaerys Targaryen ,Targaryen,Príncipe ,0110-01-01,IRONCLAW,0089-01-01,GRIS METÁLICO,0151-01-01,0138-01-01,55409.12,f,3,Entrenamiento militar 
1682, Lucerys Targaryen,Targaryen,príncipe,0115-01-01,Ironclaw ,0089-01-01,Gris metálico,0150-01-01,0150-01-01,4297.93,f,19, Herido durante una expedición
1683,Rhaenyra Targaryen ,TARGARYEN, Princesa,0097-03-22, Ironclaw ,0089-01-01, Gris metálico,0115-03-22,0134-03-22,3651.05,f,5, Jinete experimentado 
1684, Baela Targaryen , Targaryen ,lady,0116-09-03, Ironclaw,0089-01-01, Gris metálico,0150-09-03,0162-09-03,7151.92,f,19, Entrenamiento militar
1685, Jacaerys Targaryen,targaryen,Príncipe ,0114-01-01, Ironclaw ,0089-01-01,GRIS METÁLICO,0142-01-01,0161-01-01,14532.98,f,16,
1686,Rhaegel Targaryen , Targaryen , Príncipe,0092-11-05,IRONCLAW,0089-01-01,GRIS METÁLICO,0126-11-05,0128-11-05,90313.97,f,6,Registro pendiente de revisión 
1687, Daemon Targaryen ,targaryen,Príncipe,0081-06-05,IRONCLAW,0089-01-01, Gris metálico,0121-06-05,0108-06-05,82145.89,f,3, Registro histórico
1688, Viserys Targaryen,targaryen, Rey,0077-01-15, Ironclaw,0089-01-01, Gris metálico,0101-01-15,0112-01-15,22902.38,f,18, Mantuvo vínculos con otras casas 
1689,Daemon Targaryen,Targaryen, Príncipe,0081-06-05, Ironclaw ,0089-01-01,GRIS METÁLICO,0107-06-05,0117-06-05,2707.02,f,19,Viaje diplomático 
1690,Maelor Targaryen ,Targaryen,príncipe,0112-01-01,Ironclaw ,0089-01-01,GRIS METÁLICO,0149-01-01,0158-01-01,56257.93,f,10, Mantuvo vínculos con otras casas
1691, Jacaerys Targaryen ,Targaryen, Príncipe,0114-01-01,Ironclaw ,0089-01-01,Gris metálico,0152-01-01,0140-01-01,45951.65,f,2, Mantuvo vínculos con otras casas 
1692, Visenya Targaryen ,Targaryen, Princesa,0091-07-20, Ironclaw ,0089-01-01,Gris metálico ,0109-07-20,0128-07-20,50862.27,f,19,Viaje diplomático
1693, Rhaegel Targaryen ,Targaryen, Príncipe,0092-11-05, Ironclaw ,0089-01-01,Gris metálico ,0120-11-05,0123-11-05,44735.69,f,0, Mantuvo vínculos con otras casas 
1694,Aegon Targaryen,Targaryen,príncipe,0090-04-10, Ironclaw ,0089-01-01,Gris metálico ,0112-04-10,0135-04-10,79583.56,f,5, Participó en una batalla importante
1695, Daeron Targaryen,targaryen,príncipe,0110-08-21,Ironclaw ,0089-01-01, Gris metálico,0145-08-21,0143-08-21,63374.68,f,14,
1696, Alyssa Targaryen, Targaryen ,Lady ,0095-06-17,Ironclaw ,0089-01-01,Gris metálico,0116-06-17,0138-06-17,35269.96,f,18,Registro pendiente de revisión 
1697,Aegon Targaryen ,TARGARYEN,príncipe,0090-04-10,Ironclaw ,0089-01-01,Gris metálico,0112-04-10,0127-04-10,69080.00,f,17,Mantuvo vínculos con otras casas 
1698,Lucerys Targaryen ,targaryen,PRÍNCIPE,0115-01-01,Ironclaw ,0089-01-01, Gris metálico,0139-01-01,0144-01-01,45175.23,f,15, Jinete experimentado 
1699, Daeron Targaryen ,targaryen,príncipe,0110-08-21, Ironclaw ,0089-01-01,Gris metálico ,0137-08-21,0144-08-21,65513.90,f,19,ENTRENAMIENTO MILITAR
1700, Rhaena Targaryen , Targaryen ,LADY,0116-09-03,Ironclaw ,0089-01-01,Gris metálico ,0134-09-03,0141-09-03,13365.74,f,18,Registro histórico 
1701,Aegon Targaryen ,Targaryen,Príncipe ,0090-04-10,IRONCLAW,0089-01-01,Gris metálico,0109-04-10,0117-04-10,50386.08,f,2, Participó en defensa del reino
1702, Visenya Targaryen , Targaryen ,PRINCESA,0091-07-20,Ironclaw ,0089-01-01,Gris metálico ,0122-07-20,0128-07-20,56761.03,f,14, Herido durante una expedición 
1703,Aemond Targaryen , Targaryen ,príncipe,0110-02-12, Ironclaw,0089-01-01,Gris metálico,0134-02-12,0155-02-12,88669.49,f,18,ENTRENAMIENTO MILITAR
1704, Daemon Targaryen , Targaryen ,príncipe,0081-06-05,Ironclaw ,0089-01-01,Gris metálico,0118-06-05,0112-06-05,56844.26,f,6,PARTICIPÓ EN UNA BATALLA IMPORTANTE
1705, Helaena Targaryen ,TARGARYEN, Princesa,0109-05-14,Ironclaw ,0089-01-01,Gris metálico ,0144-05-14,0142-05-14,42328.46,f,7,Registro histórico 
1706, Lucerys Targaryen,targaryen,príncipe,0115-01-01, Ironclaw ,0089-01-01,Gris metálico ,0151-01-01,0144-01-01,49467.94,f,5,Participó en una batalla importante 
1707, Aenar Targaryen ,targaryen,LORD,0088-02-18, Ironclaw ,0089-01-01,Gris metálico ,0112-02-18,0117-02-18,23461.48,f,6,Viaje diplomático 
1708,Viserys Targaryen ,targaryen,Rey ,0077-01-15,IRONCLAW,0089-01-01,Gris metálico ,0097-01-15,0124-01-15,81234.46,f,0,MANTUVO VÍNCULOS CON OTRAS CASAS
1709,Vaelor Targaryen , Targaryen ,príncipe,0103-09-12,Ironclaw ,0089-01-01,Gris metálico ,0135-09-12,0139-09-12,85796.19,f,12, Participó en una batalla importante
1710,Maeron Targaryen ,targaryen,príncipe,0105-10-09,Ironclaw ,0089-01-01,GRIS METÁLICO,0125-10-09,0134-10-09,71262.46,f,12,
1711,Maeron Targaryen ,targaryen,príncipe,0105-10-09,IRONCLAW,0089-01-01, Gris metálico,0132-10-09,0130-10-09,59159.71,f,7,Participó en defensa del reino
1712, Aemond Targaryen,Targaryen,Príncipe ,0110-02-12,IRONCLAW,0089-01-01,Gris metálico,0143-02-12,0136-02-12,61011.90,f,4,PARTICIPÓ EN DEFENSA DEL REINO
1713,Rhaenyra Targaryen ,targaryen,princesa,0097-03-22,IRONCLAW,0089-01-01, Gris metálico,0136-03-22,0121-03-22,12582.10,f,16, Registro pendiente de revisión
1714,Baela Targaryen,targaryen,lady,0116-09-03, Ironclaw,0089-01-01, Gris metálico,0151-09-03,0142-09-03,79685.29,f,10,Jinete experimentado 
1715, Rhaena Targaryen ,targaryen,LADY,0116-09-03,Ironclaw ,0089-01-01,Gris metálico ,0142-09-03,0140-09-03,48162.71,f,2, Mantuvo vínculos con otras casas
1716,Viserys Targaryen , Targaryen ,rey,0077-01-15, Ironclaw ,0089-01-01,GRIS METÁLICO,0095-01-15,0113-01-15,13996.94,f,10,HERIDO DURANTE UNA EXPEDICIÓN
1717,Baela Targaryen , Targaryen ,lady,0116-09-03,IRONCLAW,0089-01-01,Gris metálico ,0135-09-03,0158-09-03,13496.94,f,16,Participó en una batalla importante 
1718,Jaehaerys Targaryen ,targaryen, Príncipe,0110-01-01, Ironclaw ,0089-01-01,Gris metálico ,0147-01-01,0150-01-01,12730.16,f,0,Viaje diplomático
1719,Rhaegel Targaryen,Targaryen,PRÍNCIPE,0092-11-05, Ironclaw ,0089-01-01,Gris metálico ,0132-11-05,0115-11-05,45538.85,f,17,Participó en defensa del reino 
1720,Visenya Targaryen , Targaryen , Princesa,0091-07-20, Ironclaw ,0089-01-01,Gris metálico ,0130-07-20,0132-07-20,22117.06,f,12,Participó en defensa del reino 
1721,Daemon Targaryen,Targaryen,príncipe,0081-06-05,Ironclaw ,0089-01-01,GRIS METÁLICO,0120-06-05,0128-06-05,8195.05,f,2,Entrenamiento militar 
1722, Lucerys Targaryen ,Targaryen,Príncipe ,0115-01-01, Ironclaw ,0089-01-01,Gris metálico ,0149-01-01,0155-01-01,7658.53,f,19,VIAJE DIPLOMÁTICO
1723,Daeron Targaryen ,TARGARYEN,PRÍNCIPE,0110-08-21, Ironclaw,0089-01-01,Gris metálico ,0137-08-21,0153-08-21,34920.67,f,3,REGISTRO PENDIENTE DE REVISIÓN
1724, Rhaegel Targaryen ,Targaryen,Príncipe,0092-11-05, Ironclaw,0089-01-01,GRIS METÁLICO,0119-11-05,0127-11-05,76645.41,f,16,REGISTRO HISTÓRICO
1725,Baela Targaryen ,Targaryen,lady,0116-09-03, Ironclaw,0089-01-01,Gris metálico ,0156-09-03,0144-09-03,70418.40,f,7,REGISTRO HISTÓRICO
1726, Maeron Targaryen,TARGARYEN,príncipe,0105-10-09,Ironclaw ,0089-01-01,Gris metálico ,0139-10-09,0148-10-09,81859.25,f,4,Herido durante una expedición 
1727, Visenya Targaryen,TARGARYEN,princesa,0091-07-20, Ironclaw,0089-01-01,Gris metálico ,0130-07-20,0118-07-20,32587.89,f,12,Viaje diplomático 
1728, Jacaerys Targaryen , Targaryen ,príncipe,0114-01-01,Ironclaw ,0089-01-01,Gris metálico,0138-01-01,0142-01-01,1121.54,f,18,Mantuvo vínculos con otras casas 
1729,Rhaenyra Targaryen,targaryen,PRINCESA,0097-03-22, Ironclaw,0089-01-01,GRIS METÁLICO,0130-03-22,0144-03-22,27601.98,f,18, Participó en una batalla importante 
1730, Rhaegel Targaryen ,TARGARYEN, Príncipe,0092-11-05,Ironclaw ,0089-01-01,GRIS METÁLICO,0114-11-05,0132-11-05,30325.66,f,4, Herido durante una expedición 
1731,Alyssa Targaryen,Targaryen,Lady ,0095-06-17,Ironclaw ,0089-01-01,Gris metálico ,0123-06-17,0123-06-17,84311.62,f,16,Registro histórico 
1732,Lucerys Targaryen , Targaryen ,PRÍNCIPE,0115-01-01,IRONCLAW,0089-01-01,Gris metálico ,0138-01-01,0141-01-01,1925.90,f,18, Herido durante una expedición
1733, Aegon Targaryen,Targaryen,príncipe,0090-04-10, Ironclaw ,0089-01-01,Gris metálico ,0113-04-10,0137-04-10,74831.16,f,16,Participó en una batalla importante 
1734, Daemon Targaryen,TARGARYEN, Príncipe,0081-06-05, Ironclaw ,0089-01-01,Gris metálico,0099-06-05,0104-06-05,49840.20,f,14,VIAJE DIPLOMÁTICO
1735,Daemon Targaryen ,Targaryen,Príncipe ,0081-06-05,Ironclaw,0089-01-01,GRIS METÁLICO,0106-06-05,0119-06-05,61851.94,f,6, Participó en defensa del reino 
1736,Alyssa Targaryen, Targaryen ,lady,0095-06-17,Ironclaw ,0089-01-01, Gris metálico,0120-06-17,0122-06-17,44217.68,f,0, Mantuvo vínculos con otras casas 
1737, Helaena Targaryen , Targaryen , Princesa,0109-05-14, Ironclaw ,0089-01-01, Gris metálico,0133-05-14,0142-05-14,37159.78,f,12,Registro pendiente de revisión 
1738, Rhaena Targaryen, Targaryen ,LADY,0116-09-03, Ironclaw,0089-01-01,Gris metálico ,0150-09-03,0141-09-03,79292.65,f,6,Participó en una batalla importante 
1739,Viserys Targaryen, Targaryen , Rey,0077-01-15,Ironclaw ,0089-01-01, Gris metálico,0116-01-15,0111-01-15,23104.29,f,14,ENTRENAMIENTO MILITAR
1740,Rhaena Targaryen , Targaryen ,Lady,0116-09-03, Ironclaw,0089-01-01,Gris metálico ,0152-09-03,0154-09-03,7244.80,f,2,
1741,Vaelor Targaryen,Targaryen,Príncipe ,0103-09-12, Ironclaw ,0089-01-01, Gris metálico,0140-09-12,0132-09-12,37135.53,f,14, Herido durante una expedición 
1742, Rhaenyra Targaryen,targaryen,princesa,0097-03-22, Ironclaw,0089-01-01,Gris metálico ,0119-03-22,0131-03-22,52899.24,f,1, Registro histórico 
1743,Alyssa Targaryen , Targaryen , Lady,0095-06-17,Ironclaw ,0089-01-01,Gris metálico ,0119-06-17,0125-06-17,574.03,f,0,Participó en una batalla importante 
1744,Daeron Targaryen,targaryen, Príncipe,0110-08-21, Ironclaw ,0089-01-01,Gris metálico ,0151-08-21,0141-08-21,87377.63,f,14, Participó en defensa del reino 
1745,Baela Targaryen ,targaryen, Lady,0116-09-03,Ironclaw ,0089-01-01, Gris metálico,0157-09-03,0152-09-03,17867.60,f,14,Mantuvo vínculos con otras casas 
1746, Maeron Targaryen ,targaryen,príncipe,0105-10-09, Ironclaw ,0089-01-01,Gris metálico ,0135-10-09,0144-10-09,29817.20,f,14, Entrenamiento militar
1747,Baela Targaryen , Targaryen ,lady,0116-09-03,IRONCLAW,0089-01-01,Gris metálico ,0144-09-03,0150-09-03,57631.41,f,15, Jinete experimentado
1748, Visenya Targaryen ,Targaryen,PRINCESA,0091-07-20, Ironclaw ,0089-01-01,GRIS METÁLICO,0116-07-20,0126-07-20,89196.24,f,10, Herido durante una expedición
1749,Maeron Targaryen ,TARGARYEN,Príncipe ,0105-10-09,IRONCLAW,0089-01-01,GRIS METÁLICO,0146-10-09,0130-10-09,55364.85,f,18,Participó en una batalla importante 
1750,Rhaegel Targaryen,TARGARYEN,PRÍNCIPE,0092-11-05, Ironclaw ,0089-01-01,GRIS METÁLICO,0134-11-05,0135-11-05,69308.95,f,6,PARTICIPÓ EN UNA BATALLA IMPORTANTE
1751,Maelor Targaryen,targaryen,PRÍNCIPE,0112-01-01,Ironclaw ,0089-01-01,Gris metálico ,0153-01-01,0147-01-01,60850.39,f,7, Registro histórico
1752,Alyssa Targaryen,targaryen, Lady,0095-06-17,Ironclaw ,0089-01-01,Gris metálico,0134-06-17,0123-06-17,48282.03,f,5,
1753,Aelora Targaryen , Targaryen ,LADY,0102-04-03,Ironclaw ,0089-01-01,Gris metálico,0135-04-03,0140-04-03,76983.44,f,2,
1754,Maelor Targaryen,Targaryen,Príncipe ,0112-01-01,IRONCLAW,0089-01-01, Gris metálico,0149-01-01,0156-01-01,33478.48,f,14,Entrenamiento militar 
1755,Jacaerys Targaryen ,targaryen,PRÍNCIPE,0114-01-01,Ironclaw ,0089-01-01,Gris metálico ,0156-01-01,0139-01-01,39376.43,f,4, Participó en una batalla importante 
1756,Aegon Targaryen ,targaryen,príncipe,0090-04-10,Ironclaw ,0089-01-01,GRIS METÁLICO,0120-04-10,0129-04-10,88866.17,f,3,Registro pendiente de revisión 
1757,Alyssa Targaryen , Targaryen ,LADY,0095-06-17,Ironclaw ,0089-01-01, Gris metálico,0118-06-17,0129-06-17,43699.52,f,18,Entrenamiento militar 
1758, Baela Targaryen , Targaryen , Lady,0116-09-03, Ironclaw,0089-01-01,Gris metálico ,0158-09-03,0153-09-03,57498.28,f,6, Jinete experimentado 
1759, Viserys Targaryen , Targaryen ,rey,0077-01-15,IRONCLAW,0089-01-01,Gris metálico,0100-01-15,0120-01-15,18179.43,f,11,Participó en defensa del reino
1760,Jaehaerys Targaryen ,Targaryen,PRÍNCIPE,0110-01-01,Ironclaw ,0089-01-01, Gris metálico,0133-01-01,0134-01-01,81479.83,f,5,REGISTRO PENDIENTE DE REVISIÓN
1761, Aegon Targaryen ,targaryen, Príncipe,0090-04-10, Ironclaw ,0089-01-01,Gris metálico ,0120-04-10,0129-04-10,9242.67,f,14,PARTICIPÓ EN UNA BATALLA IMPORTANTE
1762,Helaena Targaryen ,Targaryen, Princesa,0109-05-14,Ironclaw,0089-01-01,GRIS METÁLICO,0148-05-14,0133-05-14,89945.78,f,15, Registro histórico 
1763, Maeron Targaryen , Targaryen , Príncipe,0105-10-09,IRONCLAW,0089-01-01, Gris metálico,0136-10-09,0132-10-09,47817.98,f,0, Participó en defensa del reino 
1764, Vaelor Targaryen ,Targaryen,PRÍNCIPE,0103-09-12, Ironclaw ,0089-01-01, Gris metálico,0124-09-12,0150-09-12,62757.85,f,14,ENTRENAMIENTO MILITAR
1765,Maelor Targaryen ,Targaryen, Príncipe,0112-01-01,IRONCLAW,0089-01-01,Gris metálico ,0142-01-01,0156-01-01,50468.11,f,3,ENTRENAMIENTO MILITAR
1766,Rhaena Targaryen ,Targaryen,LADY,0116-09-03,Ironclaw ,0089-01-01, Gris metálico,0148-09-03,0151-09-03,40063.80,f,4, Viaje diplomático 
1767, Jaehaerys Targaryen ,targaryen,PRÍNCIPE,0110-01-01, Ironclaw ,0089-01-01,GRIS METÁLICO,0135-01-01,0135-01-01,40711.42,f,2, Mantuvo vínculos con otras casas 
1768, Aelora Targaryen ,Targaryen,Lady ,0102-04-03,IRONCLAW,0089-01-01,GRIS METÁLICO,0137-04-03,0149-04-03,65527.86,f,4,
1769, Daeron Targaryen ,targaryen,Príncipe ,0110-08-21,Ironclaw ,0089-01-01,Gris metálico ,0137-08-21,0142-08-21,79744.70,f,16,Registro histórico 
1770,Lucerys Targaryen ,targaryen,príncipe,0115-01-01,Ironclaw ,0089-01-01,Gris metálico ,0148-01-01,0148-01-01,63226.80,f,9,Entrenamiento militar 
1771, Viserys Targaryen,Targaryen, Rey,0077-01-15, Ironclaw,0089-01-01, Gris metálico,0114-01-15,0101-01-15,82740.89,f,3,Herido durante una expedición 
1772,Rhaena Targaryen ,Targaryen,lady,0116-09-03, Ironclaw ,0089-01-01,GRIS METÁLICO,0151-09-03,0146-09-03,25269.62,f,15,REGISTRO HISTÓRICO
1773, Viserys Targaryen , Targaryen ,rey,0077-01-15,IRONCLAW,0089-01-01,Gris metálico ,0110-01-15,0107-01-15,31408.87,f,19,Registro pendiente de revisión 
1774, Aegon Targaryen,Targaryen,príncipe,0090-04-10,IRONCLAW,0089-01-01, Gris metálico,0120-04-10,0118-04-10,61272.14,f,8,Registro histórico 
1775,Vaelor Targaryen,Targaryen,príncipe,0103-09-12,IRONCLAW,0089-01-01,Gris metálico ,0138-09-12,0137-09-12,4381.56,f,14,Participó en una batalla importante 
1776,Lucerys Targaryen,Targaryen,príncipe,0115-01-01,Ironclaw ,0089-01-01,Gris metálico ,0134-01-01,0145-01-01,1057.79,f,4,HERIDO DURANTE UNA EXPEDICIÓN
1777,Maeron Targaryen ,targaryen, Príncipe,0105-10-09,IRONCLAW,0089-01-01,GRIS METÁLICO,0127-10-09,0143-10-09,11760.73,f,3, Participó en defensa del reino 
1778,Aelora Targaryen ,TARGARYEN,LADY,0102-04-03,Ironclaw ,0089-01-01, Gris metálico,0131-04-03,0147-04-03,87296.08,f,3, Mantuvo vínculos con otras casas 
1779,Jaehaerys Targaryen ,targaryen,príncipe,0110-01-01,Ironclaw ,0089-01-01, Gris metálico,0128-01-01,0150-01-01,3857.94,f,14, Registro histórico 
1780,Jaehaerys Targaryen ,targaryen, Príncipe,0110-01-01,Ironclaw ,0089-01-01,GRIS METÁLICO,0152-01-01,0139-01-01,49513.74,f,14,Entrenamiento militar
1781,Aemond Targaryen ,targaryen,PRÍNCIPE,0110-02-12,IRONCLAW,0089-01-01, Gris metálico,0148-02-12,0145-02-12,37960.46,f,3,
1782,Alyssa Targaryen ,Targaryen,lady,0095-06-17, Ironclaw,0089-01-01, Gris metálico,0116-06-17,0131-06-17,53680.36,f,7, Herido durante una expedición 
1783, Jacaerys Targaryen ,targaryen, Príncipe,0114-01-01,Ironclaw ,0089-01-01,Gris metálico ,0147-01-01,0138-01-01,13910.40,f,6, Viaje diplomático
1784,Daeron Targaryen , Targaryen , Príncipe,0110-08-21,IRONCLAW,0089-01-01,Gris metálico ,0138-08-21,0151-08-21,69381.00,f,4,Registro histórico 
1785,Jacaerys Targaryen ,targaryen,Príncipe ,0114-01-01,Ironclaw ,0089-01-01,GRIS METÁLICO,0137-01-01,0154-01-01,88831.25,f,14, Registro histórico 
1786, Maeron Targaryen , Targaryen ,príncipe,0105-10-09, Ironclaw ,0089-01-01,Gris metálico,0135-10-09,0142-10-09,19650.55,f,9, Participó en una batalla importante
1787,Vaelor Targaryen , Targaryen ,Príncipe ,0103-09-12,IRONCLAW,0089-01-01,GRIS METÁLICO,0127-09-12,0141-09-12,11133.91,f,7, Mantuvo vínculos con otras casas 
1788, Aelora Targaryen , Targaryen ,Lady,0102-04-03, Ironclaw ,0089-01-01,Gris metálico ,0132-04-03,0139-04-03,7845.47,f,3, Participó en una batalla importante 
1789, Helaena Targaryen , Targaryen ,princesa,0109-05-14,IRONCLAW,0089-01-01,Gris metálico ,0142-05-14,0135-05-14,26060.37,f,14,ENTRENAMIENTO MILITAR
1790, Visenya Targaryen , Targaryen , Princesa,0091-07-20,Ironclaw ,0089-01-01,Gris metálico,0119-07-20,0120-07-20,11548.67,f,10,Participó en una batalla importante
1791,Helaena Targaryen,targaryen,princesa,0109-05-14,IRONCLAW,0089-01-01,GRIS METÁLICO,0132-05-14,0134-05-14,13099.36,f,14, Participó en una batalla importante 
1792,Aelora Targaryen ,targaryen,lady,0102-04-03,IRONCLAW,0089-01-01,Gris metálico ,0127-04-03,0138-04-03,13922.43,f,3,REGISTRO HISTÓRICO
1793,Alyssa Targaryen , Targaryen , Lady,0095-06-17, Ironclaw ,0089-01-01,Gris metálico ,0134-06-17,0133-06-17,45646.96,f,6,Participó en una batalla importante 
1794,Helaena Targaryen ,targaryen,princesa,0109-05-14,IRONCLAW,0089-01-01,GRIS METÁLICO,0134-05-14,0139-05-14,39973.30,f,15, Participó en una batalla importante
1795, Aemond Targaryen,Targaryen,PRÍNCIPE,0110-02-12, Ironclaw,0089-01-01, Gris metálico,0144-02-12,0156-02-12,88873.43,f,4,REGISTRO HISTÓRICO
1796, Viserys Targaryen ,Targaryen,rey,0077-01-15, Ironclaw ,0089-01-01,Gris metálico,0107-01-15,0114-01-15,78349.40,f,9, Participó en defensa del reino
1797, Aegon Targaryen, Targaryen ,príncipe,0090-04-10,Ironclaw ,0089-01-01,Gris metálico ,0123-04-10,0132-04-10,31688.29,f,17,Registro pendiente de revisión 
1798,Maelor Targaryen,targaryen,príncipe,0112-01-01,Ironclaw ,0089-01-01,Gris metálico ,0152-01-01,0159-01-01,16605.40,f,10,Participó en una batalla importante 
1799, Baela Targaryen ,Targaryen,lady,0116-09-03,IRONCLAW,0089-01-01,GRIS METÁLICO,0148-09-03,0144-09-03,55107.21,f,10,Jinete experimentado 
1800,Alyssa Targaryen,targaryen,Lady ,0095-06-17,Ironclaw ,0089-01-01,Gris metálico ,0129-06-17,0142-06-17,11737.13,f,5,Registro pendiente de revisión 
1801,Helaena Targaryen , Targaryen ,Princesa ,0109-05-14,Ironclaw ,0089-01-01,Gris metálico ,0132-05-14,0148-05-14,68933.14,f,18, Mantuvo vínculos con otras casas
1802,Aelora Targaryen,targaryen,lady,0102-04-03,Ironclaw ,0089-01-01,GRIS METÁLICO,0125-04-03,0137-04-03,16903.93,f,1,Registro histórico 
1803, Viserys Targaryen,TARGARYEN,REY,0077-01-15,IRONCLAW,0089-01-01,GRIS METÁLICO,0118-01-15,0117-01-15,26438.94,f,10,JINETE EXPERIMENTADO
1804,Alyssa Targaryen, Targaryen ,LADY,0095-06-17, Ironclaw ,0089-01-01,Gris metálico ,0134-06-17,0142-06-17,44926.56,f,14,Registro pendiente de revisión 
1805, Aenar Targaryen,targaryen,lord,0088-02-18, Ironclaw,0089-01-01,Gris metálico ,0126-02-18,0117-02-18,43236.99,f,0, Viaje diplomático
1806,Maelor Targaryen,Targaryen,príncipe,0112-01-01,Ironclaw ,0089-01-01,Gris metálico ,0153-01-01,0153-01-01,20581.67,f,0,
1807, Aelora Targaryen , Targaryen ,Lady ,0102-04-03,Ironclaw ,0089-01-01,Gris metálico ,0135-04-03,0133-04-03,89954.22,f,16,Participó en defensa del reino 
1808,Helaena Targaryen , Targaryen ,Princesa,0109-05-14, Ironclaw,0089-01-01, Gris metálico,0143-05-14,0139-05-14,53172.97,f,10, Registro pendiente de revisión 
1809,Vaelor Targaryen ,Targaryen,PRÍNCIPE,0103-09-12, Ironclaw ,0089-01-01,GRIS METÁLICO,0125-09-12,0136-09-12,16959.99,f,15,HERIDO DURANTE UNA EXPEDICIÓN
1810,Rhaenyra Targaryen,targaryen,princesa,0097-03-22,Ironclaw ,0089-01-01,GRIS METÁLICO,0121-03-22,0139-03-22,72365.60,f,0,Herido durante una expedición 
1811,Aelora Targaryen ,targaryen,lady,0102-04-03,Ironclaw,0089-01-01, Gris metálico,0123-04-03,0131-04-03,18712.99,f,9,Registro pendiente de revisión 
1812, Alyssa Targaryen ,Targaryen,lady,0095-06-17,Ironclaw ,0089-01-01,Gris metálico ,0116-06-17,0130-06-17,82506.82,f,0, Registro histórico 
1813,Jacaerys Targaryen,Targaryen,PRÍNCIPE,0114-01-01,Ironclaw ,0089-01-01, Gris metálico,0145-01-01,0160-01-01,53872.04,f,3,Registro histórico 
1814, Rhaenyra Targaryen,TARGARYEN,princesa,0097-03-22,Ironclaw ,0089-01-01,Gris metálico,0136-03-22,0128-03-22,76623.26,f,17,Registro pendiente de revisión 
1815, Jacaerys Targaryen,Targaryen,PRÍNCIPE,0114-01-01,IRONCLAW,0089-01-01, Gris metálico,0154-01-01,0151-01-01,61967.29,f,17,
1816, Maeron Targaryen ,Targaryen,PRÍNCIPE,0105-10-09,Ironclaw,0089-01-01,Gris metálico ,0127-10-09,0128-10-09,72152.35,f,16,HERIDO DURANTE UNA EXPEDICIÓN
1817, Helaena Targaryen ,targaryen,princesa,0109-05-14, Ironclaw ,0089-01-01, Gris metálico,0131-05-14,0141-05-14,84985.18,f,12, Registro pendiente de revisión 
1818, Alyssa Targaryen , Targaryen ,Lady,0095-06-17, Ironclaw,0089-01-01,Gris metálico ,0113-06-17,0124-06-17,60714.01,f,16, Jinete experimentado
1819, Rhaegel Targaryen,Targaryen,Príncipe,0092-11-05, Ironclaw,0089-01-01, Gris metálico,0131-11-05,0124-11-05,71231.16,f,0,Herido durante una expedición 
1820,Visenya Targaryen ,targaryen, Princesa,0091-07-20, Ironclaw ,0089-01-01,Gris metálico ,0122-07-20,0134-07-20,38396.05,f,5, Participó en defensa del reino
1821,Daeron Targaryen,Targaryen,príncipe,0110-08-21,Ironclaw,0089-01-01,Gris metálico ,0138-08-21,0147-08-21,70535.45,f,6,Registro pendiente de revisión 
1822, Aenar Targaryen,targaryen,LORD,0088-02-18,Ironclaw ,0089-01-01, Gris metálico,0126-02-18,0119-02-18,72271.46,f,5, Registro pendiente de revisión 
1823,Helaena Targaryen , Targaryen ,princesa,0109-05-14,Ironclaw ,0089-01-01,GRIS METÁLICO,0130-05-14,0151-05-14,63654.74,f,16,Mantuvo vínculos con otras casas 
1824, Lucerys Targaryen ,Targaryen, Príncipe,0115-01-01, Ironclaw ,0089-01-01,GRIS METÁLICO,0144-01-01,0143-01-01,35372.93,f,18,Registro histórico 
1825,Aemond Targaryen, Targaryen , Príncipe,0110-02-12,IRONCLAW,0089-01-01,Gris metálico ,0143-02-12,0153-02-12,73087.30,f,18, Entrenamiento militar
1826, Jacaerys Targaryen,Targaryen,Príncipe,0114-01-01, Ironclaw,0089-01-01,Gris metálico ,0152-01-01,0160-01-01,53354.27,f,2,MANTUVO VÍNCULOS CON OTRAS CASAS
1827,Aemond Targaryen, Targaryen , Príncipe,0110-02-12, Ironclaw ,0089-01-01,Gris metálico ,0152-02-12,0139-02-12,73800.82,f,15, Mantuvo vínculos con otras casas
1828, Jaehaerys Targaryen,Targaryen, Príncipe,0110-01-01, Ironclaw,0089-01-01, Gris metálico,0134-01-01,0156-01-01,60802.95,f,16,Registro pendiente de revisión 
1829, Rhaenyra Targaryen ,TARGARYEN,princesa,0097-03-22,Ironclaw ,0089-01-01,Gris metálico ,0115-03-22,0134-03-22,50480.16,f,1,Participó en una batalla importante
1830,Visenya Targaryen ,TARGARYEN,princesa,0091-07-20,IRONCLAW,0089-01-01,Gris metálico,0129-07-20,0127-07-20,83383.96,f,11,JINETE EXPERIMENTADO
1831,Rhaenyra Targaryen , Targaryen , Princesa,0097-03-22,Ironclaw ,0089-01-01,Gris metálico ,0124-03-22,0144-03-22,90322.38,f,3,Mantuvo vínculos con otras casas 
1832,Rhaena Targaryen ,TARGARYEN, Lady,0116-09-03,IRONCLAW,0089-01-01, Gris metálico,0135-09-03,0152-09-03,18621.21,f,2,Jinete experimentado 
1833, Helaena Targaryen ,Targaryen, Princesa,0109-05-14, Ironclaw,0089-01-01, Gris metálico,0133-05-14,0135-05-14,81668.19,f,6,
1834,Viserys Targaryen ,Targaryen, Rey,0077-01-15,Ironclaw ,0089-01-01,Gris metálico ,0119-01-15,0113-01-15,72548.28,f,19, Entrenamiento militar
1835, Baela Targaryen, Targaryen , Lady,0116-09-03,IRONCLAW,0089-01-01,GRIS METÁLICO,0150-09-03,0158-09-03,47090.20,f,0, Participó en una batalla importante 
1836, Aemond Targaryen,TARGARYEN,Príncipe ,0110-02-12,Ironclaw ,0089-01-01,Gris metálico ,0150-02-12,0152-02-12,25065.23,f,12, Herido durante una expedición 
1837, Rhaenyra Targaryen,TARGARYEN,princesa,0097-03-22, Ironclaw ,0089-01-01,Gris metálico ,0133-03-22,0135-03-22,78307.09,f,19,PARTICIPÓ EN UNA BATALLA IMPORTANTE
1838, Visenya Targaryen,Targaryen, Princesa,0091-07-20,Ironclaw,0089-01-01, Gris metálico,0128-07-20,0135-07-20,54587.82,f,19, Viaje diplomático 
1839, Viserys Targaryen , Targaryen ,REY,0077-01-15,Ironclaw ,0089-01-01,GRIS METÁLICO,0109-01-15,0106-01-15,50520.58,f,2,MANTUVO VÍNCULOS CON OTRAS CASAS
1840,Vaelor Targaryen , Targaryen ,Príncipe,0103-09-12,Ironclaw ,0089-01-01, Gris metálico,0133-09-12,0147-09-12,10594.79,f,15,Participó en defensa del reino 
1841,Daeron Targaryen , Targaryen , Príncipe,0110-08-21,IRONCLAW,0089-01-01,Gris metálico ,0138-08-21,0144-08-21,81910.13,f,10,Viaje diplomático 
1842,Rhaena Targaryen ,targaryen,lady,0116-09-03,Ironclaw ,0089-01-01,Gris metálico ,0155-09-03,0162-09-03,18774.22,f,5,Viaje diplomático 
1843,Rhaena Targaryen , Targaryen , Lady,0116-09-03, Ironclaw,0089-01-01,Gris metálico ,0134-09-03,0157-09-03,3308.84,f,11,Herido durante una expedición 
1844,Aelora Targaryen,TARGARYEN, Lady,0102-04-03, Ironclaw,0089-01-01,Gris metálico ,0121-04-03,0131-04-03,59046.22,f,7,Viaje diplomático 
1845,Rhaenyra Targaryen , Targaryen ,princesa,0097-03-22,Ironclaw ,0089-01-01, Gris metálico,0130-03-22,0125-03-22,83742.93,f,6,Viaje diplomático 
1846, Aegon Targaryen , Targaryen , Príncipe,0090-04-10,Ironclaw ,0089-01-01, Gris metálico,0126-04-10,0121-04-10,10622.38,f,4,Jinete experimentado
1847,Aemond Targaryen , Targaryen ,príncipe,0110-02-12, Ironclaw,0089-01-01,Gris metálico ,0136-02-12,0140-02-12,20022.48,f,4, Registro histórico 
1848, Aemond Targaryen ,targaryen,Príncipe ,0110-02-12,Ironclaw ,0089-01-01,Gris metálico ,0137-02-12,0139-02-12,48682.45,f,10, Registro histórico 
1849, Aemond Targaryen,Targaryen,príncipe,0110-02-12, Ironclaw ,0089-01-01,Gris metálico ,0141-02-12,0150-02-12,75389.43,f,8, Herido durante una expedición 
1850,Viserys Targaryen ,targaryen,rey,0077-01-15, Ironclaw ,0089-01-01,GRIS METÁLICO,0100-01-15,0116-01-15,75777.87,f,18,Participó en una batalla importante
1851,Visenya Targaryen , Targaryen ,princesa,0091-07-20,Ironclaw ,0089-01-01,GRIS METÁLICO,0130-07-20,0130-07-20,57196.74,f,14, Participó en defensa del reino
1852,Helaena Targaryen ,targaryen, Princesa,0109-05-14,Ironclaw ,0089-01-01,GRIS METÁLICO,0127-05-14,0133-05-14,55924.20,f,19,Registro pendiente de revisión 
1853, Jaehaerys Targaryen ,Targaryen,PRÍNCIPE,0110-01-01,Ironclaw ,0089-01-01, Gris metálico,0149-01-01,0155-01-01,2699.01,f,1, Registro histórico 
1854, Viserys Targaryen ,Targaryen,rey,0077-01-15, Ironclaw,0089-01-01, Gris metálico,0098-01-15,0109-01-15,50306.57,f,3,REGISTRO HISTÓRICO
1855,Maeron Targaryen , Targaryen , Príncipe,0105-10-09, Ironclaw ,0089-01-01,Gris metálico ,0127-10-09,0150-10-09,46925.69,f,6, Jinete experimentado
1856, Rhaegel Targaryen ,Targaryen,PRÍNCIPE,0092-11-05, Ironclaw ,0089-01-01, Gris metálico,0122-11-05,0131-11-05,26678.29,f,2,REGISTRO PENDIENTE DE REVISIÓN
1857, Daeron Targaryen ,Targaryen,príncipe,0110-08-21, Ironclaw ,0089-01-01,Gris metálico ,0149-08-21,0141-08-21,48979.70,f,15,HERIDO DURANTE UNA EXPEDICIÓN
1858, Baela Targaryen,Targaryen,Lady ,0116-09-03, Ironclaw,0089-01-01,GRIS METÁLICO,0157-09-03,0149-09-03,50414.35,f,14,REGISTRO PENDIENTE DE REVISIÓN
1859, Rhaenyra Targaryen ,TARGARYEN, Princesa,0097-03-22,Ironclaw ,0089-01-01,Gris metálico ,0132-03-22,0124-03-22,75206.37,f,15, Participó en defensa del reino
1860,Aemond Targaryen,Targaryen,príncipe,0110-02-12, Ironclaw ,0089-01-01,Gris metálico ,0137-02-12,0152-02-12,69269.43,f,7, Jinete experimentado
1861, Lucerys Targaryen,TARGARYEN,PRÍNCIPE,0115-01-01,Ironclaw ,0089-01-01,Gris metálico,0142-01-01,0141-01-01,64203.51,f,16,Entrenamiento militar 
1862, Daemon Targaryen,targaryen, Príncipe,0081-06-05, Ironclaw,0089-01-01,Gris metálico ,0116-06-05,0113-06-05,60128.11,f,0, Entrenamiento militar 
1863, Rhaenyra Targaryen,TARGARYEN,princesa,0097-03-22,Ironclaw ,0089-01-01,Gris metálico ,0131-03-22,0125-03-22,6581.34,f,8, Registro pendiente de revisión 
1864,Rhaegel Targaryen , Targaryen ,Príncipe,0092-11-05, Ironclaw ,0089-01-01,Gris metálico ,0124-11-05,0127-11-05,47030.38,f,18, Entrenamiento militar 
1865, Rhaenyra Targaryen , Targaryen ,PRINCESA,0097-03-22, Ironclaw ,0089-01-01,Gris metálico ,0119-03-22,0129-03-22,26151.63,f,9,VIAJE DIPLOMÁTICO
1866, Visenya Targaryen , Targaryen ,PRINCESA,0091-07-20, Ironclaw ,0089-01-01,GRIS METÁLICO,0131-07-20,0122-07-20,69009.04,f,13, Registro pendiente de revisión
1867,Rhaenyra Targaryen,TARGARYEN,princesa,0097-03-22,Ironclaw ,0089-01-01, Gris metálico,0134-03-22,0132-03-22,78660.51,f,17,Registro histórico 
1868,Visenya Targaryen , Targaryen ,princesa,0091-07-20,IRONCLAW,0089-01-01,Gris metálico,0110-07-20,0116-07-20,55154.29,f,14, Registro histórico 
1869, Baela Targaryen ,Targaryen,lady,0116-09-03, Ironclaw,0089-01-01,Gris metálico,0150-09-03,0139-09-03,75279.45,f,13, Jinete experimentado
1870, Helaena Targaryen,TARGARYEN,princesa,0109-05-14,Ironclaw ,0089-01-01,Gris metálico,0140-05-14,0139-05-14,38267.69,f,17, Registro histórico 
1871,Rhaegel Targaryen ,targaryen,PRÍNCIPE,0092-11-05,IRONCLAW,0089-01-01,GRIS METÁLICO,0113-11-05,0121-11-05,12265.01,f,0, Herido durante una expedición
1872,Rhaegel Targaryen ,Targaryen,príncipe,0092-11-05,Ironclaw ,0089-01-01,Gris metálico ,0121-11-05,0115-11-05,8181.86,f,17,Viaje diplomático 
1873,Rhaegel Targaryen ,Targaryen, Príncipe,0092-11-05,Ironclaw,0089-01-01,Gris metálico ,0122-11-05,0118-11-05,65228.43,f,0,
1874,Alyssa Targaryen , Targaryen ,lady,0095-06-17,Ironclaw,0089-01-01,GRIS METÁLICO,0132-06-17,0138-06-17,49557.07,f,17, Registro pendiente de revisión 
1875, Aelora Targaryen ,Targaryen,LADY,0102-04-03,Ironclaw,0089-01-01,Gris metálico ,0138-04-03,0125-04-03,14385.75,f,18,JINETE EXPERIMENTADO
1876, Maeron Targaryen,targaryen,Príncipe ,0105-10-09, Ironclaw,0089-01-01,GRIS METÁLICO,0131-10-09,0141-10-09,89128.44,f,13, Registro histórico
1877,Viserys Targaryen ,Targaryen, Rey,0077-01-15,IRONCLAW,0089-01-01,Gris metálico ,0108-01-15,0111-01-15,90015.08,f,1,
1878, Aenar Targaryen ,targaryen,LORD,0088-02-18, Ironclaw,0089-01-01, Gris metálico,0110-02-18,0129-02-18,9707.77,f,10, Participó en defensa del reino 
1879,Baela Targaryen ,Targaryen,Lady ,0116-09-03,Ironclaw ,0089-01-01,Gris metálico ,0136-09-03,0156-09-03,57452.73,f,9,MANTUVO VÍNCULOS CON OTRAS CASAS
1880,Helaena Targaryen ,targaryen,princesa,0109-05-14, Ironclaw ,0089-01-01,GRIS METÁLICO,0150-05-14,0139-05-14,17462.30,f,16, Participó en una batalla importante 
1881, Alyssa Targaryen,Targaryen, Lady,0095-06-17,Ironclaw ,0089-01-01, Gris metálico,0132-06-17,0126-06-17,38873.73,f,4,JINETE EXPERIMENTADO
1882, Aemond Targaryen,targaryen,príncipe,0110-02-12, Ironclaw ,0089-01-01,Gris metálico,0143-02-12,0145-02-12,67971.21,f,13,
1883,Maelor Targaryen, Targaryen , Príncipe,0112-01-01, Ironclaw ,0089-01-01,Gris metálico,0151-01-01,0155-01-01,42237.85,f,6,Participó en una batalla importante 
1884, Rhaegel Targaryen,Targaryen,príncipe,0092-11-05, Ironclaw ,0089-01-01,Gris metálico ,0134-11-05,0121-11-05,61138.96,f,5,Participó en defensa del reino 
1885,Jacaerys Targaryen,targaryen,Príncipe ,0114-01-01, Ironclaw ,0089-01-01,GRIS METÁLICO,0154-01-01,0140-01-01,67916.87,f,18,Participó en defensa del reino
1886, Aenar Targaryen,Targaryen,Lord ,0088-02-18, Ironclaw ,0089-01-01,Gris metálico ,0128-02-18,0121-02-18,87472.42,f,19, Herido durante una expedición
1887,Rhaenyra Targaryen , Targaryen ,princesa,0097-03-22,Ironclaw ,0089-01-01, Gris metálico,0135-03-22,0124-03-22,30736.25,f,18, Registro histórico 
1888,Alyssa Targaryen,Targaryen,lady,0095-06-17,Ironclaw,0089-01-01,GRIS METÁLICO,0117-06-17,0138-06-17,34082.77,f,4,
1889, Jaehaerys Targaryen,Targaryen,Príncipe,0110-01-01,IRONCLAW,0089-01-01,Gris metálico ,0148-01-01,0146-01-01,84740.52,f,16,Participó en una batalla importante 
1890, Maeron Targaryen, Targaryen ,príncipe,0105-10-09, Ironclaw ,0089-01-01,Gris metálico,0124-10-09,0130-10-09,74236.52,f,0,MANTUVO VÍNCULOS CON OTRAS CASAS
1891, Lucerys Targaryen,targaryen, Príncipe,0115-01-01,Ironclaw ,0089-01-01,Gris metálico,0138-01-01,0161-01-01,51618.98,f,4,REGISTRO PENDIENTE DE REVISIÓN
1892,Alyssa Targaryen ,Targaryen,LADY,0095-06-17,Ironclaw ,0089-01-01,Gris metálico,0133-06-17,0141-06-17,52181.53,f,10, Mantuvo vínculos con otras casas 
1893, Rhaena Targaryen , Targaryen ,LADY,0116-09-03,Ironclaw ,0089-01-01,Gris metálico ,0145-09-03,0143-09-03,13136.99,f,3, Participó en defensa del reino
1894,Jacaerys Targaryen ,TARGARYEN,Príncipe ,0114-01-01, Ironclaw,0089-01-01,Gris metálico ,0148-01-01,0149-01-01,49372.81,f,6, Registro pendiente de revisión 
1895, Visenya Targaryen , Targaryen ,Princesa,0091-07-20,Ironclaw ,0089-01-01,GRIS METÁLICO,0129-07-20,0120-07-20,59097.31,f,6, Herido durante una expedición
1896, Jacaerys Targaryen ,Targaryen,Príncipe ,0114-01-01, Ironclaw,0089-01-01,Gris metálico,0135-01-01,0156-01-01,34919.39,f,19, Registro pendiente de revisión
1897, Helaena Targaryen , Targaryen , Princesa,0109-05-14, Ironclaw,0089-01-01,Gris metálico ,0136-05-14,0145-05-14,10200.07,f,8,Participó en defensa del reino 
1898, Aegon Targaryen , Targaryen ,príncipe,0090-04-10,Ironclaw ,0089-01-01,GRIS METÁLICO,0108-04-10,0129-04-10,5285.11,f,2, Entrenamiento militar
1899,Aemond Targaryen,Targaryen,príncipe,0110-02-12,Ironclaw ,0089-01-01,Gris metálico,0138-02-12,0152-02-12,40335.67,f,5,Registro pendiente de revisión 
1900, Aenar Targaryen, Targaryen ,lord,0088-02-18, Ironclaw ,0089-01-01, Gris metálico,0112-02-18,0134-02-18,9250.46,f,3,Participó en defensa del reino 
1901, Maelor Targaryen, Targaryen ,PRÍNCIPE,0112-01-01,Ironclaw ,0089-01-01, Gris metálico,0153-01-01,0155-01-01,55416.40,f,11,Participó en defensa del reino 
1902, Aegon Targaryen ,targaryen,Príncipe ,0090-04-10, Ironclaw,0089-01-01,Gris metálico,0130-04-10,0130-04-10,23517.89,f,3, Participó en una batalla importante
1903,Rhaena Targaryen,TARGARYEN, Lady,0116-09-03, Ironclaw,0089-01-01,Gris metálico,0135-09-03,0156-09-03,2851.56,f,0, Viaje diplomático
1904, Alyssa Targaryen ,Targaryen, Lady,0095-06-17, Ironclaw,0089-01-01,Gris metálico ,0135-06-17,0133-06-17,4797.51,f,10,
1905, Visenya Targaryen,targaryen,Princesa,0091-07-20, Ironclaw,0089-01-01, Gris metálico,0113-07-20,0130-07-20,79832.38,f,14,PARTICIPÓ EN UNA BATALLA IMPORTANTE
1906, Daemon Targaryen ,TARGARYEN,príncipe,0081-06-05, Ironclaw ,0089-01-01,Gris metálico ,0117-06-05,0110-06-05,44607.95,f,9,PARTICIPÓ EN DEFENSA DEL REINO
1907,Lucerys Targaryen ,Targaryen,príncipe,0115-01-01,IRONCLAW,0089-01-01,GRIS METÁLICO,0153-01-01,0138-01-01,70148.90,f,14, Viaje diplomático 
1908,Visenya Targaryen ,Targaryen,princesa,0091-07-20, Ironclaw ,0089-01-01,GRIS METÁLICO,0126-07-20,0130-07-20,46189.86,f,16,HERIDO DURANTE UNA EXPEDICIÓN
1909, Lucerys Targaryen , Targaryen ,Príncipe ,0115-01-01, Ironclaw,0089-01-01,Gris metálico,0153-01-01,0156-01-01,42629.92,f,6, Participó en defensa del reino
1910, Viserys Targaryen, Targaryen ,REY,0077-01-15, Ironclaw ,0089-01-01, Gris metálico,0117-01-15,0107-01-15,17479.27,f,15,Registro histórico 
1911, Jaehaerys Targaryen, Targaryen ,príncipe,0110-01-01,Ironclaw ,0089-01-01,Gris metálico ,0151-01-01,0139-01-01,26341.21,f,15, Entrenamiento militar 
1912,Alyssa Targaryen ,targaryen,LADY,0095-06-17, Ironclaw ,0089-01-01, Gris metálico,0132-06-17,0131-06-17,38595.52,f,16, Registro histórico 
1913, Aenar Targaryen, Targaryen ,Lord ,0088-02-18,Ironclaw ,0089-01-01, Gris metálico,0111-02-18,0119-02-18,78847.60,f,16,Registro pendiente de revisión
1914, Daeron Targaryen,TARGARYEN, Príncipe,0110-08-21,Ironclaw ,0089-01-01,GRIS METÁLICO,0137-08-21,0143-08-21,27447.71,f,17, Registro histórico
1915, Alyssa Targaryen,Targaryen, Lady,0095-06-17,Ironclaw ,0089-01-01,GRIS METÁLICO,0114-06-17,0131-06-17,77261.18,f,14,Mantuvo vínculos con otras casas 
1916,Maelor Targaryen ,Targaryen,Príncipe ,0112-01-01,Ironclaw,0089-01-01, Gris metálico,0131-01-01,0137-01-01,29237.00,f,19, Jinete experimentado 
1917,Aemond Targaryen ,TARGARYEN,PRÍNCIPE,0110-02-12,Ironclaw ,0089-01-01,GRIS METÁLICO,0129-02-12,0152-02-12,83297.05,f,18, Participó en una batalla importante 
1918, Baela Targaryen,Targaryen, Lady,0116-09-03, Ironclaw,0089-01-01,Gris metálico ,0151-09-03,0148-09-03,57143.53,f,14,Participó en una batalla importante 
1919, Visenya Targaryen , Targaryen ,princesa,0091-07-20,Ironclaw ,0089-01-01, Gris metálico,0109-07-20,0138-07-20,49265.03,f,3, Entrenamiento militar
1920, Aegon Targaryen,targaryen,Príncipe,0090-04-10,IRONCLAW,0089-01-01,GRIS METÁLICO,0123-04-10,0119-04-10,5596.68,f,1,Jinete experimentado 
1921,Viserys Targaryen , Targaryen ,Rey,0077-01-15, Ironclaw ,0089-01-01,Gris metálico,0117-01-15,0102-01-15,31426.17,f,17,Jinete experimentado 
1922, Helaena Targaryen ,targaryen,Princesa ,0109-05-14,Ironclaw ,0089-01-01,Gris metálico ,0132-05-14,0152-05-14,52759.09,f,12, Participó en una batalla importante 
1923, Rhaenyra Targaryen,TARGARYEN,Princesa ,0097-03-22,Ironclaw,0089-01-01,Gris metálico ,0119-03-22,0128-03-22,1637.29,f,7, Registro histórico 
1924,Viserys Targaryen ,TARGARYEN, Rey,0077-01-15,Ironclaw,0089-01-01, Gris metálico,0116-01-15,0100-01-15,35837.22,f,19, Herido durante una expedición 
1925, Aelora Targaryen ,TARGARYEN, Lady,0102-04-03,Ironclaw ,0089-01-01, Gris metálico,0136-04-03,0136-04-03,51189.89,f,0, Participó en una batalla importante 
1926, Maelor Targaryen,TARGARYEN, Príncipe,0112-01-01,IRONCLAW,0089-01-01,Gris metálico,0149-01-01,0145-01-01,55684.83,f,10, Mantuvo vínculos con otras casas 
1927,Alyssa Targaryen, Targaryen ,Lady,0095-06-17,IRONCLAW,0089-01-01,Gris metálico,0126-06-17,0132-06-17,65489.63,f,17,Participó en defensa del reino 
1928, Maeron Targaryen ,Targaryen,príncipe,0105-10-09,Ironclaw ,0089-01-01, Gris metálico,0137-10-09,0135-10-09,21461.06,f,13,Participó en una batalla importante 
1929, Baela Targaryen ,targaryen,lady,0116-09-03,Ironclaw ,0089-01-01, Gris metálico,0139-09-03,0148-09-03,33780.70,f,1,Participó en defensa del reino 
1930, Jaehaerys Targaryen ,Targaryen,príncipe,0110-01-01, Ironclaw ,0089-01-01,Gris metálico ,0139-01-01,0143-01-01,76835.68,f,2,ENTRENAMIENTO MILITAR
1931,Aenar Targaryen , Targaryen ,Lord,0088-02-18, Ironclaw ,0089-01-01,GRIS METÁLICO,0117-02-18,0120-02-18,52003.38,f,18,
1932,Lucerys Targaryen ,Targaryen,Príncipe ,0115-01-01,Ironclaw,0089-01-01,Gris metálico ,0143-01-01,0162-01-01,12599.58,f,12, Participó en defensa del reino 
1933,Daeron Targaryen ,TARGARYEN, Príncipe,0110-08-21,IRONCLAW,0089-01-01, Gris metálico,0140-08-21,0143-08-21,24032.64,f,2,Registro pendiente de revisión
1934,Rhaena Targaryen ,Targaryen,lady,0116-09-03,Ironclaw ,0089-01-01,GRIS METÁLICO,0146-09-03,0152-09-03,42514.88,f,2,Mantuvo vínculos con otras casas 
1935, Rhaegel Targaryen,Targaryen, Príncipe,0092-11-05,Ironclaw ,0089-01-01,Gris metálico ,0118-11-05,0125-11-05,46221.54,f,13, Participó en defensa del reino
1936, Aemond Targaryen , Targaryen ,príncipe,0110-02-12,Ironclaw ,0089-01-01,Gris metálico ,0128-02-12,0151-02-12,77504.85,f,8, Registro pendiente de revisión 
1937, Jacaerys Targaryen ,Targaryen, Príncipe,0114-01-01,Ironclaw ,0089-01-01,Gris metálico ,0135-01-01,0146-01-01,65520.01,f,12,Registro pendiente de revisión 
1938,Rhaenyra Targaryen , Targaryen , Princesa,0097-03-22,IRONCLAW,0089-01-01,Gris metálico,0124-03-22,0137-03-22,4814.05,f,8,Jinete experimentado 
1939, Rhaena Targaryen,Targaryen,lady,0116-09-03, Ironclaw ,0089-01-01,GRIS METÁLICO,0146-09-03,0142-09-03,3044.90,f,8, Registro histórico
1940,Lucerys Targaryen , Targaryen , Príncipe,0115-01-01, Ironclaw,0089-01-01,Gris metálico,0143-01-01,0161-01-01,26760.53,f,2, Mantuvo vínculos con otras casas 
1941,Rhaegel Targaryen ,Targaryen, Príncipe,0092-11-05, Ironclaw ,0089-01-01,Gris metálico ,0133-11-05,0139-11-05,9932.70,f,12,Herido durante una expedición 
1942,Daemon Targaryen ,targaryen,Príncipe ,0081-06-05,Ironclaw ,0089-01-01,Gris metálico,0117-06-05,0122-06-05,44280.32,f,4,Jinete experimentado
1943,Maelor Targaryen ,Targaryen,Príncipe,0112-01-01, Ironclaw ,0089-01-01,Gris metálico ,0149-01-01,0142-01-01,29054.12,f,12, Herido durante una expedición
1944,Aelora Targaryen, Targaryen ,Lady,0102-04-03,Ironclaw ,0089-01-01,GRIS METÁLICO,0134-04-03,0143-04-03,7450.56,f,16,Entrenamiento militar 
1945,Rhaena Targaryen,Targaryen, Lady,0116-09-03, Ironclaw ,0089-01-01,Gris metálico ,0136-09-03,0156-09-03,62680.00,f,3, Mantuvo vínculos con otras casas 
1946,Aegon Targaryen , Targaryen ,PRÍNCIPE,0090-04-10, Ironclaw ,0089-01-01,Gris metálico ,0117-04-10,0119-04-10,29246.23,f,10, Entrenamiento militar 
1947, Daemon Targaryen ,Targaryen,príncipe,0081-06-05,Ironclaw ,0089-01-01,Gris metálico ,0110-06-05,0120-06-05,77232.46,f,2,Registro pendiente de revisión 
1948, Jacaerys Targaryen ,TARGARYEN,Príncipe,0114-01-01, Ironclaw ,0089-01-01, Gris metálico,0153-01-01,0157-01-01,51331.70,f,2,
1949, Lucerys Targaryen,TARGARYEN,PRÍNCIPE,0115-01-01,IRONCLAW,0089-01-01, Gris metálico,0153-01-01,0146-01-01,81300.36,f,2, Entrenamiento militar 
1950,Rhaegel Targaryen , Targaryen , Príncipe,0092-11-05,Ironclaw,0089-01-01, Gris metálico,0116-11-05,0139-11-05,61895.60,f,18,Viaje diplomático 
1951,Rhaenyra Targaryen ,TARGARYEN,Princesa ,0097-03-22, Ironclaw ,0089-01-01,Gris metálico,0124-03-22,0143-03-22,72736.24,f,7,Participó en defensa del reino 
1952, Aegon Targaryen,Targaryen,PRÍNCIPE,0090-04-10,Ironclaw ,0089-01-01,Gris metálico ,0113-04-10,0118-04-10,64606.97,f,13, Mantuvo vínculos con otras casas
1953,Visenya Targaryen , Targaryen ,princesa,0091-07-20,Ironclaw,0089-01-01,GRIS METÁLICO,0115-07-20,0119-07-20,15632.60,f,17,Participó en defensa del reino 
1954,Viserys Targaryen , Targaryen , Rey,0077-01-15, Ironclaw,0089-01-01,Gris metálico ,0102-01-15,0111-01-15,52331.31,f,15, Registro histórico
1955,Daeron Targaryen ,targaryen, Príncipe,0110-08-21,Ironclaw,0089-01-01,GRIS METÁLICO,0141-08-21,0138-08-21,57649.73,f,5, Registro pendiente de revisión 
1956,Helaena Targaryen ,targaryen, Princesa,0109-05-14, Ironclaw ,0089-01-01, Gris metálico,0130-05-14,0151-05-14,21672.13,f,10,Registro histórico 
1957, Visenya Targaryen , Targaryen ,princesa,0091-07-20, Ironclaw ,0089-01-01, Gris metálico,0119-07-20,0130-07-20,1825.58,f,9,
1958, Jaehaerys Targaryen , Targaryen ,Príncipe ,0110-01-01, Ironclaw ,0089-01-01,Gris metálico,0152-01-01,0142-01-01,89471.12,f,5, Participó en defensa del reino
1959, Jacaerys Targaryen,Targaryen,príncipe,0114-01-01,Ironclaw,0089-01-01,GRIS METÁLICO,0132-01-01,0160-01-01,43837.28,f,11,Entrenamiento militar
1960, Aegon Targaryen ,targaryen,PRÍNCIPE,0090-04-10, Ironclaw ,0089-01-01, Gris metálico,0132-04-10,0128-04-10,70518.70,f,8, Registro pendiente de revisión 
1961,Helaena Targaryen ,Targaryen,PRINCESA,0109-05-14,Ironclaw ,0089-01-01,GRIS METÁLICO,0131-05-14,0156-05-14,26024.40,f,10,Participó en defensa del reino 
1962, Jacaerys Targaryen,targaryen,Príncipe ,0114-01-01, Ironclaw ,0089-01-01, Gris metálico,0134-01-01,0140-01-01,23484.79,f,5, Participó en defensa del reino 
1963, Visenya Targaryen ,TARGARYEN,princesa,0091-07-20, Ironclaw ,0089-01-01,GRIS METÁLICO,0132-07-20,0133-07-20,1395.16,f,8,HERIDO DURANTE UNA EXPEDICIÓN
1964, Baela Targaryen,TARGARYEN,LADY,0116-09-03, Ironclaw,0089-01-01,GRIS METÁLICO,0150-09-03,0142-09-03,54567.93,f,4, Herido durante una expedición
1965, Helaena Targaryen ,Targaryen,princesa,0109-05-14, Ironclaw,0089-01-01, Gris metálico,0130-05-14,0135-05-14,70558.90,f,11, Jinete experimentado
1966,Vaelor Targaryen,targaryen,príncipe,0103-09-12,Ironclaw ,0089-01-01,GRIS METÁLICO,0129-09-12,0149-09-12,5033.43,f,14,Herido durante una expedición 
1967, Rhaenyra Targaryen ,Targaryen,PRINCESA,0097-03-22, Ironclaw ,0089-01-01, Gris metálico,0120-03-22,0136-03-22,4551.00,f,19, Participó en defensa del reino
1968,Maelor Targaryen , Targaryen ,Príncipe ,0112-01-01, Ironclaw,0089-01-01,GRIS METÁLICO,0136-01-01,0152-01-01,15699.01,f,16,HERIDO DURANTE UNA EXPEDICIÓN
1969, Rhaegel Targaryen,targaryen, Príncipe,0092-11-05,Ironclaw ,0089-01-01,Gris metálico ,0125-11-05,0125-11-05,15874.27,f,8, Viaje diplomático 
1970,Visenya Targaryen,Targaryen,Princesa,0091-07-20,Ironclaw ,0089-01-01,GRIS METÁLICO,0117-07-20,0117-07-20,85925.35,f,17, Herido durante una expedición
1971, Rhaegel Targaryen,Targaryen, Príncipe,0092-11-05, Ironclaw ,0089-01-01,Gris metálico ,0121-11-05,0125-11-05,74927.94,f,17,Entrenamiento militar
1972,Vaelor Targaryen , Targaryen , Príncipe,0103-09-12, Ironclaw ,0089-01-01, Gris metálico,0134-09-12,0136-09-12,30294.19,f,17, Registro pendiente de revisión
1973, Visenya Targaryen ,targaryen,PRINCESA,0091-07-20,Ironclaw ,0089-01-01,Gris metálico ,0110-07-20,0129-07-20,36882.64,f,6,Registro pendiente de revisión 
1974,Visenya Targaryen, Targaryen ,PRINCESA,0091-07-20, Ironclaw ,0089-01-01, Gris metálico,0125-07-20,0128-07-20,89505.79,f,6,PARTICIPÓ EN UNA BATALLA IMPORTANTE
1975,Alyssa Targaryen ,Targaryen,lady,0095-06-17,Ironclaw ,0089-01-01,GRIS METÁLICO,0122-06-17,0139-06-17,7032.42,f,1, Viaje diplomático
1976,Viserys Targaryen ,Targaryen,rey,0077-01-15,Ironclaw ,0089-01-01,Gris metálico ,0119-01-15,0105-01-15,69033.52,f,1, Entrenamiento militar
1977, Helaena Targaryen ,targaryen,princesa,0109-05-14, Ironclaw,0089-01-01,GRIS METÁLICO,0135-05-14,0135-05-14,62361.57,f,14,MANTUVO VÍNCULOS CON OTRAS CASAS
1978,Daeron Targaryen , Targaryen ,príncipe,0110-08-21, Ironclaw,0089-01-01,GRIS METÁLICO,0133-08-21,0145-08-21,5193.80,f,12,Participó en defensa del reino 
1979,Lucerys Targaryen ,Targaryen,PRÍNCIPE,0115-01-01,Ironclaw ,0089-01-01, Gris metálico,0143-01-01,0161-01-01,2642.97,f,8, Viaje diplomático
1980,Baela Targaryen ,Targaryen,Lady ,0116-09-03,IRONCLAW,0089-01-01,GRIS METÁLICO,0156-09-03,0157-09-03,44964.90,f,0, Registro pendiente de revisión
1981,Lucerys Targaryen ,targaryen, Príncipe,0115-01-01, Ironclaw ,0089-01-01,Gris metálico,0153-01-01,0140-01-01,86283.10,f,14,Mantuvo vínculos con otras casas 
1982,Viserys Targaryen, Targaryen ,Rey,0077-01-15, Ironclaw ,0089-01-01, Gris metálico,0104-01-15,0120-01-15,45579.73,f,9,Jinete experimentado 
1983, Aenar Targaryen,Targaryen, Lord,0088-02-18,Ironclaw ,0089-01-01,Gris metálico,0124-02-18,0122-02-18,8419.64,f,8, Participó en una batalla importante
1984,Aelora Targaryen , Targaryen ,lady,0102-04-03,Ironclaw,0089-01-01,Gris metálico ,0125-04-03,0147-04-03,32819.24,f,4, Registro pendiente de revisión
1985,Aegon Targaryen, Targaryen , Príncipe,0090-04-10,IRONCLAW,0089-01-01,Gris metálico ,0132-04-10,0130-04-10,34776.13,f,4,PARTICIPÓ EN DEFENSA DEL REINO
1986, Vaelor Targaryen, Targaryen , Príncipe,0103-09-12, Ironclaw,0089-01-01,Gris metálico ,0138-09-12,0143-09-12,8583.46,f,9,Mantuvo vínculos con otras casas 
1987,Lucerys Targaryen , Targaryen ,PRÍNCIPE,0115-01-01,Ironclaw ,0089-01-01, Gris metálico,0139-01-01,0153-01-01,11923.17,f,16, Mantuvo vínculos con otras casas 
1988, Rhaena Targaryen ,targaryen,Lady,0116-09-03, Ironclaw ,0089-01-01, Gris metálico,0151-09-03,0159-09-03,80808.33,f,13, Participó en una batalla importante
1989,Rhaena Targaryen,TARGARYEN, Lady,0116-09-03, Ironclaw,0089-01-01,Gris metálico ,0148-09-03,0163-09-03,51085.58,f,3,Viaje diplomático 
1990, Lucerys Targaryen, Targaryen , Príncipe,0115-01-01,Ironclaw,0089-01-01,Gris metálico ,0137-01-01,0161-01-01,67728.67,f,1, Participó en una batalla importante 
1991, Visenya Targaryen, Targaryen , Princesa,0091-07-20,Ironclaw ,0089-01-01, Gris metálico,0125-07-20,0126-07-20,7141.52,f,0, Mantuvo vínculos con otras casas
1992, Maeron Targaryen,TARGARYEN,PRÍNCIPE,0105-10-09,Ironclaw ,0089-01-01, Gris metálico,0147-10-09,0142-10-09,56108.34,f,5,Participó en defensa del reino 
1993,Alyssa Targaryen, Targaryen ,LADY,0095-06-17,Ironclaw ,0089-01-01,Gris metálico,0133-06-17,0129-06-17,36051.29,f,15,Jinete experimentado 
1994,Rhaena Targaryen ,Targaryen,lady,0116-09-03,Ironclaw ,0089-01-01,GRIS METÁLICO,0148-09-03,0155-09-03,80764.23,f,10, Mantuvo vínculos con otras casas
1995,Rhaenyra Targaryen ,TARGARYEN,Princesa ,0097-03-22,Ironclaw ,0089-01-01,GRIS METÁLICO,0129-03-22,0127-03-22,25014.00,f,0,REGISTRO HISTÓRICO
1996,Vaelor Targaryen ,Targaryen, Príncipe,0103-09-12,Ironclaw ,0089-01-01, Gris metálico,0125-09-12,0137-09-12,75287.78,f,13,HERIDO DURANTE UNA EXPEDICIÓN
1997, Daeron Targaryen, Targaryen ,Príncipe ,0110-08-21, Ironclaw,0089-01-01, Gris metálico,0134-08-21,0143-08-21,29077.02,f,11,Registro pendiente de revisión 
1998,Aegon Targaryen, Targaryen , Príncipe,0090-04-10, Ironclaw,0089-01-01, Gris metálico,0120-04-10,0121-04-10,10802.48,f,9,Viaje diplomático 
1999, Viserys Targaryen,TARGARYEN,rey,0077-01-15, Ironclaw,0089-01-01,Gris metálico ,0097-01-15,0117-01-15,39665.53,f,16, Participó en defensa del reino 
2000, Maelor Targaryen, Targaryen ,Príncipe ,0112-01-01, Ironclaw,0089-01-01,GRIS METÁLICO,0146-01-01,0139-01-01,46911.25,f,5,ENTRENAMIENTO MILITAR
2001,Elaena Velaryon ,Velaryon,LADY,0105-02-08,Frostfang ,0092-01-01,Blanco y azul ,0123-02-08,0135-02-08,36353.90,f,6,HERIDO DURANTE UNA EXPEDICIÓN
2002,Vaella Velaryon ,Velaryon,Lady ,0109-11-16, Frostfang,0092-01-01,Blanco y azul,0151-11-16,0132-11-16,5754.17,f,3,Entrenamiento militar 
2003,Marilda Velaryon, Velaryon ,LADY,0087-09-27, Frostfang ,0092-01-01,Blanco y azul,0108-09-27,0133-09-27,66024.72,f,11,MANTUVO VÍNCULOS CON OTRAS CASAS
2004,Corwyn Velaryon ,Velaryon,SER,0096-08-14,Frostfang ,0092-01-01,BLANCO Y AZUL,0137-08-14,0138-08-14,23312.21,f,13,Jinete experimentado 
2005,Vaella Velaryon ,Velaryon, Lady,0109-11-16, Frostfang ,0092-01-01,BLANCO Y AZUL,0133-11-16,0153-11-16,827.41,f,19,Jinete experimentado 
2006, Vaella Velaryon,velaryon, Lady,0109-11-16,FROSTFANG,0092-01-01,Blanco y azul ,0140-11-16,0154-11-16,24348.38,f,12,Jinete experimentado 
2007, Laenor Velaryon ,VELARYON,SER,0092-01-01, Frostfang,0092-01-01,Blanco y azul,0128-01-01,0139-01-01,19916.32,f,7,Participó en una batalla importante
2008,Marilda Velaryon ,velaryon,LADY,0087-09-27, Frostfang,0092-01-01,Blanco y azul,0124-09-27,0111-09-27,38990.41,f,11,Participó en defensa del reino 
2009, Corwyn Velaryon , Velaryon ,Ser ,0096-08-14, Frostfang,0092-01-01,BLANCO Y AZUL,0132-08-14,0129-08-14,39434.36,f,18,Registro histórico 
2010,Monterys Velaryon ,velaryon, Lord,0108-03-19, Frostfang ,0092-01-01,Blanco y azul ,0143-03-19,0147-03-19,3250.42,f,12,Participó en una batalla importante 
2011,Aethan Velaryon ,velaryon,Ser ,0099-07-22,Frostfang ,0092-01-01,Blanco y azul ,0124-07-22,0141-07-22,62370.24,f,6,PARTICIPÓ EN UNA BATALLA IMPORTANTE
2012,Monterys Velaryon , Velaryon ,lord,0108-03-19,Frostfang,0092-01-01,Blanco y azul ,0129-03-19,0136-03-19,40345.59,f,1, Participó en defensa del reino
2013, Vaella Velaryon , Velaryon ,LADY,0109-11-16,Frostfang ,0092-01-01,Blanco y azul ,0140-11-16,0156-11-16,61367.41,f,0, Participó en una batalla importante
2014,Alyn Velaryon , Velaryon ,ser,0100-01-01, Frostfang ,0092-01-01,Blanco y azul ,0127-01-01,0128-01-01,15149.57,f,14, Registro histórico
2015,Corlys Velaryon ,velaryon,Lord de las Mareas ,0070-01-01, Frostfang ,0092-01-01,Blanco y azul ,0110-01-01,0113-01-01,21354.64,f,17, Mantuvo vínculos con otras casas 
2016, Jorah Velaryon, Velaryon , Lord,0098-06-11,Frostfang ,0092-01-01, Blanco y azul,0135-06-11,0132-06-11,80016.11,f,3, Registro histórico
2017, Rhaella Velaryon,VELARYON,lady,0104-12-02, Frostfang,0092-01-01,Blanco y azul,0142-12-02,0149-12-02,26611.51,f,12,Jinete experimentado 
2018,Rhaella Velaryon , Velaryon ,lady,0104-12-02, Frostfang ,0092-01-01,BLANCO Y AZUL,0122-12-02,0147-12-02,37566.70,f,11, Mantuvo vínculos con otras casas 
2019,Laenor Velaryon, Velaryon ,ser,0092-01-01,Frostfang ,0092-01-01,Blanco y azul ,0128-01-01,0115-01-01,14826.75,f,7, Viaje diplomático 
2020,Elaena Velaryon,VELARYON,lady,0105-02-08, Frostfang,0092-01-01,Blanco y azul ,0127-02-08,0135-02-08,8455.64,f,0,Registro histórico 
2021, Marilda Velaryon ,velaryon,LADY,0087-09-27,Frostfang ,0092-01-01, Blanco y azul,0128-09-27,0124-09-27,26786.05,f,10, Herido durante una expedición 
2022, Vaella Velaryon,Velaryon,Lady ,0109-11-16,Frostfang ,0092-01-01,BLANCO Y AZUL,0127-11-16,0141-11-16,13589.84,f,12,
2023, Monterys Velaryon,VELARYON,lord,0108-03-19,FROSTFANG,0092-01-01, Blanco y azul,0143-03-19,0142-03-19,33830.55,f,14, Viaje diplomático 
2024, Corwyn Velaryon ,Velaryon,ser,0096-08-14, Frostfang,0092-01-01,Blanco y azul ,0116-08-14,0134-08-14,39090.95,f,14, Entrenamiento militar
2025,Aethan Velaryon , Velaryon , Ser,0099-07-22,Frostfang ,0092-01-01,BLANCO Y AZUL,0120-07-22,0122-07-22,77116.60,f,5, Entrenamiento militar 
2026,Marilda Velaryon ,velaryon,Lady ,0087-09-27,FROSTFANG,0092-01-01,Blanco y azul ,0107-09-27,0111-09-27,54362.52,f,3,Viaje diplomático 
2027, Monterys Velaryon , Velaryon , Lord,0108-03-19,FROSTFANG,0092-01-01,Blanco y azul ,0150-03-19,0145-03-19,69769.94,f,12,Jinete experimentado 
2028, Jorah Velaryon,velaryon, Lord,0098-06-11, Frostfang ,0092-01-01,Blanco y azul ,0130-06-11,0121-06-11,62573.32,f,8,Mantuvo vínculos con otras casas 
2029,Laenor Velaryon , Velaryon ,ser,0092-01-01, Frostfang,0092-01-01, Blanco y azul,0119-01-01,0132-01-01,43759.04,f,3, Jinete experimentado
2030, Alyn Velaryon,Velaryon,Ser ,0100-01-01,Frostfang ,0092-01-01,Blanco y azul,0122-01-01,0132-01-01,84880.78,f,17, Registro pendiente de revisión 
2031, Addam Velaryon,Velaryon,SER,0101-01-01,Frostfang ,0092-01-01,Blanco y azul ,0129-01-01,0139-01-01,26315.85,f,10, Participó en defensa del reino
2032,Corwyn Velaryon ,Velaryon,SER,0096-08-14, Frostfang ,0092-01-01,Blanco y azul,0116-08-14,0142-08-14,79493.79,f,2,HERIDO DURANTE UNA EXPEDICIÓN
2033, Laena Velaryon,velaryon,Lady ,0093-01-01,Frostfang,0092-01-01,BLANCO Y AZUL,0129-01-01,0116-01-01,28282.68,f,1, Registro histórico 
2034, Aethan Velaryon ,VELARYON,ser,0099-07-22,Frostfang ,0092-01-01, Blanco y azul,0119-07-22,0143-07-22,31358.13,f,16, Participó en una batalla importante
2035,Corlys Velaryon , Velaryon ,lord de las mareas,0070-01-01, Frostfang,0092-01-01,Blanco y azul ,0106-01-01,0104-01-01,10226.80,f,8, Mantuvo vínculos con otras casas 
2036,Aethan Velaryon ,velaryon,SER,0099-07-22,Frostfang ,0092-01-01, Blanco y azul,0135-07-22,0140-07-22,59824.24,f,4,Mantuvo vínculos con otras casas 
2037,Laena Velaryon,Velaryon,LADY,0093-01-01,FROSTFANG,0092-01-01,Blanco y azul,0125-01-01,0126-01-01,33615.24,f,8, Participó en una batalla importante 
2038,Alyn Velaryon, Velaryon ,Ser ,0100-01-01, Frostfang ,0092-01-01,BLANCO Y AZUL,0119-01-01,0135-01-01,21820.29,f,3,Jinete experimentado
2039,Monterys Velaryon,velaryon,Lord ,0108-03-19, Frostfang ,0092-01-01,Blanco y azul ,0144-03-19,0143-03-19,19255.94,f,2,Registro pendiente de revisión
2040,Vaella Velaryon, Velaryon ,lady,0109-11-16,Frostfang ,0092-01-01,Blanco y azul ,0148-11-16,0151-11-16,7534.13,f,1, Participó en una batalla importante 
2041, Elaena Velaryon,Velaryon,LADY,0105-02-08,Frostfang ,0092-01-01,BLANCO Y AZUL,0127-02-08,0151-02-08,60089.28,f,3,Viaje diplomático 
2042,Rhaella Velaryon , Velaryon , Lady,0104-12-02, Frostfang ,0092-01-01, Blanco y azul,0131-12-02,0134-12-02,89771.70,f,1, Viaje diplomático 
2043, Laena Velaryon ,Velaryon,lady,0093-01-01,FROSTFANG,0092-01-01, Blanco y azul,0120-01-01,0128-01-01,87586.27,f,1,Participó en defensa del reino 
2044, Addam Velaryon,Velaryon, Ser,0101-01-01,Frostfang ,0092-01-01,Blanco y azul ,0126-01-01,0145-01-01,82352.55,f,19, Registro histórico 
2045, Jorah Velaryon, Velaryon , Lord,0098-06-11,Frostfang,0092-01-01,BLANCO Y AZUL,0139-06-11,0125-06-11,49172.43,f,8,Mantuvo vínculos con otras casas 
2046, Alyn Velaryon,VELARYON, Ser,0100-01-01, Frostfang,0092-01-01,BLANCO Y AZUL,0123-01-01,0147-01-01,34598.95,f,13,Registro histórico 
2047,Corlys Velaryon,velaryon,lord de las mareas,0070-01-01,Frostfang,0092-01-01,Blanco y azul ,0106-01-01,0112-01-01,55935.65,f,19,
2048,Lucan Velaryon,Velaryon,ser,0107-05-04, Frostfang,0092-01-01, Blanco y azul,0132-05-04,0145-05-04,24484.33,f,10, Herido durante una expedición 
2049,Aethan Velaryon ,velaryon,ser,0099-07-22, Frostfang,0092-01-01,Blanco y azul ,0132-07-22,0128-07-22,24896.64,f,2,Jinete experimentado 
2050,Corwyn Velaryon,velaryon, Ser,0096-08-14,FROSTFANG,0092-01-01,Blanco y azul ,0128-08-14,0140-08-14,8650.11,f,5,
2051, Corwyn Velaryon,Velaryon,ser,0096-08-14, Frostfang,0092-01-01,BLANCO Y AZUL,0121-08-14,0122-08-14,81662.36,f,8, Viaje diplomático
2052, Marilda Velaryon,Velaryon,lady,0087-09-27, Frostfang ,0092-01-01, Blanco y azul,0119-09-27,0115-09-27,18345.30,f,1, Participó en defensa del reino 
2053, Lucan Velaryon,Velaryon,ser,0107-05-04,Frostfang,0092-01-01,Blanco y azul ,0135-05-04,0147-05-04,10994.05,f,11, Registro histórico 
2054, Jorah Velaryon, Velaryon ,Lord ,0098-06-11, Frostfang ,0092-01-01,Blanco y azul,0133-06-11,0129-06-11,49558.93,f,2, Jinete experimentado
2055, Laena Velaryon, Velaryon ,lady,0093-01-01,Frostfang ,0092-01-01, Blanco y azul,0127-01-01,0134-01-01,31307.79,f,6, Participó en defensa del reino 
2056, Marilda Velaryon,velaryon,lady,0087-09-27,Frostfang,0092-01-01,BLANCO Y AZUL,0116-09-27,0124-09-27,63728.88,f,17,Entrenamiento militar 
2057,Laenor Velaryon ,Velaryon, Ser,0092-01-01, Frostfang ,0092-01-01,Blanco y azul ,0123-01-01,0129-01-01,58102.41,f,6, Registro pendiente de revisión
2058,Addam Velaryon ,Velaryon,ser,0101-01-01,Frostfang,0092-01-01,BLANCO Y AZUL,0143-01-01,0132-01-01,30349.52,f,3,Jinete experimentado
2059, Laena Velaryon ,Velaryon,Lady ,0093-01-01, Frostfang ,0092-01-01, Blanco y azul,0113-01-01,0119-01-01,82766.32,f,10,Herido durante una expedición 
2060, Elaena Velaryon ,VELARYON, Lady,0105-02-08,FROSTFANG,0092-01-01,Blanco y azul,0145-02-08,0149-02-08,82203.44,f,19,MANTUVO VÍNCULOS CON OTRAS CASAS
2061, Laenor Velaryon ,velaryon,Ser ,0092-01-01,Frostfang ,0092-01-01, Blanco y azul,0126-01-01,0130-01-01,78576.43,f,10,PARTICIPÓ EN UNA BATALLA IMPORTANTE
2062, Addam Velaryon ,velaryon, Ser,0101-01-01, Frostfang,0092-01-01,BLANCO Y AZUL,0133-01-01,0125-01-01,5219.20,f,2,Herido durante una expedición
2063, Addam Velaryon,VELARYON,ser,0101-01-01,Frostfang ,0092-01-01,Blanco y azul,0128-01-01,0147-01-01,51129.76,f,12,Herido durante una expedición
2064,Addam Velaryon ,velaryon, Ser,0101-01-01, Frostfang ,0092-01-01,Blanco y azul ,0127-01-01,0141-01-01,27266.70,f,19, Registro pendiente de revisión 
2065, Laena Velaryon , Velaryon , Lady,0093-01-01, Frostfang ,0092-01-01,BLANCO Y AZUL,0128-01-01,0128-01-01,61989.46,f,17,REGISTRO PENDIENTE DE REVISIÓN
2066,Elaena Velaryon ,Velaryon,lady,0105-02-08,Frostfang,0092-01-01,Blanco y azul ,0144-02-08,0139-02-08,2016.14,f,3,Participó en una batalla importante 
2067, Laena Velaryon,VELARYON,LADY,0093-01-01,Frostfang,0092-01-01,Blanco y azul ,0112-01-01,0121-01-01,5903.77,f,10,Herido durante una expedición 
2068,Alyn Velaryon,VELARYON,Ser ,0100-01-01, Frostfang,0092-01-01,BLANCO Y AZUL,0118-01-01,0143-01-01,11018.48,f,8,MANTUVO VÍNCULOS CON OTRAS CASAS
2069,Vaemond Velaryon, Velaryon ,ser,0085-01-01, Frostfang,0092-01-01,Blanco y azul,0116-01-01,0131-01-01,70897.44,f,11, Participó en defensa del reino
2070, Jorah Velaryon,VELARYON,lord,0098-06-11, Frostfang ,0092-01-01, Blanco y azul,0119-06-11,0131-06-11,16181.09,f,18, Mantuvo vínculos con otras casas 
2071,Vaemond Velaryon ,Velaryon, Ser,0085-01-01, Frostfang,0092-01-01, Blanco y azul,0106-01-01,0121-01-01,66926.28,f,10, Participó en una batalla importante 
2072,Corwyn Velaryon ,velaryon, Ser,0096-08-14,Frostfang ,0092-01-01,BLANCO Y AZUL,0138-08-14,0125-08-14,73123.33,f,0, Registro pendiente de revisión
2073, Marilda Velaryon ,VELARYON,lady,0087-09-27, Frostfang ,0092-01-01,Blanco y azul ,0128-09-27,0128-09-27,65338.14,f,18,Viaje diplomático 
2074,Alyn Velaryon , Velaryon ,Ser ,0100-01-01,Frostfang ,0092-01-01, Blanco y azul,0125-01-01,0123-01-01,27676.86,f,2,MANTUVO VÍNCULOS CON OTRAS CASAS
2075,Aethan Velaryon , Velaryon ,ser,0099-07-22,Frostfang ,0092-01-01, Blanco y azul,0132-07-22,0134-07-22,56244.60,f,4, Mantuvo vínculos con otras casas
2076,Marilda Velaryon,Velaryon,lady,0087-09-27, Frostfang ,0092-01-01,Blanco y azul ,0109-09-27,0120-09-27,65224.43,f,6,Participó en una batalla importante 
2077, Laena Velaryon,Velaryon,Lady,0093-01-01,Frostfang ,0092-01-01, Blanco y azul,0117-01-01,0135-01-01,23157.48,f,19,Mantuvo vínculos con otras casas 
2078,Vaemond Velaryon ,Velaryon,Ser ,0085-01-01, Frostfang,0092-01-01, Blanco y azul,0122-01-01,0116-01-01,39052.75,f,6,Jinete experimentado 
2079, Vaemond Velaryon , Velaryon ,SER,0085-01-01, Frostfang,0092-01-01,Blanco y azul ,0126-01-01,0122-01-01,64608.64,f,16,Registro histórico 
2080, Corlys Velaryon ,Velaryon, Lord de las Mareas,0070-01-01,FROSTFANG,0092-01-01, Blanco y azul,0101-01-01,0109-01-01,40592.85,f,5, Participó en una batalla importante 
2081,Laenor Velaryon,velaryon,ser,0092-01-01, Frostfang,0092-01-01,BLANCO Y AZUL,0110-01-01,0127-01-01,15433.09,f,11, Entrenamiento militar 
2082,Alyn Velaryon,velaryon,Ser ,0100-01-01,FROSTFANG,0092-01-01,Blanco y azul ,0125-01-01,0131-01-01,88098.66,f,9, Registro pendiente de revisión 
2083, Rhaella Velaryon ,VELARYON,lady,0104-12-02, Frostfang ,0092-01-01,Blanco y azul,0131-12-02,0139-12-02,42439.82,f,0,PARTICIPÓ EN DEFENSA DEL REINO
2084, Corwyn Velaryon , Velaryon ,ser,0096-08-14,Frostfang ,0092-01-01, Blanco y azul,0123-08-14,0120-08-14,40713.76,f,17, Registro pendiente de revisión 
2085,Elaena Velaryon , Velaryon ,Lady ,0105-02-08,FROSTFANG,0092-01-01,Blanco y azul,0125-02-08,0128-02-08,47613.92,f,9,Registro pendiente de revisión 
2086,Laena Velaryon ,velaryon, Lady,0093-01-01, Frostfang,0092-01-01,BLANCO Y AZUL,0120-01-01,0131-01-01,53113.85,f,5,
2087,Aethan Velaryon,velaryon,SER,0099-07-22, Frostfang ,0092-01-01,BLANCO Y AZUL,0124-07-22,0134-07-22,27849.17,f,8,Jinete experimentado 
2088,Vaemond Velaryon ,velaryon,ser,0085-01-01, Frostfang ,0092-01-01,Blanco y azul,0109-01-01,0110-01-01,52302.39,f,17, Mantuvo vínculos con otras casas
2089, Addam Velaryon,Velaryon,ser,0101-01-01,FROSTFANG,0092-01-01, Blanco y azul,0122-01-01,0129-01-01,26887.87,f,3, Registro histórico
2090, Vaemond Velaryon ,velaryon,Ser ,0085-01-01,Frostfang ,0092-01-01,BLANCO Y AZUL,0104-01-01,0130-01-01,70316.19,f,14, Registro histórico 
2091, Monterys Velaryon, Velaryon , Lord,0108-03-19,Frostfang ,0092-01-01,Blanco y azul ,0134-03-19,0134-03-19,11632.34,f,1, Viaje diplomático 
2092,Elaena Velaryon ,velaryon,LADY,0105-02-08,Frostfang ,0092-01-01,Blanco y azul ,0124-02-08,0137-02-08,49437.14,f,11,HERIDO DURANTE UNA EXPEDICIÓN
2093,Monterys Velaryon , Velaryon ,LORD,0108-03-19, Frostfang,0092-01-01,Blanco y azul ,0141-03-19,0135-03-19,26339.09,f,17,
2094, Laenor Velaryon ,VELARYON,ser,0092-01-01,Frostfang ,0092-01-01,BLANCO Y AZUL,0132-01-01,0118-01-01,30781.66,f,1,Mantuvo vínculos con otras casas 
2095,Lucan Velaryon ,Velaryon, Ser,0107-05-04, Frostfang,0092-01-01, Blanco y azul,0134-05-04,0138-05-04,22431.52,f,11,MANTUVO VÍNCULOS CON OTRAS CASAS
2096, Alyn Velaryon,velaryon, Ser,0100-01-01,Frostfang,0092-01-01, Blanco y azul,0136-01-01,0123-01-01,24740.67,f,14, Jinete experimentado
2097, Alyn Velaryon ,VELARYON,ser,0100-01-01,Frostfang,0092-01-01,BLANCO Y AZUL,0137-01-01,0141-01-01,46995.65,f,10, Viaje diplomático
2098, Vaella Velaryon,Velaryon,lady,0109-11-16,Frostfang ,0092-01-01, Blanco y azul,0135-11-16,0154-11-16,60433.99,f,3,Registro histórico 
2099,Lucan Velaryon ,velaryon,ser,0107-05-04,Frostfang ,0092-01-01,Blanco y azul ,0141-05-04,0134-05-04,28537.53,f,18, Participó en defensa del reino 
2100, Alyn Velaryon,Velaryon, Ser,0100-01-01,Frostfang ,0092-01-01,Blanco y azul ,0124-01-01,0133-01-01,80026.97,f,11, Registro pendiente de revisión 
2101, Laenor Velaryon,VELARYON,SER,0092-01-01,Frostfang ,0092-01-01, Blanco y azul,0114-01-01,0138-01-01,631.67,f,3, Participó en una batalla importante
2102,Alyn Velaryon ,velaryon,ser,0100-01-01, Frostfang ,0092-01-01,Blanco y azul,0125-01-01,0142-01-01,4042.10,f,16,
2103,Laena Velaryon, Velaryon ,LADY,0093-01-01, Frostfang ,0092-01-01,Blanco y azul ,0133-01-01,0127-01-01,39691.83,f,11,Entrenamiento militar 
2104, Alyn Velaryon,Velaryon, Ser,0100-01-01, Frostfang ,0092-01-01,Blanco y azul ,0118-01-01,0142-01-01,34640.26,f,3, Participó en una batalla importante 
2105, Corwyn Velaryon,Velaryon,ser,0096-08-14,Frostfang ,0092-01-01,Blanco y azul ,0132-08-14,0136-08-14,61668.93,f,15,Registro pendiente de revisión 
2106,Laena Velaryon ,Velaryon, Lady,0093-01-01,Frostfang ,0092-01-01,Blanco y azul ,0111-01-01,0139-01-01,86188.99,f,13,Mantuvo vínculos con otras casas 
2107,Marilda Velaryon ,Velaryon,lady,0087-09-27,Frostfang ,0092-01-01,Blanco y azul ,0124-09-27,0112-09-27,15475.66,f,4,Registro histórico 
2108, Laena Velaryon ,Velaryon,lady,0093-01-01,FROSTFANG,0092-01-01,Blanco y azul ,0111-01-01,0138-01-01,41561.55,f,8, Participó en una batalla importante 
2109,Lucan Velaryon ,velaryon,ser,0107-05-04, Frostfang ,0092-01-01,Blanco y azul,0126-05-04,0140-05-04,83375.14,f,13, Registro pendiente de revisión 
2110, Laenor Velaryon , Velaryon ,Ser ,0092-01-01,Frostfang ,0092-01-01,Blanco y azul ,0134-01-01,0132-01-01,57865.42,f,17,Registro pendiente de revisión
2111,Vaella Velaryon ,velaryon,lady,0109-11-16,FROSTFANG,0092-01-01,Blanco y azul ,0132-11-16,0136-11-16,10310.19,f,19, Herido durante una expedición 
2112,Corwyn Velaryon , Velaryon ,ser,0096-08-14,FROSTFANG,0092-01-01,Blanco y azul,0116-08-14,0141-08-14,38133.26,f,5,ENTRENAMIENTO MILITAR
2113, Laena Velaryon, Velaryon , Lady,0093-01-01,FROSTFANG,0092-01-01, Blanco y azul,0123-01-01,0129-01-01,61421.47,f,18,Registro pendiente de revisión
2114, Elaena Velaryon, Velaryon , Lady,0105-02-08, Frostfang ,0092-01-01,Blanco y azul ,0126-02-08,0152-02-08,86481.79,f,12,Mantuvo vínculos con otras casas 
2115,Jorah Velaryon ,Velaryon,Lord ,0098-06-11,FROSTFANG,0092-01-01, Blanco y azul,0125-06-11,0123-06-11,77321.65,f,10, Mantuvo vínculos con otras casas 
2116,Elaena Velaryon,velaryon, Lady,0105-02-08,FROSTFANG,0092-01-01,BLANCO Y AZUL,0135-02-08,0130-02-08,37251.66,f,5, Jinete experimentado 
2117,Laenor Velaryon,velaryon,Ser ,0092-01-01,Frostfang ,0092-01-01,BLANCO Y AZUL,0131-01-01,0123-01-01,10619.41,f,6,Participó en una batalla importante 
2118, Laenor Velaryon ,VELARYON,Ser ,0092-01-01,Frostfang ,0092-01-01,BLANCO Y AZUL,0120-01-01,0123-01-01,22131.92,f,8,
2119, Laenor Velaryon,velaryon, Ser,0092-01-01, Frostfang,0092-01-01,BLANCO Y AZUL,0125-01-01,0119-01-01,15758.47,f,9,MANTUVO VÍNCULOS CON OTRAS CASAS
2120,Jorah Velaryon ,Velaryon,LORD,0098-06-11,Frostfang ,0092-01-01,Blanco y azul ,0130-06-11,0128-06-11,89665.89,f,18, Participó en una batalla importante
2121,Alyn Velaryon,Velaryon, Ser,0100-01-01,Frostfang ,0092-01-01,Blanco y azul,0127-01-01,0124-01-01,72416.76,f,15, Entrenamiento militar
2122,Lucan Velaryon ,Velaryon,SER,0107-05-04, Frostfang,0092-01-01,Blanco y azul,0128-05-04,0147-05-04,1580.71,f,2,Entrenamiento militar 
2123,Vaella Velaryon , Velaryon ,lady,0109-11-16,Frostfang ,0092-01-01, Blanco y azul,0151-11-16,0144-11-16,48970.32,f,18,Jinete experimentado 
2124,Laenor Velaryon,velaryon,Ser ,0092-01-01,FROSTFANG,0092-01-01,Blanco y azul,0118-01-01,0120-01-01,64974.51,f,12,MANTUVO VÍNCULOS CON OTRAS CASAS
2125, Rhaella Velaryon ,Velaryon,LADY,0104-12-02,Frostfang ,0092-01-01,Blanco y azul ,0142-12-02,0130-12-02,60062.33,f,0,REGISTRO PENDIENTE DE REVISIÓN
2126,Lucan Velaryon,VELARYON,ser,0107-05-04, Frostfang ,0092-01-01,BLANCO Y AZUL,0134-05-04,0138-05-04,47690.68,f,0,Herido durante una expedición 
2127,Corlys Velaryon , Velaryon ,LORD DE LAS MAREAS,0070-01-01,Frostfang ,0092-01-01,Blanco y azul,0112-01-01,0102-01-01,31571.68,f,11,REGISTRO PENDIENTE DE REVISIÓN
2128, Marilda Velaryon,Velaryon, Lady,0087-09-27,Frostfang ,0092-01-01,Blanco y azul,0119-09-27,0116-09-27,31466.88,f,9,Herido durante una expedición 
2129,Laenor Velaryon ,VELARYON,ser,0092-01-01,FROSTFANG,0092-01-01,Blanco y azul ,0132-01-01,0115-01-01,65739.92,f,0, Participó en una batalla importante 
2130,Laena Velaryon,velaryon,lady,0093-01-01, Frostfang ,0092-01-01,BLANCO Y AZUL,0123-01-01,0132-01-01,80608.27,f,18,Mantuvo vínculos con otras casas 
2131,Lucan Velaryon , Velaryon ,Ser ,0107-05-04,FROSTFANG,0092-01-01, Blanco y azul,0128-05-04,0152-05-04,27511.95,f,1, Jinete experimentado
2132,Vaella Velaryon,Velaryon, Lady,0109-11-16,Frostfang ,0092-01-01,BLANCO Y AZUL,0151-11-16,0150-11-16,16275.28,f,15,REGISTRO HISTÓRICO
2133,Vaella Velaryon ,Velaryon,Lady ,0109-11-16, Frostfang ,0092-01-01,Blanco y azul ,0139-11-16,0133-11-16,43364.46,f,1, Entrenamiento militar 
2134,Corlys Velaryon,VELARYON,lord de las mareas,0070-01-01, Frostfang,0092-01-01,BLANCO Y AZUL,0096-01-01,0101-01-01,32176.21,f,2,Registro pendiente de revisión 
2135, Lucan Velaryon , Velaryon ,SER,0107-05-04,FROSTFANG,0092-01-01,Blanco y azul ,0128-05-04,0150-05-04,30722.17,f,0,Participó en una batalla importante
2136,Aethan Velaryon,Velaryon, Ser,0099-07-22,FROSTFANG,0092-01-01,Blanco y azul,0135-07-22,0132-07-22,19323.97,f,5,
2137,Corlys Velaryon,Velaryon, Lord de las Mareas,0070-01-01,Frostfang,0092-01-01, Blanco y azul,0088-01-01,0102-01-01,60052.50,f,0,Viaje diplomático
2138, Vaemond Velaryon,velaryon,Ser ,0085-01-01,Frostfang ,0092-01-01,Blanco y azul ,0126-01-01,0123-01-01,3752.54,f,17, Registro histórico 
2139,Alyn Velaryon ,Velaryon,SER,0100-01-01,Frostfang ,0092-01-01, Blanco y azul,0133-01-01,0147-01-01,31741.87,f,13, Entrenamiento militar 
2140, Marilda Velaryon ,Velaryon, Lady,0087-09-27, Frostfang ,0092-01-01,BLANCO Y AZUL,0110-09-27,0110-09-27,59883.14,f,7, Herido durante una expedición
2141,Laena Velaryon ,velaryon,lady,0093-01-01, Frostfang ,0092-01-01,Blanco y azul,0129-01-01,0134-01-01,6876.75,f,11,
2142,Corwyn Velaryon ,velaryon,ser,0096-08-14, Frostfang,0092-01-01,Blanco y azul,0137-08-14,0127-08-14,52977.94,f,9,Viaje diplomático
2143, Marilda Velaryon , Velaryon ,Lady ,0087-09-27,FROSTFANG,0092-01-01, Blanco y azul,0125-09-27,0110-09-27,77464.82,f,12, Entrenamiento militar 
2144, Vaemond Velaryon ,VELARYON,Ser ,0085-01-01,FROSTFANG,0092-01-01,Blanco y azul,0126-01-01,0111-01-01,24948.01,f,18,Herido durante una expedición 
2145, Corwyn Velaryon , Velaryon ,ser,0096-08-14,Frostfang,0092-01-01, Blanco y azul,0138-08-14,0122-08-14,46209.47,f,18,
2146, Rhaella Velaryon ,Velaryon,lady,0104-12-02,Frostfang ,0092-01-01,Blanco y azul,0140-12-02,0146-12-02,9555.69,f,9, Registro histórico
2147, Corwyn Velaryon ,Velaryon,ser,0096-08-14, Frostfang ,0092-01-01,Blanco y azul,0116-08-14,0134-08-14,87573.02,f,15,
2148,Aethan Velaryon , Velaryon ,SER,0099-07-22,Frostfang ,0092-01-01,Blanco y azul ,0124-07-22,0130-07-22,7615.54,f,7,Participó en una batalla importante 
2149, Elaena Velaryon ,velaryon,lady,0105-02-08, Frostfang ,0092-01-01,Blanco y azul ,0128-02-08,0146-02-08,47963.74,f,19, Viaje diplomático
2150,Alyn Velaryon,velaryon,SER,0100-01-01,Frostfang ,0092-01-01, Blanco y azul,0120-01-01,0125-01-01,61489.36,f,10, Herido durante una expedición
2151,Rhaella Velaryon ,Velaryon,Lady ,0104-12-02,FROSTFANG,0092-01-01, Blanco y azul,0146-12-02,0145-12-02,25680.76,f,6, Entrenamiento militar 
2152,Addam Velaryon ,Velaryon,Ser ,0101-01-01, Frostfang ,0092-01-01, Blanco y azul,0125-01-01,0130-01-01,5107.74,f,6, Entrenamiento militar
2153, Vaella Velaryon, Velaryon , Lady,0109-11-16,FROSTFANG,0092-01-01,Blanco y azul ,0137-11-16,0138-11-16,70500.99,f,10,Registro pendiente de revisión 
2154, Laena Velaryon,velaryon, Lady,0093-01-01, Frostfang,0092-01-01,Blanco y azul ,0135-01-01,0119-01-01,68364.71,f,8,Entrenamiento militar 
2155,Rhaella Velaryon , Velaryon ,LADY,0104-12-02,FROSTFANG,0092-01-01, Blanco y azul,0140-12-02,0129-12-02,15613.20,f,17,Entrenamiento militar 
2156,Laena Velaryon,velaryon, Lady,0093-01-01,Frostfang ,0092-01-01, Blanco y azul,0124-01-01,0139-01-01,72150.82,f,13,Participó en defensa del reino 
2157, Vaemond Velaryon,velaryon,ser,0085-01-01, Frostfang,0092-01-01,Blanco y azul ,0112-01-01,0117-01-01,83802.72,f,14,Participó en defensa del reino
2158,Lucan Velaryon, Velaryon ,ser,0107-05-04, Frostfang ,0092-01-01, Blanco y azul,0136-05-04,0133-05-04,74566.01,f,1, Mantuvo vínculos con otras casas 
2159,Monterys Velaryon ,Velaryon,LORD,0108-03-19,Frostfang ,0092-01-01,Blanco y azul ,0128-03-19,0152-03-19,44811.34,f,16,JINETE EXPERIMENTADO
2160,Alyn Velaryon,Velaryon, Ser,0100-01-01,Frostfang ,0092-01-01,Blanco y azul ,0123-01-01,0126-01-01,69189.32,f,13,Herido durante una expedición 
2161,Corwyn Velaryon , Velaryon , Ser,0096-08-14, Frostfang ,0092-01-01,Blanco y azul ,0114-08-14,0123-08-14,81691.13,f,3,Participó en defensa del reino 
2162, Aethan Velaryon,Velaryon,SER,0099-07-22, Frostfang ,0092-01-01,BLANCO Y AZUL,0121-07-22,0136-07-22,53462.42,f,4,Entrenamiento militar 
2163,Alyn Velaryon ,Velaryon,ser,0100-01-01,Frostfang ,0092-01-01,BLANCO Y AZUL,0126-01-01,0134-01-01,30566.66,f,8, Registro histórico 
2164, Laenor Velaryon ,velaryon,SER,0092-01-01, Frostfang,0092-01-01, Blanco y azul,0111-01-01,0135-01-01,86155.10,f,6,JINETE EXPERIMENTADO
2165,Marilda Velaryon ,Velaryon,LADY,0087-09-27,FROSTFANG,0092-01-01,BLANCO Y AZUL,0114-09-27,0113-09-27,81309.06,f,15,Registro pendiente de revisión 
2166, Rhaella Velaryon,Velaryon,LADY,0104-12-02,FROSTFANG,0092-01-01, Blanco y azul,0123-12-02,0144-12-02,19899.52,f,6, Registro histórico 
2167, Rhaella Velaryon,Velaryon,lady,0104-12-02, Frostfang ,0092-01-01, Blanco y azul,0142-12-02,0130-12-02,20966.69,f,8,Participó en defensa del reino 
2168, Elaena Velaryon , Velaryon ,lady,0105-02-08,FROSTFANG,0092-01-01,BLANCO Y AZUL,0146-02-08,0139-02-08,37931.88,f,18, Mantuvo vínculos con otras casas 
2169,Monterys Velaryon ,Velaryon, Lord,0108-03-19, Frostfang ,0092-01-01, Blanco y azul,0138-03-19,0142-03-19,65765.69,f,6,Viaje diplomático 
2170, Aethan Velaryon , Velaryon ,SER,0099-07-22,Frostfang ,0092-01-01,Blanco y azul ,0129-07-22,0140-07-22,25315.01,f,8, Herido durante una expedición 
2171,Laena Velaryon ,VELARYON,lady,0093-01-01,Frostfang ,0092-01-01,Blanco y azul ,0126-01-01,0134-01-01,73773.42,f,3, Participó en una batalla importante 
2172,Jorah Velaryon,Velaryon,lord,0098-06-11, Frostfang ,0092-01-01, Blanco y azul,0120-06-11,0121-06-11,46827.95,f,4, Registro histórico
2173,Aethan Velaryon ,VELARYON,SER,0099-07-22,Frostfang,0092-01-01, Blanco y azul,0117-07-22,0139-07-22,13657.88,f,11, Herido durante una expedición 
2174,Vaella Velaryon ,Velaryon,lady,0109-11-16,Frostfang ,0092-01-01, Blanco y azul,0134-11-16,0154-11-16,25663.35,f,11,Jinete experimentado 
2175,Laena Velaryon,velaryon,lady,0093-01-01, Frostfang ,0092-01-01,Blanco y azul ,0127-01-01,0132-01-01,66888.28,f,14,
2176, Aethan Velaryon, Velaryon ,SER,0099-07-22, Frostfang ,0092-01-01,Blanco y azul ,0129-07-22,0146-07-22,75483.83,f,18,Viaje diplomático 
2177, Rhaella Velaryon,Velaryon, Lady,0104-12-02,Frostfang ,0092-01-01,Blanco y azul ,0136-12-02,0135-12-02,7114.12,f,14, Herido durante una expedición 
2178, Vaella Velaryon ,velaryon, Lady,0109-11-16, Frostfang,0092-01-01, Blanco y azul,0140-11-16,0134-11-16,77032.56,f,9, Viaje diplomático
2179, Elaena Velaryon ,Velaryon,Lady ,0105-02-08, Frostfang,0092-01-01, Blanco y azul,0127-02-08,0140-02-08,69035.89,f,16, Participó en defensa del reino
2180, Laenor Velaryon,velaryon, Ser,0092-01-01, Frostfang,0092-01-01,BLANCO Y AZUL,0123-01-01,0124-01-01,4791.53,f,9,
2181,Alyn Velaryon, Velaryon , Ser,0100-01-01, Frostfang ,0092-01-01, Blanco y azul,0134-01-01,0141-01-01,37859.84,f,1,Entrenamiento militar 
2182,Aethan Velaryon ,velaryon,Ser ,0099-07-22,Frostfang ,0092-01-01,BLANCO Y AZUL,0119-07-22,0139-07-22,11921.32,f,8, Entrenamiento militar
2183, Corwyn Velaryon,Velaryon,SER,0096-08-14, Frostfang ,0092-01-01, Blanco y azul,0114-08-14,0139-08-14,74054.22,f,17, Jinete experimentado
2184, Addam Velaryon ,velaryon, Ser,0101-01-01,FROSTFANG,0092-01-01,Blanco y azul ,0143-01-01,0142-01-01,21539.07,f,11,
2185, Vaella Velaryon,velaryon, Lady,0109-11-16, Frostfang,0092-01-01,Blanco y azul ,0134-11-16,0138-11-16,57687.99,f,12, Herido durante una expedición 
2186, Vaemond Velaryon ,velaryon, Ser,0085-01-01, Frostfang ,0092-01-01,Blanco y azul ,0104-01-01,0108-01-01,43308.32,f,19,Entrenamiento militar
2187, Marilda Velaryon , Velaryon , Lady,0087-09-27,Frostfang,0092-01-01, Blanco y azul,0107-09-27,0123-09-27,11044.29,f,6, Jinete experimentado
2188,Jorah Velaryon , Velaryon , Lord,0098-06-11,FROSTFANG,0092-01-01, Blanco y azul,0133-06-11,0134-06-11,76033.33,f,3, Jinete experimentado 
2189, Laenor Velaryon,velaryon,Ser ,0092-01-01, Frostfang ,0092-01-01,Blanco y azul ,0114-01-01,0121-01-01,76120.08,f,7,JINETE EXPERIMENTADO
2190, Corlys Velaryon,Velaryon,lord de las mareas,0070-01-01, Frostfang,0092-01-01,BLANCO Y AZUL,0088-01-01,0093-01-01,76493.30,f,8,MANTUVO VÍNCULOS CON OTRAS CASAS
2191, Monterys Velaryon ,velaryon,Lord ,0108-03-19, Frostfang,0092-01-01, Blanco y azul,0137-03-19,0155-03-19,68397.64,f,12, Registro pendiente de revisión
2192, Vaemond Velaryon ,Velaryon,ser,0085-01-01,FROSTFANG,0092-01-01,Blanco y azul ,0127-01-01,0117-01-01,67962.46,f,11, Registro histórico
2193,Laenor Velaryon ,Velaryon,SER,0092-01-01,FROSTFANG,0092-01-01, Blanco y azul,0115-01-01,0123-01-01,53089.00,f,12,HERIDO DURANTE UNA EXPEDICIÓN
2194, Monterys Velaryon, Velaryon ,Lord ,0108-03-19,Frostfang ,0092-01-01,BLANCO Y AZUL,0147-03-19,0133-03-19,38139.41,f,4, Registro pendiente de revisión 
2195,Lucan Velaryon , Velaryon ,ser,0107-05-04,FROSTFANG,0092-01-01, Blanco y azul,0144-05-04,0139-05-04,84164.60,f,17,Participó en defensa del reino 
2196,Corlys Velaryon,velaryon,lord de las mareas,0070-01-01, Frostfang ,0092-01-01, Blanco y azul,0093-01-01,0104-01-01,84788.23,f,1,Registro histórico 
2197,Rhaella Velaryon , Velaryon , Lady,0104-12-02,FROSTFANG,0092-01-01, Blanco y azul,0128-12-02,0131-12-02,35310.57,f,10,PARTICIPÓ EN DEFENSA DEL REINO
2198,Marilda Velaryon ,Velaryon,Lady ,0087-09-27, Frostfang ,0092-01-01,BLANCO Y AZUL,0114-09-27,0113-09-27,60767.70,f,12,
2199, Vaella Velaryon ,VELARYON,Lady,0109-11-16,FROSTFANG,0092-01-01,BLANCO Y AZUL,0133-11-16,0149-11-16,84434.56,f,3,PARTICIPÓ EN DEFENSA DEL REINO
2200, Rhaella Velaryon , Velaryon ,LADY,0104-12-02,FROSTFANG,0092-01-01,Blanco y azul,0133-12-02,0131-12-02,11792.31,f,9, Entrenamiento militar
2201,Aethan Velaryon,Velaryon,ser,0099-07-22,Frostfang,0092-01-01,BLANCO Y AZUL,0126-07-22,0143-07-22,65127.37,f,11, Registro pendiente de revisión 
2202, Laenor Velaryon , Velaryon ,Ser ,0092-01-01, Frostfang,0092-01-01,Blanco y azul,0131-01-01,0136-01-01,9264.63,f,18,Participó en defensa del reino 
2203, Laena Velaryon,Velaryon,Lady ,0093-01-01, Frostfang,0092-01-01,Blanco y azul ,0125-01-01,0120-01-01,22532.34,f,7,Registro histórico
2204,Alyn Velaryon ,Velaryon,ser,0100-01-01, Frostfang ,0092-01-01,Blanco y azul ,0123-01-01,0132-01-01,44182.59,f,0,Jinete experimentado 
2205, Addam Velaryon, Velaryon ,Ser ,0101-01-01, Frostfang,0092-01-01, Blanco y azul,0132-01-01,0147-01-01,87934.58,f,2,HERIDO DURANTE UNA EXPEDICIÓN
2206,Laena Velaryon, Velaryon , Lady,0093-01-01, Frostfang ,0092-01-01,Blanco y azul ,0123-01-01,0128-01-01,15563.56,f,0,PARTICIPÓ EN DEFENSA DEL REINO
2207, Addam Velaryon, Velaryon ,ser,0101-01-01,Frostfang ,0092-01-01,Blanco y azul ,0134-01-01,0133-01-01,86414.45,f,15, Jinete experimentado
2208, Lucan Velaryon,VELARYON,ser,0107-05-04,FROSTFANG,0092-01-01,BLANCO Y AZUL,0139-05-04,0138-05-04,14648.48,f,10, Participó en una batalla importante
2209, Rhaella Velaryon ,velaryon, Lady,0104-12-02, Frostfang ,0092-01-01,Blanco y azul,0125-12-02,0140-12-02,37914.92,f,10,
2210,Addam Velaryon ,VELARYON,ser,0101-01-01,Frostfang ,0092-01-01,Blanco y azul ,0120-01-01,0133-01-01,15982.40,f,15, Mantuvo vínculos con otras casas 
2211,Elaena Velaryon , Velaryon ,LADY,0105-02-08,Frostfang ,0092-01-01, Blanco y azul,0140-02-08,0131-02-08,74516.06,f,2, Mantuvo vínculos con otras casas 
2212,Corwyn Velaryon,velaryon,ser,0096-08-14,Frostfang ,0092-01-01,Blanco y azul ,0123-08-14,0127-08-14,73043.08,f,13, Viaje diplomático
2213, Monterys Velaryon ,Velaryon,LORD,0108-03-19, Frostfang,0092-01-01,BLANCO Y AZUL,0142-03-19,0146-03-19,65594.99,f,13,REGISTRO HISTÓRICO
2214,Vaemond Velaryon , Velaryon ,ser,0085-01-01, Frostfang,0092-01-01, Blanco y azul,0103-01-01,0128-01-01,81383.00,f,11, Participó en defensa del reino 
2215,Addam Velaryon ,Velaryon, Ser,0101-01-01, Frostfang ,0092-01-01, Blanco y azul,0121-01-01,0132-01-01,56811.26,f,5,MANTUVO VÍNCULOS CON OTRAS CASAS
2216,Laenor Velaryon , Velaryon , Ser,0092-01-01,Frostfang ,0092-01-01,Blanco y azul ,0120-01-01,0126-01-01,46742.46,f,19, Registro pendiente de revisión
2217,Marilda Velaryon , Velaryon ,LADY,0087-09-27, Frostfang,0092-01-01,Blanco y azul,0128-09-27,0132-09-27,45513.75,f,2,
2218,Alyn Velaryon ,VELARYON, Ser,0100-01-01,Frostfang ,0092-01-01,Blanco y azul ,0138-01-01,0139-01-01,52945.10,f,14,
2219,Aethan Velaryon ,VELARYON,ser,0099-07-22,Frostfang ,0092-01-01,Blanco y azul,0130-07-22,0124-07-22,34412.33,f,3,
2220,Rhaella Velaryon ,Velaryon, Lady,0104-12-02, Frostfang ,0092-01-01, Blanco y azul,0130-12-02,0139-12-02,49326.75,f,3, Participó en defensa del reino 
2221,Rhaella Velaryon,velaryon, Lady,0104-12-02,Frostfang ,0092-01-01,Blanco y azul,0128-12-02,0135-12-02,47269.87,f,9,JINETE EXPERIMENTADO
2222, Vaemond Velaryon,velaryon, Ser,0085-01-01,Frostfang ,0092-01-01,Blanco y azul ,0113-01-01,0119-01-01,30692.05,f,1, Jinete experimentado 
2223, Elaena Velaryon , Velaryon ,LADY,0105-02-08, Frostfang,0092-01-01,BLANCO Y AZUL,0144-02-08,0149-02-08,60448.36,f,6,
2224,Rhaella Velaryon,VELARYON,lady,0104-12-02, Frostfang ,0092-01-01, Blanco y azul,0140-12-02,0129-12-02,82926.98,f,17, Viaje diplomático 
2225,Jorah Velaryon ,Velaryon, Lord,0098-06-11, Frostfang,0092-01-01,Blanco y azul ,0118-06-11,0126-06-11,78077.58,f,9, Viaje diplomático
2226,Corwyn Velaryon ,velaryon, Ser,0096-08-14, Frostfang,0092-01-01,Blanco y azul ,0138-08-14,0131-08-14,2573.22,f,16,HERIDO DURANTE UNA EXPEDICIÓN
2227, Rhaella Velaryon ,velaryon,lady,0104-12-02,Frostfang ,0092-01-01,Blanco y azul,0136-12-02,0129-12-02,39836.68,f,4,Mantuvo vínculos con otras casas 
2228, Rhaella Velaryon , Velaryon ,Lady,0104-12-02, Frostfang ,0092-01-01,BLANCO Y AZUL,0125-12-02,0139-12-02,36522.15,f,11,Registro pendiente de revisión 
2229, Vaella Velaryon , Velaryon ,LADY,0109-11-16, Frostfang ,0092-01-01,Blanco y azul,0132-11-16,0150-11-16,34876.28,f,2,HERIDO DURANTE UNA EXPEDICIÓN
2230, Laena Velaryon ,velaryon, Lady,0093-01-01,Frostfang ,0092-01-01,Blanco y azul,0125-01-01,0119-01-01,21760.70,f,12,Herido durante una expedición 
2231,Aethan Velaryon, Velaryon ,ser,0099-07-22,Frostfang ,0092-01-01,BLANCO Y AZUL,0130-07-22,0122-07-22,19680.45,f,16,Mantuvo vínculos con otras casas 
2232,Marilda Velaryon ,Velaryon,LADY,0087-09-27, Frostfang,0092-01-01,Blanco y azul,0112-09-27,0122-09-27,70252.54,f,3, Participó en una batalla importante 
2233,Alyn Velaryon ,Velaryon,ser,0100-01-01, Frostfang,0092-01-01,Blanco y azul ,0125-01-01,0143-01-01,60684.71,f,0,Registro histórico 
2234,Laenor Velaryon ,Velaryon,Ser,0092-01-01,Frostfang ,0092-01-01,BLANCO Y AZUL,0121-01-01,0119-01-01,87281.15,f,13,HERIDO DURANTE UNA EXPEDICIÓN
2235,Rhaella Velaryon ,velaryon,lady,0104-12-02, Frostfang ,0092-01-01,Blanco y azul ,0133-12-02,0132-12-02,78863.73,f,4, Jinete experimentado 
2236, Corlys Velaryon ,velaryon,Lord de las Mareas ,0070-01-01,FROSTFANG,0092-01-01, Blanco y azul,0092-01-01,0110-01-01,6260.32,f,3,JINETE EXPERIMENTADO
2237, Rhaella Velaryon, Velaryon ,LADY,0104-12-02,Frostfang ,0092-01-01, Blanco y azul,0141-12-02,0127-12-02,20749.48,f,8,
2238,Laena Velaryon ,velaryon,LADY,0093-01-01,Frostfang ,0092-01-01,Blanco y azul ,0128-01-01,0131-01-01,73184.71,f,0, Mantuvo vínculos con otras casas
2239, Corwyn Velaryon,velaryon,Ser ,0096-08-14,Frostfang ,0092-01-01,Blanco y azul ,0134-08-14,0122-08-14,4050.48,f,19, Herido durante una expedición 
2240,Marilda Velaryon,velaryon,Lady,0087-09-27, Frostfang ,0092-01-01, Blanco y azul,0123-09-27,0120-09-27,8914.38,f,15,Jinete experimentado 
2241,Jorah Velaryon,VELARYON,LORD,0098-06-11, Frostfang ,0092-01-01,Blanco y azul ,0128-06-11,0142-06-11,8429.37,f,0, Participó en defensa del reino
2242,Rhaella Velaryon ,velaryon,LADY,0104-12-02,Frostfang,0092-01-01,Blanco y azul,0126-12-02,0140-12-02,87095.74,f,18,
2243, Aethan Velaryon,Velaryon,SER,0099-07-22,FROSTFANG,0092-01-01,BLANCO Y AZUL,0128-07-22,0133-07-22,38126.20,f,16,Viaje diplomático 
2244,Elaena Velaryon ,velaryon,LADY,0105-02-08,Frostfang,0092-01-01,Blanco y azul ,0143-02-08,0140-02-08,47435.17,f,19, Participó en defensa del reino
2245, Alyn Velaryon,VELARYON, Ser,0100-01-01,Frostfang ,0092-01-01,Blanco y azul ,0139-01-01,0128-01-01,27401.54,f,15,
2246,Vaemond Velaryon,VELARYON,ser,0085-01-01, Frostfang,0092-01-01, Blanco y azul,0114-01-01,0112-01-01,14500.11,f,10, Mantuvo vínculos con otras casas
2247,Aethan Velaryon ,velaryon,ser,0099-07-22, Frostfang,0092-01-01,BLANCO Y AZUL,0126-07-22,0122-07-22,33403.27,f,10, Viaje diplomático 
2248, Elaena Velaryon ,Velaryon,LADY,0105-02-08, Frostfang,0092-01-01, Blanco y azul,0131-02-08,0129-02-08,40276.09,f,6, Registro pendiente de revisión
2249,Aethan Velaryon, Velaryon , Ser,0099-07-22,Frostfang ,0092-01-01,Blanco y azul ,0117-07-22,0127-07-22,70636.18,f,16,Participó en una batalla importante 
2250,Aethan Velaryon , Velaryon , Ser,0099-07-22, Frostfang ,0092-01-01,BLANCO Y AZUL,0122-07-22,0136-07-22,29214.16,f,8,MANTUVO VÍNCULOS CON OTRAS CASAS
2251, Lucan Velaryon ,velaryon,ser,0107-05-04,FROSTFANG,0092-01-01,Blanco y azul ,0137-05-04,0145-05-04,86003.05,f,11, Viaje diplomático
2252,Marilda Velaryon , Velaryon , Lady,0087-09-27,Frostfang ,0092-01-01, Blanco y azul,0110-09-27,0130-09-27,8635.85,f,18, Entrenamiento militar
2253, Lucan Velaryon , Velaryon ,Ser,0107-05-04,Frostfang ,0092-01-01, Blanco y azul,0140-05-04,0136-05-04,6635.89,f,0, Entrenamiento militar 
2254,Jorah Velaryon ,Velaryon,lord,0098-06-11,Frostfang ,0092-01-01,BLANCO Y AZUL,0128-06-11,0123-06-11,4252.96,f,4,Herido durante una expedición 
2255, Corlys Velaryon ,VELARYON,LORD DE LAS MAREAS,0070-01-01, Frostfang ,0092-01-01, Blanco y azul,0098-01-01,0104-01-01,74537.96,f,4, Mantuvo vínculos con otras casas
2256, Monterys Velaryon ,VELARYON, Lord,0108-03-19, Frostfang ,0092-01-01,BLANCO Y AZUL,0127-03-19,0142-03-19,46639.38,f,11, Entrenamiento militar 
2257,Addam Velaryon ,Velaryon,Ser,0101-01-01, Frostfang ,0092-01-01,BLANCO Y AZUL,0130-01-01,0147-01-01,7566.29,f,7, Registro pendiente de revisión
2258,Marilda Velaryon , Velaryon ,lady,0087-09-27,Frostfang ,0092-01-01,Blanco y azul ,0105-09-27,0132-09-27,69854.04,f,10, Herido durante una expedición 
2259,Corlys Velaryon ,Velaryon,LORD DE LAS MAREAS,0070-01-01,Frostfang,0092-01-01, Blanco y azul,0106-01-01,0109-01-01,64116.18,f,17,PARTICIPÓ EN UNA BATALLA IMPORTANTE
2260,Addam Velaryon ,VELARYON,ser,0101-01-01, Frostfang ,0092-01-01, Blanco y azul,0131-01-01,0137-01-01,5443.27,f,15, Participó en defensa del reino 
2261,Alyn Velaryon ,Velaryon, Ser,0100-01-01, Frostfang ,0092-01-01, Blanco y azul,0121-01-01,0128-01-01,48605.92,f,13, Entrenamiento militar 
2262,Elaena Velaryon ,Velaryon, Lady,0105-02-08,FROSTFANG,0092-01-01,Blanco y azul ,0146-02-08,0149-02-08,11122.87,f,7,Registro pendiente de revisión 
2263, Aethan Velaryon,VELARYON, Ser,0099-07-22,FROSTFANG,0092-01-01,Blanco y azul ,0121-07-22,0129-07-22,38943.23,f,0,PARTICIPÓ EN DEFENSA DEL REINO
2264, Laena Velaryon,Velaryon,LADY,0093-01-01, Frostfang ,0092-01-01,BLANCO Y AZUL,0125-01-01,0138-01-01,28019.28,f,12,
2265,Vaemond Velaryon, Velaryon ,SER,0085-01-01, Frostfang,0092-01-01,Blanco y azul ,0110-01-01,0124-01-01,41252.44,f,9, Herido durante una expedición
2266, Corlys Velaryon, Velaryon ,Lord de las Mareas ,0070-01-01, Frostfang,0092-01-01,Blanco y azul ,0098-01-01,0094-01-01,82563.45,f,14, Jinete experimentado 
2267, Lucan Velaryon,Velaryon,ser,0107-05-04,Frostfang ,0092-01-01,BLANCO Y AZUL,0133-05-04,0154-05-04,46414.36,f,1, Viaje diplomático 
2268,Corlys Velaryon ,Velaryon,Lord de las Mareas,0070-01-01, Frostfang,0092-01-01,Blanco y azul,0104-01-01,0109-01-01,87669.84,f,3, Participó en defensa del reino 
2269, Laena Velaryon , Velaryon ,lady,0093-01-01, Frostfang ,0092-01-01,Blanco y azul ,0126-01-01,0132-01-01,86657.25,f,6,Registro histórico
2270, Corlys Velaryon,velaryon, Lord de las Mareas,0070-01-01,FROSTFANG,0092-01-01,Blanco y azul,0095-01-01,0094-01-01,28216.36,f,7, Participó en una batalla importante 
2271, Rhaella Velaryon , Velaryon ,lady,0104-12-02, Frostfang ,0092-01-01,Blanco y azul,0143-12-02,0146-12-02,41485.03,f,17, Registro pendiente de revisión
2272,Corwyn Velaryon ,Velaryon, Ser,0096-08-14, Frostfang ,0092-01-01,BLANCO Y AZUL,0138-08-14,0131-08-14,74305.50,f,18,VIAJE DIPLOMÁTICO
2273,Vaella Velaryon ,Velaryon,LADY,0109-11-16, Frostfang ,0092-01-01,BLANCO Y AZUL,0136-11-16,0153-11-16,13457.29,f,13, Registro pendiente de revisión
2274,Corlys Velaryon ,Velaryon, Lord de las Mareas,0070-01-01, Frostfang ,0092-01-01,BLANCO Y AZUL,0091-01-01,0105-01-01,31581.28,f,4,Registro pendiente de revisión
2275,Marilda Velaryon,VELARYON, Lady,0087-09-27, Frostfang ,0092-01-01,Blanco y azul ,0110-09-27,0114-09-27,57991.18,f,19, Registro histórico 
2276,Monterys Velaryon, Velaryon ,lord,0108-03-19,Frostfang ,0092-01-01, Blanco y azul,0137-03-19,0137-03-19,52391.32,f,6, Mantuvo vínculos con otras casas 
2277, Rhaella Velaryon , Velaryon ,Lady,0104-12-02, Frostfang,0092-01-01,Blanco y azul,0141-12-02,0128-12-02,20319.62,f,17, Entrenamiento militar
2278,Addam Velaryon,velaryon, Ser,0101-01-01,Frostfang ,0092-01-01,Blanco y azul ,0119-01-01,0129-01-01,74906.85,f,17,Jinete experimentado 
2279, Vaella Velaryon,Velaryon, Lady,0109-11-16,Frostfang ,0092-01-01, Blanco y azul,0127-11-16,0147-11-16,6684.30,f,7, Participó en una batalla importante 
2280, Vaella Velaryon,Velaryon,lady,0109-11-16,Frostfang ,0092-01-01,Blanco y azul ,0144-11-16,0137-11-16,9672.75,f,9,REGISTRO PENDIENTE DE REVISIÓN
2281, Elaena Velaryon , Velaryon , Lady,0105-02-08,FROSTFANG,0092-01-01,Blanco y azul ,0137-02-08,0140-02-08,7698.01,f,0, Registro histórico
2282,Jorah Velaryon ,Velaryon,Lord ,0098-06-11, Frostfang ,0092-01-01,BLANCO Y AZUL,0118-06-11,0126-06-11,46712.60,f,12,
2283, Jorah Velaryon ,Velaryon,lord,0098-06-11, Frostfang,0092-01-01,BLANCO Y AZUL,0131-06-11,0143-06-11,14076.53,f,1, Mantuvo vínculos con otras casas 
2284, Addam Velaryon,Velaryon,ser,0101-01-01,Frostfang,0092-01-01,BLANCO Y AZUL,0139-01-01,0145-01-01,86868.62,f,2,REGISTRO PENDIENTE DE REVISIÓN
2285,Alyn Velaryon ,Velaryon, Ser,0100-01-01, Frostfang,0092-01-01,BLANCO Y AZUL,0141-01-01,0146-01-01,61483.07,f,1, Registro histórico
2286, Jorah Velaryon ,Velaryon, Lord,0098-06-11, Frostfang ,0092-01-01,BLANCO Y AZUL,0127-06-11,0142-06-11,20410.18,f,16,Participó en una batalla importante
2287, Alyn Velaryon , Velaryon ,SER,0100-01-01, Frostfang,0092-01-01,BLANCO Y AZUL,0121-01-01,0129-01-01,20382.09,f,8, Registro pendiente de revisión
2288, Laena Velaryon, Velaryon ,Lady ,0093-01-01,Frostfang ,0092-01-01,BLANCO Y AZUL,0114-01-01,0133-01-01,43820.35,f,18,Participó en una batalla importante
2289, Aethan Velaryon ,Velaryon, Ser,0099-07-22, Frostfang,0092-01-01,Blanco y azul ,0133-07-22,0122-07-22,19312.52,f,0,
2290, Laenor Velaryon,Velaryon,Ser ,0092-01-01, Frostfang ,0092-01-01,BLANCO Y AZUL,0128-01-01,0130-01-01,28519.00,f,2,Viaje diplomático 
2291, Laena Velaryon,velaryon,Lady ,0093-01-01, Frostfang ,0092-01-01,Blanco y azul,0124-01-01,0138-01-01,25389.56,f,3,
2292,Marilda Velaryon ,Velaryon,Lady,0087-09-27, Frostfang ,0092-01-01, Blanco y azul,0121-09-27,0115-09-27,82439.19,f,1, Participó en una batalla importante
2293,Marilda Velaryon,Velaryon,lady,0087-09-27,Frostfang ,0092-01-01, Blanco y azul,0105-09-27,0130-09-27,63031.68,f,3, Herido durante una expedición
2294, Corlys Velaryon ,VELARYON, Lord de las Mareas,0070-01-01,Frostfang,0092-01-01,BLANCO Y AZUL,0108-01-01,0111-01-01,39963.72,f,6,Jinete experimentado
2295,Alyn Velaryon , Velaryon ,ser,0100-01-01,Frostfang ,0092-01-01,Blanco y azul ,0134-01-01,0136-01-01,51604.21,f,18,REGISTRO HISTÓRICO
2296,Vaemond Velaryon ,Velaryon,SER,0085-01-01,Frostfang ,0092-01-01, Blanco y azul,0124-01-01,0124-01-01,13725.45,f,16,
2297,Monterys Velaryon, Velaryon ,LORD,0108-03-19, Frostfang,0092-01-01,BLANCO Y AZUL,0135-03-19,0155-03-19,37830.00,f,7,Registro histórico 
2298,Corwyn Velaryon,Velaryon,ser,0096-08-14, Frostfang ,0092-01-01,Blanco y azul ,0120-08-14,0135-08-14,56915.56,f,18, Registro pendiente de revisión 
2299, Jorah Velaryon ,velaryon,lord,0098-06-11,Frostfang ,0092-01-01, Blanco y azul,0137-06-11,0132-06-11,5969.38,f,17, Jinete experimentado 
2300, Addam Velaryon ,velaryon,ser,0101-01-01,Frostfang ,0092-01-01, Blanco y azul,0119-01-01,0137-01-01,70316.35,f,10, Herido durante una expedición 
2301,Lucan Velaryon , Velaryon ,Ser ,0107-05-04, Frostfang,0092-01-01,Blanco y azul,0130-05-04,0144-05-04,24871.26,f,8,Registro histórico 
2302, Marilda Velaryon ,Velaryon,lady,0087-09-27,Frostfang ,0092-01-01, Blanco y azul,0122-09-27,0134-09-27,13356.51,f,14, Registro pendiente de revisión 
2303,Corlys Velaryon,Velaryon,lord de las mareas,0070-01-01,Frostfang ,0092-01-01,Blanco y azul ,0102-01-01,0106-01-01,24802.96,f,4, Participó en una batalla importante
2304, Rhaella Velaryon ,velaryon,lady,0104-12-02, Frostfang,0092-01-01, Blanco y azul,0137-12-02,0144-12-02,66194.65,f,7, Entrenamiento militar
2305,Addam Velaryon ,velaryon,SER,0101-01-01, Frostfang ,0092-01-01,BLANCO Y AZUL,0126-01-01,0146-01-01,10410.02,f,0,
2306, Jorah Velaryon, Velaryon , Lord,0098-06-11, Frostfang ,0092-01-01,Blanco y azul ,0123-06-11,0121-06-11,18148.22,f,6,Jinete experimentado 
2307,Corlys Velaryon ,velaryon, Lord de las Mareas,0070-01-01,Frostfang ,0092-01-01,BLANCO Y AZUL,0108-01-01,0106-01-01,1029.37,f,12,Viaje diplomático 
2308, Jorah Velaryon, Velaryon ,Lord ,0098-06-11, Frostfang ,0092-01-01,BLANCO Y AZUL,0127-06-11,0123-06-11,1626.77,f,16,PARTICIPÓ EN DEFENSA DEL REINO
2309,Marilda Velaryon, Velaryon ,LADY,0087-09-27, Frostfang ,0092-01-01,BLANCO Y AZUL,0112-09-27,0118-09-27,23700.38,f,16,Participó en defensa del reino 
2310, Vaella Velaryon, Velaryon ,LADY,0109-11-16, Frostfang ,0092-01-01, Blanco y azul,0149-11-16,0141-11-16,32659.68,f,19, Registro histórico
2311,Marilda Velaryon ,velaryon, Lady,0087-09-27,FROSTFANG,0092-01-01,Blanco y azul ,0129-09-27,0112-09-27,42716.27,f,7, Entrenamiento militar
2312, Addam Velaryon,Velaryon,ser,0101-01-01, Frostfang,0092-01-01,Blanco y azul ,0136-01-01,0127-01-01,72342.47,f,15, Entrenamiento militar
2313,Vaella Velaryon , Velaryon , Lady,0109-11-16,Frostfang ,0092-01-01,Blanco y azul,0132-11-16,0152-11-16,12920.20,f,4,Mantuvo vínculos con otras casas 
2314, Vaella Velaryon, Velaryon ,lady,0109-11-16, Frostfang,0092-01-01,Blanco y azul ,0135-11-16,0136-11-16,80350.99,f,4,Herido durante una expedición
2315, Alyn Velaryon,velaryon,ser,0100-01-01, Frostfang,0092-01-01,Blanco y azul ,0123-01-01,0128-01-01,13575.76,f,1, Viaje diplomático 
2316, Jorah Velaryon , Velaryon ,Lord ,0098-06-11,Frostfang,0092-01-01, Blanco y azul,0140-06-11,0125-06-11,54198.55,f,2, Entrenamiento militar 
2317,Lucan Velaryon ,velaryon,SER,0107-05-04, Frostfang ,0092-01-01,BLANCO Y AZUL,0126-05-04,0151-05-04,2984.09,f,17,Entrenamiento militar 
2318, Corwyn Velaryon,VELARYON,ser,0096-08-14, Frostfang ,0092-01-01,Blanco y azul ,0123-08-14,0141-08-14,7694.78,f,19,JINETE EXPERIMENTADO
2319, Vaemond Velaryon,velaryon,Ser,0085-01-01, Frostfang ,0092-01-01, Blanco y azul,0127-01-01,0126-01-01,86661.29,f,6, Participó en una batalla importante 
2320,Vaemond Velaryon , Velaryon , Ser,0085-01-01,Frostfang ,0092-01-01,BLANCO Y AZUL,0123-01-01,0131-01-01,39970.63,f,5,Herido durante una expedición 
2321,Addam Velaryon , Velaryon ,ser,0101-01-01,Frostfang ,0092-01-01,Blanco y azul ,0126-01-01,0129-01-01,85007.07,f,19,Mantuvo vínculos con otras casas 
2322,Laenor Velaryon ,Velaryon,SER,0092-01-01,Frostfang ,0092-01-01,BLANCO Y AZUL,0124-01-01,0126-01-01,30908.53,f,1, Herido durante una expedición
2323, Aethan Velaryon,Velaryon,ser,0099-07-22, Frostfang,0092-01-01,BLANCO Y AZUL,0127-07-22,0128-07-22,68756.83,f,12,Registro pendiente de revisión 
2324,Laena Velaryon ,VELARYON,Lady ,0093-01-01, Frostfang ,0092-01-01,Blanco y azul ,0124-01-01,0122-01-01,67246.92,f,9, Mantuvo vínculos con otras casas 
2325,Elaena Velaryon,Velaryon,lady,0105-02-08, Frostfang,0092-01-01, Blanco y azul,0147-02-08,0138-02-08,76015.42,f,5, Viaje diplomático 
2326,Addam Velaryon ,Velaryon,ser,0101-01-01,Frostfang,0092-01-01,BLANCO Y AZUL,0139-01-01,0129-01-01,53302.51,f,5,Jinete experimentado 
2327, Addam Velaryon , Velaryon , Ser,0101-01-01,FROSTFANG,0092-01-01,Blanco y azul ,0127-01-01,0141-01-01,89254.73,f,12,
2328,Vaemond Velaryon ,Velaryon,SER,0085-01-01,Frostfang ,0092-01-01,BLANCO Y AZUL,0122-01-01,0130-01-01,88894.19,f,7,HERIDO DURANTE UNA EXPEDICIÓN
2329,Laena Velaryon ,velaryon,LADY,0093-01-01, Frostfang,0092-01-01,BLANCO Y AZUL,0115-01-01,0132-01-01,74307.70,f,1, Herido durante una expedición 
2330, Corlys Velaryon ,Velaryon,LORD DE LAS MAREAS,0070-01-01,Frostfang ,0092-01-01, Blanco y azul,0110-01-01,0115-01-01,39564.57,f,9,Herido durante una expedición 
2331, Lucan Velaryon,velaryon, Ser,0107-05-04, Frostfang ,0092-01-01,Blanco y azul ,0148-05-04,0139-05-04,67133.50,f,10, Participó en defensa del reino
2332, Aethan Velaryon,Velaryon,Ser ,0099-07-22, Frostfang ,0092-01-01,Blanco y azul,0129-07-22,0138-07-22,52747.65,f,13, Viaje diplomático 
2333, Rhaella Velaryon ,Velaryon,Lady,0104-12-02,FROSTFANG,0092-01-01, Blanco y azul,0122-12-02,0150-12-02,54529.54,f,6,Registro histórico 
2334, Vaemond Velaryon, Velaryon ,SER,0085-01-01,FROSTFANG,0092-01-01,Blanco y azul ,0106-01-01,0110-01-01,27027.76,f,16, Viaje diplomático 
2335, Corwyn Velaryon , Velaryon ,ser,0096-08-14, Frostfang ,0092-01-01, Blanco y azul,0138-08-14,0130-08-14,14391.43,f,13, Herido durante una expedición 
2336,Alyn Velaryon ,velaryon,ser,0100-01-01, Frostfang,0092-01-01, Blanco y azul,0123-01-01,0128-01-01,4928.14,f,5,Participó en una batalla importante 
2337,Laenor Velaryon,velaryon, Ser,0092-01-01,Frostfang,0092-01-01,Blanco y azul ,0118-01-01,0138-01-01,51449.78,f,10, Registro histórico 
2338,Jorah Velaryon , Velaryon , Lord,0098-06-11, Frostfang ,0092-01-01,BLANCO Y AZUL,0138-06-11,0125-06-11,77145.82,f,6,JINETE EXPERIMENTADO
2339, Rhaella Velaryon ,VELARYON, Lady,0104-12-02,Frostfang,0092-01-01,BLANCO Y AZUL,0125-12-02,0149-12-02,15572.92,f,5,PARTICIPÓ EN UNA BATALLA IMPORTANTE
2340,Corwyn Velaryon , Velaryon ,SER,0096-08-14, Frostfang ,0092-01-01,BLANCO Y AZUL,0117-08-14,0141-08-14,40338.73,f,5, Participó en una batalla importante 
2341, Vaemond Velaryon , Velaryon ,SER,0085-01-01,Frostfang ,0092-01-01,BLANCO Y AZUL,0113-01-01,0132-01-01,72007.05,f,1,Jinete experimentado 
2342, Vaemond Velaryon,Velaryon,ser,0085-01-01, Frostfang,0092-01-01,Blanco y azul,0103-01-01,0128-01-01,28891.50,f,1,Entrenamiento militar 
2343,Monterys Velaryon ,Velaryon,lord,0108-03-19,Frostfang,0092-01-01,Blanco y azul,0134-03-19,0135-03-19,83956.49,f,0, Registro histórico 
2344,Elaena Velaryon , Velaryon ,lady,0105-02-08, Frostfang ,0092-01-01, Blanco y azul,0142-02-08,0141-02-08,67039.08,f,5, Viaje diplomático 
2345, Alyn Velaryon ,VELARYON,ser,0100-01-01,FROSTFANG,0092-01-01, Blanco y azul,0134-01-01,0145-01-01,10829.27,f,12, Herido durante una expedición
2346,Lucan Velaryon , Velaryon ,ser,0107-05-04,Frostfang ,0092-01-01, Blanco y azul,0134-05-04,0153-05-04,70780.11,f,6, Mantuvo vínculos con otras casas 
2347,Monterys Velaryon ,velaryon,lord,0108-03-19, Frostfang ,0092-01-01,Blanco y azul,0128-03-19,0141-03-19,7372.01,f,3, Entrenamiento militar 
2348,Addam Velaryon ,VELARYON,ser,0101-01-01, Frostfang ,0092-01-01,BLANCO Y AZUL,0141-01-01,0135-01-01,57963.43,f,1,
2349,Corlys Velaryon ,VELARYON,lord de las mareas,0070-01-01,Frostfang ,0092-01-01, Blanco y azul,0091-01-01,0102-01-01,11807.75,f,12, Registro histórico
2350, Elaena Velaryon,VELARYON,LADY,0105-02-08, Frostfang ,0092-01-01,Blanco y azul ,0130-02-08,0141-02-08,41038.87,f,3, Herido durante una expedición
2351, Aethan Velaryon ,Velaryon,ser,0099-07-22,Frostfang ,0092-01-01,BLANCO Y AZUL,0119-07-22,0124-07-22,87458.44,f,4,Participó en una batalla importante 
2352,Lucan Velaryon ,velaryon,ser,0107-05-04,Frostfang ,0092-01-01,Blanco y azul ,0143-05-04,0149-05-04,44507.49,f,1,PARTICIPÓ EN DEFENSA DEL REINO
2353, Vaella Velaryon,Velaryon, Lady,0109-11-16,Frostfang,0092-01-01, Blanco y azul,0151-11-16,0148-11-16,76383.07,f,7, Mantuvo vínculos con otras casas
2354,Monterys Velaryon ,Velaryon, Lord,0108-03-19,Frostfang ,0092-01-01, Blanco y azul,0134-03-19,0138-03-19,28524.77,f,18,Viaje diplomático 
2355, Aethan Velaryon ,VELARYON,ser,0099-07-22, Frostfang ,0092-01-01,Blanco y azul ,0123-07-22,0141-07-22,86228.80,f,2,Registro histórico 
2356, Lucan Velaryon ,velaryon,ser,0107-05-04, Frostfang ,0092-01-01,Blanco y azul ,0145-05-04,0133-05-04,66972.98,f,9,Participó en defensa del reino 
2357,Vaemond Velaryon ,Velaryon,ser,0085-01-01,FROSTFANG,0092-01-01,Blanco y azul ,0114-01-01,0128-01-01,45053.28,f,17,PARTICIPÓ EN DEFENSA DEL REINO
2358,Vaella Velaryon ,Velaryon,Lady ,0109-11-16,Frostfang ,0092-01-01,Blanco y azul ,0129-11-16,0136-11-16,63385.42,f,16, Mantuvo vínculos con otras casas
2359, Marilda Velaryon,Velaryon,lady,0087-09-27, Frostfang ,0092-01-01, Blanco y azul,0106-09-27,0127-09-27,39383.29,f,6, Viaje diplomático 
2360,Rhaella Velaryon,Velaryon,lady,0104-12-02,FROSTFANG,0092-01-01, Blanco y azul,0126-12-02,0133-12-02,50071.43,f,18,Participó en defensa del reino 
2361,Alyn Velaryon ,velaryon, Ser,0100-01-01, Frostfang,0092-01-01,Blanco y azul ,0132-01-01,0142-01-01,19045.41,f,14, Participó en defensa del reino 
2362, Vaemond Velaryon ,Velaryon,ser,0085-01-01,Frostfang ,0092-01-01,Blanco y azul ,0124-01-01,0112-01-01,23507.74,f,1, Mantuvo vínculos con otras casas 
2363,Corwyn Velaryon, Velaryon ,Ser,0096-08-14,Frostfang ,0092-01-01,BLANCO Y AZUL,0127-08-14,0120-08-14,39297.37,f,17, Entrenamiento militar
2364,Jorah Velaryon, Velaryon ,LORD,0098-06-11,FROSTFANG,0092-01-01,Blanco y azul ,0121-06-11,0128-06-11,16912.82,f,17,REGISTRO HISTÓRICO
2365,Alyn Velaryon ,Velaryon,ser,0100-01-01,FROSTFANG,0092-01-01,Blanco y azul,0139-01-01,0140-01-01,86791.15,f,7,
2366, Addam Velaryon,Velaryon,ser,0101-01-01,Frostfang ,0092-01-01, Blanco y azul,0138-01-01,0132-01-01,51650.10,f,15, Registro pendiente de revisión 
2367,Jorah Velaryon ,velaryon, Lord,0098-06-11, Frostfang,0092-01-01,BLANCO Y AZUL,0134-06-11,0124-06-11,46614.70,f,9, Registro histórico 
2368,Vaemond Velaryon , Velaryon ,Ser ,0085-01-01,Frostfang,0092-01-01,Blanco y azul ,0121-01-01,0117-01-01,48618.43,f,7, Herido durante una expedición
2369, Elaena Velaryon ,Velaryon,Lady ,0105-02-08,Frostfang ,0092-01-01,Blanco y azul ,0136-02-08,0133-02-08,57358.62,f,10, Registro pendiente de revisión 
2370, Alyn Velaryon,velaryon,Ser ,0100-01-01,Frostfang ,0092-01-01, Blanco y azul,0139-01-01,0143-01-01,62472.19,f,4,
2371,Jorah Velaryon ,Velaryon, Lord,0098-06-11, Frostfang,0092-01-01,Blanco y azul,0130-06-11,0130-06-11,43450.59,f,8,
2372, Rhaella Velaryon , Velaryon ,LADY,0104-12-02,FROSTFANG,0092-01-01,BLANCO Y AZUL,0137-12-02,0129-12-02,21293.66,f,2, Registro histórico 
2373,Laena Velaryon , Velaryon ,Lady,0093-01-01, Frostfang,0092-01-01, Blanco y azul,0135-01-01,0135-01-01,2398.01,f,5,PARTICIPÓ EN UNA BATALLA IMPORTANTE
2374, Alyn Velaryon,VELARYON,SER,0100-01-01,Frostfang ,0092-01-01,Blanco y azul ,0131-01-01,0127-01-01,5907.66,f,8,Participó en una batalla importante 
2375,Rhaella Velaryon ,Velaryon,LADY,0104-12-02,FROSTFANG,0092-01-01,BLANCO Y AZUL,0122-12-02,0129-12-02,30186.76,f,13,Participó en defensa del reino 
2376, Aethan Velaryon ,VELARYON,ser,0099-07-22,FROSTFANG,0092-01-01, Blanco y azul,0125-07-22,0133-07-22,34575.68,f,19,Herido durante una expedición 
2377, Jorah Velaryon,VELARYON, Lord,0098-06-11,Frostfang,0092-01-01,Blanco y azul ,0132-06-11,0143-06-11,88664.23,f,10,Participó en defensa del reino 
2378,Vaella Velaryon,velaryon, Lady,0109-11-16,FROSTFANG,0092-01-01,BLANCO Y AZUL,0136-11-16,0146-11-16,37875.52,f,7,PARTICIPÓ EN DEFENSA DEL REINO
2379,Rhaella Velaryon ,VELARYON, Lady,0104-12-02, Frostfang ,0092-01-01,Blanco y azul ,0127-12-02,0145-12-02,36027.76,f,2,REGISTRO HISTÓRICO
2380, Corwyn Velaryon, Velaryon , Ser,0096-08-14, Frostfang ,0092-01-01,BLANCO Y AZUL,0123-08-14,0124-08-14,73701.10,f,16,Entrenamiento militar 
2381, Elaena Velaryon,VELARYON,lady,0105-02-08,FROSTFANG,0092-01-01, Blanco y azul,0123-02-08,0137-02-08,80464.70,f,10,Registro pendiente de revisión
2382, Laenor Velaryon , Velaryon ,ser,0092-01-01, Frostfang ,0092-01-01, Blanco y azul,0111-01-01,0117-01-01,89618.30,f,0,
2383,Corlys Velaryon , Velaryon , Lord de las Mareas,0070-01-01,Frostfang,0092-01-01, Blanco y azul,0109-01-01,0116-01-01,587.43,f,2, Jinete experimentado
2384,Elaena Velaryon ,VELARYON,lady,0105-02-08,Frostfang,0092-01-01,Blanco y azul ,0128-02-08,0146-02-08,60489.53,f,5,Jinete experimentado 
2385,Vaella Velaryon ,velaryon,LADY,0109-11-16, Frostfang,0092-01-01,Blanco y azul,0137-11-16,0151-11-16,39336.26,f,13,Mantuvo vínculos con otras casas
2386, Rhaella Velaryon,Velaryon,Lady,0104-12-02, Frostfang ,0092-01-01, Blanco y azul,0127-12-02,0144-12-02,72158.00,f,18, Jinete experimentado 
2387,Marilda Velaryon ,VELARYON,lady,0087-09-27,Frostfang ,0092-01-01,Blanco y azul ,0108-09-27,0120-09-27,8477.97,f,7, Participó en una batalla importante 
2388, Monterys Velaryon ,VELARYON,lord,0108-03-19,Frostfang ,0092-01-01,Blanco y azul ,0148-03-19,0136-03-19,19967.47,f,13, Herido durante una expedición 
2389, Rhaella Velaryon,Velaryon,lady,0104-12-02,Frostfang ,0092-01-01,Blanco y azul ,0144-12-02,0138-12-02,9737.56,f,7, Participó en una batalla importante
2390,Corwyn Velaryon ,Velaryon,Ser ,0096-08-14,Frostfang,0092-01-01,BLANCO Y AZUL,0131-08-14,0121-08-14,20740.58,f,15,Entrenamiento militar 
2391,Vaemond Velaryon,Velaryon,ser,0085-01-01, Frostfang ,0092-01-01,Blanco y azul ,0113-01-01,0120-01-01,11729.92,f,3,VIAJE DIPLOMÁTICO
2392,Lucan Velaryon ,Velaryon,ser,0107-05-04,Frostfang ,0092-01-01, Blanco y azul,0137-05-04,0133-05-04,9237.07,f,14, Registro pendiente de revisión
2393, Rhaella Velaryon ,velaryon, Lady,0104-12-02,Frostfang,0092-01-01, Blanco y azul,0136-12-02,0147-12-02,9502.12,f,10,Registro histórico 
2394,Monterys Velaryon ,Velaryon,lord,0108-03-19,Frostfang ,0092-01-01,Blanco y azul,0135-03-19,0151-03-19,88351.92,f,9,Registro histórico
2395,Addam Velaryon ,velaryon, Ser,0101-01-01,Frostfang ,0092-01-01, Blanco y azul,0142-01-01,0145-01-01,27895.01,f,2, Participó en defensa del reino 
2396,Laena Velaryon ,velaryon, Lady,0093-01-01, Frostfang ,0092-01-01,Blanco y azul ,0118-01-01,0140-01-01,27658.50,f,15, Registro pendiente de revisión
2397,Corwyn Velaryon , Velaryon ,Ser ,0096-08-14,Frostfang ,0092-01-01,Blanco y azul ,0126-08-14,0131-08-14,55492.11,f,14,Mantuvo vínculos con otras casas 
2398, Marilda Velaryon , Velaryon ,LADY,0087-09-27, Frostfang,0092-01-01,Blanco y azul ,0128-09-27,0132-09-27,40661.99,f,16, Jinete experimentado 
2399,Vaemond Velaryon,VELARYON,SER,0085-01-01, Frostfang,0092-01-01,BLANCO Y AZUL,0103-01-01,0129-01-01,56651.46,f,5,Jinete experimentado 
2400, Elaena Velaryon,Velaryon,LADY,0105-02-08,FROSTFANG,0092-01-01, Blanco y azul,0143-02-08,0145-02-08,89920.04,f,18,Entrenamiento militar 
2401,Laena Velaryon ,VELARYON,lady,0093-01-01,Frostfang ,0092-01-01, Blanco y azul,0133-01-01,0137-01-01,13282.84,f,2,
2402,Corwyn Velaryon , Velaryon ,SER,0096-08-14, Frostfang,0092-01-01,Blanco y azul ,0122-08-14,0134-08-14,32441.55,f,4,PARTICIPÓ EN UNA BATALLA IMPORTANTE
2403,Aethan Velaryon , Velaryon ,ser,0099-07-22,Frostfang ,0092-01-01,Blanco y azul,0124-07-22,0141-07-22,68882.45,f,13,Participó en defensa del reino 
2404, Laenor Velaryon,velaryon,SER,0092-01-01,Frostfang ,0092-01-01,Blanco y azul ,0122-01-01,0137-01-01,35191.43,f,4, Viaje diplomático 
2405,Alyn Velaryon,Velaryon,SER,0100-01-01,Frostfang,0092-01-01,Blanco y azul ,0132-01-01,0139-01-01,34146.89,f,10, Entrenamiento militar 
2406,Addam Velaryon ,Velaryon,ser,0101-01-01, Frostfang ,0092-01-01, Blanco y azul,0139-01-01,0138-01-01,18619.76,f,2,Entrenamiento militar 
2407, Corlys Velaryon,velaryon,LORD DE LAS MAREAS,0070-01-01,Frostfang ,0092-01-01,BLANCO Y AZUL,0096-01-01,0095-01-01,9336.76,f,7, Entrenamiento militar 
2408, Alyn Velaryon ,VELARYON,ser,0100-01-01, Frostfang,0092-01-01,Blanco y azul ,0141-01-01,0126-01-01,24146.53,f,5, Registro histórico 
2409,Lucan Velaryon ,velaryon, Ser,0107-05-04,FROSTFANG,0092-01-01,Blanco y azul,0127-05-04,0131-05-04,13006.19,f,18,ENTRENAMIENTO MILITAR
2410,Corlys Velaryon ,Velaryon, Lord de las Mareas,0070-01-01,FROSTFANG,0092-01-01,BLANCO Y AZUL,0096-01-01,0093-01-01,78857.62,f,0, Jinete experimentado 
2411,Alyn Velaryon ,VELARYON,ser,0100-01-01, Frostfang,0092-01-01, Blanco y azul,0129-01-01,0145-01-01,55364.87,f,9, Entrenamiento militar 
2412,Vaella Velaryon ,Velaryon,LADY,0109-11-16,Frostfang ,0092-01-01,Blanco y azul ,0144-11-16,0138-11-16,53291.31,f,10, Registro histórico
2413,Elaena Velaryon ,Velaryon, Lady,0105-02-08, Frostfang,0092-01-01,Blanco y azul ,0125-02-08,0149-02-08,70702.29,f,18, Mantuvo vínculos con otras casas 
2414,Monterys Velaryon,Velaryon,lord,0108-03-19,Frostfang,0092-01-01,Blanco y azul,0139-03-19,0138-03-19,40166.22,f,7, Herido durante una expedición
2415,Laenor Velaryon ,VELARYON, Ser,0092-01-01,Frostfang ,0092-01-01,Blanco y azul ,0110-01-01,0137-01-01,42531.44,f,10,Participó en defensa del reino 
2416, Monterys Velaryon, Velaryon , Lord,0108-03-19,FROSTFANG,0092-01-01,Blanco y azul ,0138-03-19,0136-03-19,72597.40,f,18, Registro histórico 
2417, Rhaella Velaryon,Velaryon,Lady,0104-12-02, Frostfang ,0092-01-01,Blanco y azul ,0144-12-02,0138-12-02,5447.10,f,5,Mantuvo vínculos con otras casas 
2418,Alyn Velaryon ,Velaryon,Ser ,0100-01-01,FROSTFANG,0092-01-01, Blanco y azul,0118-01-01,0133-01-01,42469.24,f,4,Entrenamiento militar
2419, Vaella Velaryon ,Velaryon,lady,0109-11-16, Frostfang ,0092-01-01,Blanco y azul ,0131-11-16,0137-11-16,48588.97,f,4, Viaje diplomático 
2420,Jorah Velaryon , Velaryon ,lord,0098-06-11, Frostfang ,0092-01-01,Blanco y azul ,0134-06-11,0124-06-11,32634.88,f,14, Registro histórico 
2421, Addam Velaryon , Velaryon , Ser,0101-01-01,Frostfang ,0092-01-01,Blanco y azul ,0120-01-01,0132-01-01,65335.40,f,4, Registro pendiente de revisión
2422, Rhaella Velaryon,velaryon,LADY,0104-12-02, Frostfang,0092-01-01,BLANCO Y AZUL,0134-12-02,0139-12-02,6569.92,f,11,Mantuvo vínculos con otras casas
2423, Rhaella Velaryon ,velaryon, Lady,0104-12-02,FROSTFANG,0092-01-01,BLANCO Y AZUL,0129-12-02,0131-12-02,64635.02,f,13, Jinete experimentado 
2424,Lucan Velaryon ,Velaryon,SER,0107-05-04, Frostfang,0092-01-01, Blanco y azul,0141-05-04,0152-05-04,69322.20,f,6,REGISTRO HISTÓRICO
2425, Rhaella Velaryon,VELARYON,lady,0104-12-02, Frostfang ,0092-01-01,Blanco y azul,0129-12-02,0142-12-02,57396.85,f,18,PARTICIPÓ EN UNA BATALLA IMPORTANTE
2426,Corlys Velaryon , Velaryon ,LORD DE LAS MAREAS,0070-01-01,FROSTFANG,0092-01-01, Blanco y azul,0105-01-01,0099-01-01,31074.10,f,11,HERIDO DURANTE UNA EXPEDICIÓN
2427,Laena Velaryon,VELARYON,Lady ,0093-01-01,Frostfang,0092-01-01,BLANCO Y AZUL,0124-01-01,0117-01-01,75233.70,f,14, Entrenamiento militar 
2428, Monterys Velaryon ,VELARYON, Lord,0108-03-19,Frostfang ,0092-01-01,Blanco y azul ,0126-03-19,0142-03-19,1917.95,f,14, Registro histórico
2429,Aethan Velaryon ,velaryon, Ser,0099-07-22,Frostfang ,0092-01-01, Blanco y azul,0128-07-22,0138-07-22,64030.43,f,5,Entrenamiento militar 
2430,Lucan Velaryon ,Velaryon,Ser,0107-05-04,Frostfang,0092-01-01,BLANCO Y AZUL,0142-05-04,0135-05-04,83709.30,f,12, Registro histórico 
2431,Lucan Velaryon,Velaryon, Ser,0107-05-04,Frostfang ,0092-01-01,BLANCO Y AZUL,0136-05-04,0135-05-04,13453.10,f,13, Mantuvo vínculos con otras casas
2432, Vaemond Velaryon ,velaryon,Ser,0085-01-01,Frostfang ,0092-01-01, Blanco y azul,0109-01-01,0122-01-01,36510.36,f,18,Viaje diplomático 
2433, Elaena Velaryon , Velaryon ,Lady ,0105-02-08,Frostfang ,0092-01-01, Blanco y azul,0144-02-08,0139-02-08,53724.36,f,6,MANTUVO VÍNCULOS CON OTRAS CASAS
2434, Vaella Velaryon , Velaryon ,LADY,0109-11-16, Frostfang,0092-01-01,BLANCO Y AZUL,0133-11-16,0152-11-16,87977.97,f,16,Participó en defensa del reino 
2435,Elaena Velaryon ,Velaryon,Lady,0105-02-08,Frostfang ,0092-01-01,Blanco y azul ,0127-02-08,0148-02-08,42150.92,f,16,Viaje diplomático
2436,Laena Velaryon ,Velaryon,lady,0093-01-01, Frostfang ,0092-01-01,BLANCO Y AZUL,0124-01-01,0139-01-01,83798.25,f,5, Mantuvo vínculos con otras casas
2437,Jorah Velaryon,Velaryon,lord,0098-06-11,Frostfang,0092-01-01, Blanco y azul,0140-06-11,0140-06-11,6943.48,f,7, Viaje diplomático 
2438, Addam Velaryon ,VELARYON, Ser,0101-01-01,Frostfang ,0092-01-01,Blanco y azul ,0128-01-01,0128-01-01,23169.05,f,15, Viaje diplomático
2439, Corlys Velaryon, Velaryon ,LORD DE LAS MAREAS,0070-01-01,Frostfang,0092-01-01,BLANCO Y AZUL,0103-01-01,0095-01-01,64362.62,f,6,Herido durante una expedición 
2440, Jorah Velaryon,velaryon,lord,0098-06-11,Frostfang ,0092-01-01,BLANCO Y AZUL,0124-06-11,0123-06-11,40580.46,f,8,ENTRENAMIENTO MILITAR
2441, Vaemond Velaryon,Velaryon,ser,0085-01-01, Frostfang,0092-01-01,Blanco y azul ,0126-01-01,0111-01-01,10220.71,f,16,Jinete experimentado 
2442,Aethan Velaryon , Velaryon ,ser,0099-07-22,Frostfang ,0092-01-01, Blanco y azul,0129-07-22,0134-07-22,7538.13,f,0,Participó en defensa del reino 
2443, Corwyn Velaryon,Velaryon,ser,0096-08-14, Frostfang,0092-01-01, Blanco y azul,0122-08-14,0121-08-14,8798.10,f,17,REGISTRO PENDIENTE DE REVISIÓN
2444, Marilda Velaryon,velaryon,lady,0087-09-27,Frostfang ,0092-01-01,Blanco y azul ,0116-09-27,0110-09-27,32276.80,f,16,Registro pendiente de revisión 
2445, Laena Velaryon , Velaryon ,Lady ,0093-01-01,FROSTFANG,0092-01-01, Blanco y azul,0135-01-01,0117-01-01,68199.52,f,8,
2446, Aethan Velaryon,Velaryon,SER,0099-07-22,FROSTFANG,0092-01-01,BLANCO Y AZUL,0122-07-22,0142-07-22,63856.61,f,3, Participó en una batalla importante 
2447,Corlys Velaryon ,velaryon, Lord de las Mareas,0070-01-01, Frostfang ,0092-01-01,Blanco y azul ,0103-01-01,0110-01-01,74377.55,f,14, Viaje diplomático
2448,Corlys Velaryon , Velaryon ,LORD DE LAS MAREAS,0070-01-01, Frostfang ,0092-01-01,BLANCO Y AZUL,0110-01-01,0110-01-01,45305.68,f,9, Participó en una batalla importante
2449, Alyn Velaryon ,Velaryon,Ser ,0100-01-01, Frostfang,0092-01-01,Blanco y azul ,0136-01-01,0123-01-01,89146.09,f,0,HERIDO DURANTE UNA EXPEDICIÓN
2450, Laena Velaryon ,velaryon,lady,0093-01-01,FROSTFANG,0092-01-01,BLANCO Y AZUL,0112-01-01,0131-01-01,34817.88,f,2,Participó en una batalla importante 
2451, Alyn Velaryon , Velaryon ,Ser ,0100-01-01, Frostfang ,0092-01-01,Blanco y azul ,0137-01-01,0140-01-01,44286.62,f,11, Registro histórico
2452,Monterys Velaryon ,velaryon,lord,0108-03-19,Frostfang ,0092-01-01,BLANCO Y AZUL,0150-03-19,0154-03-19,68263.36,f,10,
2453, Corlys Velaryon, Velaryon ,LORD DE LAS MAREAS,0070-01-01, Frostfang,0092-01-01, Blanco y azul,0106-01-01,0114-01-01,35598.40,f,18,PARTICIPÓ EN DEFENSA DEL REINO
2454,Elaena Velaryon,VELARYON,LADY,0105-02-08,FROSTFANG,0092-01-01,Blanco y azul ,0145-02-08,0131-02-08,50013.70,f,6,Viaje diplomático 
2455, Monterys Velaryon , Velaryon ,lord,0108-03-19,FROSTFANG,0092-01-01,Blanco y azul,0128-03-19,0149-03-19,82381.07,f,17, Entrenamiento militar
2456,Lucan Velaryon ,VELARYON,Ser,0107-05-04,Frostfang ,0092-01-01, Blanco y azul,0131-05-04,0142-05-04,18335.30,f,15,
2457,Laenor Velaryon,velaryon,ser,0092-01-01,Frostfang,0092-01-01,Blanco y azul ,0112-01-01,0138-01-01,2925.89,f,12,PARTICIPÓ EN DEFENSA DEL REINO
2458, Vaella Velaryon , Velaryon ,LADY,0109-11-16, Frostfang ,0092-01-01,Blanco y azul ,0149-11-16,0143-11-16,7830.02,f,0, Mantuvo vínculos con otras casas 
2459,Monterys Velaryon ,velaryon,Lord ,0108-03-19,Frostfang,0092-01-01,Blanco y azul ,0128-03-19,0151-03-19,8268.04,f,14,REGISTRO PENDIENTE DE REVISIÓN
2460, Lucan Velaryon,Velaryon,ser,0107-05-04, Frostfang,0092-01-01,BLANCO Y AZUL,0146-05-04,0152-05-04,44313.25,f,8,Participó en una batalla importante 
2461, Monterys Velaryon , Velaryon ,lord,0108-03-19,FROSTFANG,0092-01-01,Blanco y azul ,0133-03-19,0153-03-19,9267.70,f,3, Registro histórico 
2462,Laenor Velaryon ,Velaryon,SER,0092-01-01,Frostfang ,0092-01-01,Blanco y azul ,0116-01-01,0115-01-01,31672.01,f,12,PARTICIPÓ EN DEFENSA DEL REINO
2463, Corwyn Velaryon ,velaryon, Ser,0096-08-14,FROSTFANG,0092-01-01,BLANCO Y AZUL,0137-08-14,0120-08-14,29754.60,f,8,Participó en defensa del reino 
2464, Alyn Velaryon ,velaryon, Ser,0100-01-01, Frostfang,0092-01-01,Blanco y azul ,0119-01-01,0141-01-01,62434.12,f,3, Participó en defensa del reino
2465, Elaena Velaryon,Velaryon,Lady,0105-02-08, Frostfang,0092-01-01,Blanco y azul ,0137-02-08,0147-02-08,74642.07,f,19,VIAJE DIPLOMÁTICO
2466,Jorah Velaryon ,Velaryon,lord,0098-06-11,Frostfang ,0092-01-01,BLANCO Y AZUL,0132-06-11,0132-06-11,52995.47,f,16,Registro pendiente de revisión 
2467,Jorah Velaryon ,Velaryon, Lord,0098-06-11,FROSTFANG,0092-01-01,Blanco y azul,0128-06-11,0121-06-11,15950.61,f,1, Jinete experimentado
2468,Marilda Velaryon,Velaryon,lady,0087-09-27, Frostfang ,0092-01-01, Blanco y azul,0127-09-27,0115-09-27,10205.99,f,2,Entrenamiento militar 
2469,Corlys Velaryon ,Velaryon,LORD DE LAS MAREAS,0070-01-01,Frostfang ,0092-01-01,Blanco y azul ,0099-01-01,0099-01-01,34184.39,f,5, Registro pendiente de revisión 
2470,Elaena Velaryon, Velaryon ,LADY,0105-02-08,FROSTFANG,0092-01-01,Blanco y azul ,0140-02-08,0131-02-08,33359.34,f,17,Registro histórico 
2471, Vaella Velaryon,VELARYON,Lady ,0109-11-16,Frostfang ,0092-01-01,Blanco y azul ,0128-11-16,0156-11-16,44992.66,f,11,Registro pendiente de revisión 
2472,Corwyn Velaryon ,VELARYON,Ser ,0096-08-14, Frostfang ,0092-01-01, Blanco y azul,0129-08-14,0137-08-14,86120.25,f,7,MANTUVO VÍNCULOS CON OTRAS CASAS
2473, Jorah Velaryon , Velaryon ,lord,0098-06-11,Frostfang ,0092-01-01,BLANCO Y AZUL,0130-06-11,0142-06-11,50435.29,f,13, Registro histórico 
2474, Corwyn Velaryon,Velaryon,SER,0096-08-14,Frostfang ,0092-01-01,Blanco y azul ,0130-08-14,0134-08-14,36792.58,f,6, Viaje diplomático
2475, Laena Velaryon ,Velaryon, Lady,0093-01-01,Frostfang ,0092-01-01, Blanco y azul,0114-01-01,0127-01-01,44663.88,f,0, Mantuvo vínculos con otras casas 
2476,Aethan Velaryon, Velaryon , Ser,0099-07-22, Frostfang,0092-01-01,BLANCO Y AZUL,0130-07-22,0141-07-22,67275.42,f,12, Viaje diplomático
2477,Vaemond Velaryon , Velaryon ,Ser ,0085-01-01,Frostfang ,0092-01-01,BLANCO Y AZUL,0109-01-01,0126-01-01,16245.49,f,10, Viaje diplomático
2478, Elaena Velaryon , Velaryon , Lady,0105-02-08, Frostfang ,0092-01-01,BLANCO Y AZUL,0125-02-08,0143-02-08,77754.84,f,5, Jinete experimentado
2479, Rhaella Velaryon,Velaryon,LADY,0104-12-02,FROSTFANG,0092-01-01,Blanco y azul ,0122-12-02,0135-12-02,67820.60,f,2,Entrenamiento militar 
2480, Vaella Velaryon ,Velaryon, Lady,0109-11-16,Frostfang ,0092-01-01,Blanco y azul ,0150-11-16,0144-11-16,805.99,f,3,Registro histórico 
2481, Elaena Velaryon ,Velaryon, Lady,0105-02-08,FROSTFANG,0092-01-01,Blanco y azul ,0145-02-08,0148-02-08,56609.93,f,12,Participó en defensa del reino 
2482,Aethan Velaryon ,VELARYON, Ser,0099-07-22,FROSTFANG,0092-01-01,Blanco y azul ,0119-07-22,0127-07-22,59752.91,f,5, Participó en una batalla importante
2483,Alyn Velaryon ,VELARYON, Ser,0100-01-01, Frostfang ,0092-01-01,Blanco y azul ,0125-01-01,0139-01-01,16964.48,f,3, Jinete experimentado 
2484,Marilda Velaryon , Velaryon ,Lady,0087-09-27, Frostfang,0092-01-01,Blanco y azul ,0129-09-27,0131-09-27,38448.81,f,5,HERIDO DURANTE UNA EXPEDICIÓN
2485,Vaella Velaryon,velaryon, Lady,0109-11-16,Frostfang ,0092-01-01,Blanco y azul ,0140-11-16,0135-11-16,10879.18,f,11, Mantuvo vínculos con otras casas
2486,Aethan Velaryon,Velaryon,Ser ,0099-07-22,FROSTFANG,0092-01-01,BLANCO Y AZUL,0121-07-22,0130-07-22,44956.27,f,19,PARTICIPÓ EN UNA BATALLA IMPORTANTE
2487,Monterys Velaryon ,Velaryon,Lord ,0108-03-19, Frostfang ,0092-01-01,BLANCO Y AZUL,0141-03-19,0150-03-19,54744.17,f,6,Registro pendiente de revisión 
2488,Corlys Velaryon , Velaryon , Lord de las Mareas,0070-01-01,Frostfang ,0092-01-01,BLANCO Y AZUL,0088-01-01,0093-01-01,9608.89,f,0,Mantuvo vínculos con otras casas 
2489,Laena Velaryon,Velaryon,lady,0093-01-01, Frostfang,0092-01-01,BLANCO Y AZUL,0116-01-01,0132-01-01,86309.52,f,10, Registro pendiente de revisión
2490, Laena Velaryon, Velaryon ,lady,0093-01-01,Frostfang ,0092-01-01,Blanco y azul ,0133-01-01,0124-01-01,38577.47,f,8, Participó en una batalla importante 
2491,Alyn Velaryon ,velaryon,SER,0100-01-01,Frostfang ,0092-01-01, Blanco y azul,0133-01-01,0141-01-01,83720.04,f,6, Entrenamiento militar 
2492, Marilda Velaryon ,Velaryon,Lady ,0087-09-27,Frostfang ,0092-01-01,Blanco y azul,0117-09-27,0113-09-27,87507.37,f,17,Herido durante una expedición 
2493, Alyn Velaryon,velaryon,SER,0100-01-01,FROSTFANG,0092-01-01,BLANCO Y AZUL,0135-01-01,0129-01-01,46923.60,f,12,Participó en una batalla importante 
2494,Marilda Velaryon ,velaryon,Lady ,0087-09-27, Frostfang,0092-01-01,Blanco y azul,0116-09-27,0129-09-27,2941.64,f,0,Entrenamiento militar 
2495,Corlys Velaryon ,VELARYON,Lord de las Mareas,0070-01-01,Frostfang ,0092-01-01,BLANCO Y AZUL,0093-01-01,0103-01-01,35961.67,f,19, Participó en una batalla importante 
2496,Rhaella Velaryon ,Velaryon, Lady,0104-12-02, Frostfang,0092-01-01,BLANCO Y AZUL,0132-12-02,0149-12-02,10183.00,f,2, Participó en una batalla importante
2497,Corwyn Velaryon ,VELARYON, Ser,0096-08-14, Frostfang ,0092-01-01,Blanco y azul ,0136-08-14,0139-08-14,80253.97,f,3,Participó en una batalla importante 
2498, Vaella Velaryon ,Velaryon,lady,0109-11-16,Frostfang ,0092-01-01,Blanco y azul,0138-11-16,0144-11-16,8338.65,f,8, Mantuvo vínculos con otras casas 
2499, Jorah Velaryon, Velaryon , Lord,0098-06-11,Frostfang ,0092-01-01,Blanco y azul,0136-06-11,0127-06-11,58412.61,f,10, Herido durante una expedición
2500,Corlys Velaryon,Velaryon,LORD DE LAS MAREAS,0070-01-01, Frostfang,0092-01-01,Blanco y azul ,0102-01-01,0093-01-01,78687.33,f,18,
2501,Addam Velaryon,VELARYON, Ser,0101-01-01,Frostfang ,0092-01-01,BLANCO Y AZUL,0121-01-01,0142-01-01,80341.22,f,3,
2502,Vaemond Velaryon,velaryon,SER,0085-01-01,Frostfang,0092-01-01, Blanco y azul,0110-01-01,0119-01-01,61710.95,f,19,PARTICIPÓ EN DEFENSA DEL REINO
2503,Corlys Velaryon,Velaryon,LORD DE LAS MAREAS,0070-01-01, Frostfang,0092-01-01,Blanco y azul ,0107-01-01,0093-01-01,42953.23,f,19,Entrenamiento militar 
2504, Lucan Velaryon ,velaryon, Ser,0107-05-04, Frostfang,0092-01-01,Blanco y azul ,0146-05-04,0141-05-04,23601.81,f,7, Participó en una batalla importante 
2505,Laena Velaryon,Velaryon,lady,0093-01-01, Frostfang ,0092-01-01,BLANCO Y AZUL,0127-01-01,0117-01-01,15517.06,f,10,VIAJE DIPLOMÁTICO
2506, Corlys Velaryon,VELARYON, Lord de las Mareas,0070-01-01,FROSTFANG,0092-01-01,Blanco y azul,0096-01-01,0094-01-01,73869.72,f,4,Entrenamiento militar 
2507, Aethan Velaryon ,VELARYON, Ser,0099-07-22,Frostfang ,0092-01-01,Blanco y azul,0139-07-22,0130-07-22,2388.70,f,0, Mantuvo vínculos con otras casas 
2508, Rhaella Velaryon ,VELARYON, Lady,0104-12-02,Frostfang,0092-01-01,Blanco y azul ,0137-12-02,0134-12-02,26616.65,f,16,
2509, Aethan Velaryon , Velaryon ,SER,0099-07-22, Frostfang,0092-01-01, Blanco y azul,0120-07-22,0138-07-22,31766.41,f,0,HERIDO DURANTE UNA EXPEDICIÓN
2510,Laena Velaryon ,velaryon, Lady,0093-01-01, Frostfang ,0092-01-01, Blanco y azul,0112-01-01,0140-01-01,25476.41,f,18, Mantuvo vínculos con otras casas 
2511, Lucan Velaryon ,VELARYON, Ser,0107-05-04,FROSTFANG,0092-01-01,Blanco y azul ,0133-05-04,0150-05-04,69197.84,f,5,Viaje diplomático 
2512,Corlys Velaryon,VELARYON, Lord de las Mareas,0070-01-01, Frostfang,0092-01-01,Blanco y azul ,0104-01-01,0106-01-01,20631.04,f,15, Herido durante una expedición
2513, Aethan Velaryon,Velaryon,ser,0099-07-22,Frostfang ,0092-01-01,Blanco y azul ,0137-07-22,0130-07-22,25134.53,f,13,PARTICIPÓ EN UNA BATALLA IMPORTANTE
2514, Lucan Velaryon , Velaryon , Ser,0107-05-04, Frostfang ,0092-01-01,Blanco y azul ,0126-05-04,0133-05-04,8999.52,f,2, Jinete experimentado
2515, Rhaella Velaryon,Velaryon,Lady ,0104-12-02, Frostfang,0092-01-01,Blanco y azul,0132-12-02,0136-12-02,26363.07,f,14, Jinete experimentado
2516,Alyn Velaryon ,Velaryon,ser,0100-01-01, Frostfang,0092-01-01, Blanco y azul,0132-01-01,0138-01-01,6478.69,f,1, Herido durante una expedición 
2517, Jorah Velaryon ,velaryon,Lord ,0098-06-11,FROSTFANG,0092-01-01,Blanco y azul,0121-06-11,0126-06-11,62517.28,f,7, Jinete experimentado
2518,Vaemond Velaryon ,velaryon,ser,0085-01-01, Frostfang ,0092-01-01, Blanco y azul,0115-01-01,0110-01-01,40706.17,f,9,Participó en defensa del reino 
2519, Addam Velaryon, Velaryon , Ser,0101-01-01,Frostfang ,0092-01-01,BLANCO Y AZUL,0141-01-01,0136-01-01,60686.93,f,1,Registro pendiente de revisión 
2520,Addam Velaryon ,Velaryon,Ser ,0101-01-01,Frostfang ,0092-01-01,Blanco y azul ,0132-01-01,0124-01-01,25246.12,f,17, Viaje diplomático
2521,Monterys Velaryon ,velaryon,LORD,0108-03-19,FROSTFANG,0092-01-01, Blanco y azul,0137-03-19,0137-03-19,16671.97,f,14, Mantuvo vínculos con otras casas 
2522,Corwyn Velaryon , Velaryon ,SER,0096-08-14, Frostfang,0092-01-01,BLANCO Y AZUL,0127-08-14,0125-08-14,3753.59,f,5, Registro histórico
2523, Laena Velaryon,Velaryon, Lady,0093-01-01, Frostfang,0092-01-01,BLANCO Y AZUL,0127-01-01,0136-01-01,7795.01,f,2,Viaje diplomático
2524, Corwyn Velaryon ,velaryon, Ser,0096-08-14,Frostfang ,0092-01-01,Blanco y azul ,0129-08-14,0139-08-14,33153.64,f,1,Registro pendiente de revisión
2525, Laenor Velaryon,Velaryon,Ser ,0092-01-01,Frostfang ,0092-01-01,Blanco y azul,0126-01-01,0129-01-01,76451.16,f,15, Viaje diplomático
2526,Lucan Velaryon ,VELARYON, Ser,0107-05-04,Frostfang ,0092-01-01, Blanco y azul,0135-05-04,0142-05-04,40567.14,f,3,Jinete experimentado 
2527,Aethan Velaryon ,velaryon,Ser,0099-07-22,FROSTFANG,0092-01-01,Blanco y azul,0117-07-22,0143-07-22,87224.19,f,16,PARTICIPÓ EN UNA BATALLA IMPORTANTE
2528, Rhaella Velaryon ,velaryon, Lady,0104-12-02,Frostfang ,0092-01-01,Blanco y azul ,0137-12-02,0142-12-02,47151.08,f,11, Herido durante una expedición
2529,Aethan Velaryon,Velaryon,SER,0099-07-22, Frostfang ,0092-01-01,Blanco y azul ,0135-07-22,0144-07-22,78712.28,f,10, Mantuvo vínculos con otras casas
2530,Lucan Velaryon ,Velaryon, Ser,0107-05-04,FROSTFANG,0092-01-01,Blanco y azul ,0127-05-04,0154-05-04,44655.55,f,14,Viaje diplomático
2531, Monterys Velaryon,velaryon,LORD,0108-03-19,Frostfang ,0092-01-01,BLANCO Y AZUL,0148-03-19,0142-03-19,51493.36,f,2, Participó en defensa del reino
2532, Aethan Velaryon ,velaryon, Ser,0099-07-22,Frostfang ,0092-01-01, Blanco y azul,0140-07-22,0132-07-22,77012.28,f,13,Participó en defensa del reino 
2533,Marilda Velaryon, Velaryon ,LADY,0087-09-27, Frostfang,0092-01-01,BLANCO Y AZUL,0123-09-27,0117-09-27,41440.56,f,14,Registro histórico 
2534,Elaena Velaryon, Velaryon , Lady,0105-02-08, Frostfang,0092-01-01,BLANCO Y AZUL,0132-02-08,0129-02-08,73186.22,f,15, Mantuvo vínculos con otras casas 
2535, Corwyn Velaryon, Velaryon ,ser,0096-08-14,Frostfang,0092-01-01,Blanco y azul ,0121-08-14,0132-08-14,2881.61,f,8,Viaje diplomático
2536,Corlys Velaryon ,Velaryon,lord de las mareas,0070-01-01,FROSTFANG,0092-01-01,Blanco y azul,0105-01-01,0113-01-01,40646.18,f,14,REGISTRO PENDIENTE DE REVISIÓN
2537,Corwyn Velaryon ,velaryon, Ser,0096-08-14, Frostfang ,0092-01-01,Blanco y azul ,0134-08-14,0134-08-14,73212.69,f,16, Herido durante una expedición 
2538, Jorah Velaryon , Velaryon ,lord,0098-06-11, Frostfang ,0092-01-01,Blanco y azul ,0136-06-11,0129-06-11,25807.14,f,18, Registro pendiente de revisión 
2539, Marilda Velaryon , Velaryon ,LADY,0087-09-27, Frostfang ,0092-01-01,BLANCO Y AZUL,0114-09-27,0131-09-27,25421.87,f,14,Herido durante una expedición 
2540,Monterys Velaryon ,Velaryon, Lord,0108-03-19,FROSTFANG,0092-01-01,Blanco y azul ,0131-03-19,0151-03-19,24271.89,f,7, Mantuvo vínculos con otras casas 
2541,Vaemond Velaryon , Velaryon , Ser,0085-01-01,FROSTFANG,0092-01-01, Blanco y azul,0104-01-01,0127-01-01,16721.46,f,4, Participó en defensa del reino
2542, Marilda Velaryon ,velaryon,LADY,0087-09-27, Frostfang ,0092-01-01,Blanco y azul ,0115-09-27,0112-09-27,12250.19,f,4,Registro pendiente de revisión
2543,Aethan Velaryon ,VELARYON, Ser,0099-07-22, Frostfang ,0092-01-01,BLANCO Y AZUL,0139-07-22,0137-07-22,41249.11,f,9,Participó en una batalla importante
2544, Vaemond Velaryon , Velaryon , Ser,0085-01-01,Frostfang ,0092-01-01,Blanco y azul ,0114-01-01,0128-01-01,73837.17,f,5, Participó en defensa del reino 
2545, Laenor Velaryon,VELARYON, Ser,0092-01-01,Frostfang ,0092-01-01,Blanco y azul ,0124-01-01,0125-01-01,7765.63,f,2,Entrenamiento militar
2546,Corwyn Velaryon ,Velaryon,SER,0096-08-14, Frostfang,0092-01-01,Blanco y azul ,0126-08-14,0139-08-14,52577.63,f,3, Entrenamiento militar 
2547, Vaella Velaryon ,VELARYON, Lady,0109-11-16,Frostfang ,0092-01-01,Blanco y azul ,0139-11-16,0148-11-16,10281.10,f,12, Herido durante una expedición 
2548,Laena Velaryon,Velaryon,LADY,0093-01-01,Frostfang ,0092-01-01,Blanco y azul ,0121-01-01,0116-01-01,76515.12,f,4, Participó en una batalla importante
2549, Lucan Velaryon, Velaryon ,ser,0107-05-04, Frostfang ,0092-01-01,BLANCO Y AZUL,0147-05-04,0152-05-04,88678.69,f,17, Entrenamiento militar 
2550, Jorah Velaryon, Velaryon ,lord,0098-06-11, Frostfang ,0092-01-01,BLANCO Y AZUL,0120-06-11,0133-06-11,85487.05,f,9,Jinete experimentado 
2551,Laena Velaryon ,velaryon,lady,0093-01-01,FROSTFANG,0092-01-01,Blanco y azul,0125-01-01,0125-01-01,42835.35,f,15,Registro histórico 
2552,Vaemond Velaryon, Velaryon ,ser,0085-01-01, Frostfang ,0092-01-01, Blanco y azul,0106-01-01,0110-01-01,32553.22,f,14,JINETE EXPERIMENTADO
2553,Monterys Velaryon ,Velaryon,LORD,0108-03-19,Frostfang ,0092-01-01,BLANCO Y AZUL,0148-03-19,0147-03-19,67447.39,f,11,Participó en una batalla importante 
2554, Jorah Velaryon , Velaryon , Lord,0098-06-11,FROSTFANG,0092-01-01, Blanco y azul,0120-06-11,0143-06-11,63637.29,f,19,Participó en defensa del reino 
2555,Monterys Velaryon , Velaryon ,Lord ,0108-03-19,Frostfang ,0092-01-01,BLANCO Y AZUL,0126-03-19,0142-03-19,59631.88,f,3, Jinete experimentado 
2556, Jorah Velaryon,velaryon,Lord ,0098-06-11,Frostfang ,0092-01-01,BLANCO Y AZUL,0136-06-11,0141-06-11,39574.17,f,9, Registro pendiente de revisión 
2557,Rhaella Velaryon , Velaryon ,Lady,0104-12-02, Frostfang,0092-01-01,Blanco y azul ,0124-12-02,0143-12-02,44253.01,f,16, Participó en una batalla importante 
2558,Laenor Velaryon ,Velaryon, Ser,0092-01-01,FROSTFANG,0092-01-01,Blanco y azul ,0115-01-01,0132-01-01,90102.52,f,7, Herido durante una expedición 
2559,Vaemond Velaryon,Velaryon,Ser ,0085-01-01, Frostfang,0092-01-01,Blanco y azul ,0120-01-01,0125-01-01,63332.93,f,17, Participó en defensa del reino
2560,Corwyn Velaryon ,Velaryon, Ser,0096-08-14,FROSTFANG,0092-01-01, Blanco y azul,0116-08-14,0142-08-14,53047.90,f,5, Viaje diplomático
2561,Monterys Velaryon,velaryon,lord,0108-03-19, Frostfang,0092-01-01,Blanco y azul ,0137-03-19,0150-03-19,25785.67,f,5, Entrenamiento militar 
2562, Addam Velaryon ,Velaryon,SER,0101-01-01, Frostfang ,0092-01-01,BLANCO Y AZUL,0127-01-01,0132-01-01,71520.47,f,14,
2563,Laenor Velaryon ,velaryon,SER,0092-01-01, Frostfang ,0092-01-01, Blanco y azul,0125-01-01,0134-01-01,47422.61,f,6,Registro histórico
2564,Elaena Velaryon ,velaryon,LADY,0105-02-08,Frostfang ,0092-01-01, Blanco y azul,0131-02-08,0128-02-08,51179.91,f,16,Participó en una batalla importante 
2565,Laenor Velaryon , Velaryon ,SER,0092-01-01,Frostfang ,0092-01-01,Blanco y azul ,0114-01-01,0128-01-01,67200.90,f,16,ENTRENAMIENTO MILITAR
2566, Laenor Velaryon ,Velaryon,Ser ,0092-01-01,Frostfang ,0092-01-01, Blanco y azul,0125-01-01,0125-01-01,2361.72,f,18, Participó en una batalla importante
2567,Aethan Velaryon ,velaryon,SER,0099-07-22,Frostfang,0092-01-01,Blanco y azul ,0119-07-22,0141-07-22,49805.19,f,4,HERIDO DURANTE UNA EXPEDICIÓN
2568, Lucan Velaryon ,velaryon,ser,0107-05-04,FROSTFANG,0092-01-01,Blanco y azul,0126-05-04,0145-05-04,65211.59,f,10,REGISTRO PENDIENTE DE REVISIÓN
2569,Vaemond Velaryon ,VELARYON,Ser,0085-01-01,Frostfang ,0092-01-01,BLANCO Y AZUL,0116-01-01,0113-01-01,88628.01,f,10, Participó en defensa del reino
2570,Elaena Velaryon ,Velaryon,lady,0105-02-08,Frostfang ,0092-01-01, Blanco y azul,0124-02-08,0135-02-08,16746.69,f,13,JINETE EXPERIMENTADO
2571, Corlys Velaryon , Velaryon ,Lord de las Mareas,0070-01-01,FROSTFANG,0092-01-01,Blanco y azul,0094-01-01,0117-01-01,27682.89,f,17,Participó en defensa del reino 
2572, Vaemond Velaryon,velaryon,Ser ,0085-01-01,FROSTFANG,0092-01-01, Blanco y azul,0127-01-01,0127-01-01,7845.53,f,0,HERIDO DURANTE UNA EXPEDICIÓN
2573, Corlys Velaryon,Velaryon,lord de las mareas,0070-01-01, Frostfang ,0092-01-01,Blanco y azul ,0096-01-01,0114-01-01,82140.08,f,11,PARTICIPÓ EN UNA BATALLA IMPORTANTE
2574,Elaena Velaryon,Velaryon,Lady ,0105-02-08,Frostfang ,0092-01-01,Blanco y azul ,0143-02-08,0135-02-08,77876.25,f,10,
2575, Laenor Velaryon ,Velaryon,SER,0092-01-01, Frostfang ,0092-01-01,Blanco y azul ,0116-01-01,0120-01-01,38485.08,f,3, Herido durante una expedición
2576,Marilda Velaryon , Velaryon ,LADY,0087-09-27, Frostfang,0092-01-01, Blanco y azul,0106-09-27,0126-09-27,16234.53,f,16, Registro histórico 
2577, Corlys Velaryon ,VELARYON, Lord de las Mareas,0070-01-01,Frostfang ,0092-01-01,Blanco y azul ,0096-01-01,0109-01-01,13255.59,f,4,Herido durante una expedición 
2578,Vaella Velaryon,Velaryon, Lady,0109-11-16,Frostfang,0092-01-01, Blanco y azul,0138-11-16,0142-11-16,55577.94,f,3,HERIDO DURANTE UNA EXPEDICIÓN
2579,Alyn Velaryon , Velaryon , Ser,0100-01-01, Frostfang,0092-01-01,Blanco y azul ,0131-01-01,0126-01-01,30640.87,f,18,Mantuvo vínculos con otras casas 
2580,Laena Velaryon,VELARYON,Lady ,0093-01-01, Frostfang ,0092-01-01,Blanco y azul ,0123-01-01,0134-01-01,26527.86,f,15, Registro pendiente de revisión 
2581,Laenor Velaryon ,Velaryon,ser,0092-01-01,Frostfang ,0092-01-01,Blanco y azul ,0112-01-01,0134-01-01,88525.87,f,5,Registro histórico 
2582,Laena Velaryon, Velaryon ,Lady ,0093-01-01,Frostfang ,0092-01-01,Blanco y azul ,0127-01-01,0128-01-01,90138.55,f,3,Entrenamiento militar 
2583, Aethan Velaryon,Velaryon,Ser ,0099-07-22,Frostfang ,0092-01-01,Blanco y azul ,0133-07-22,0131-07-22,43522.90,f,16,PARTICIPÓ EN DEFENSA DEL REINO
2584, Elaena Velaryon,VELARYON,Lady,0105-02-08, Frostfang,0092-01-01,Blanco y azul ,0147-02-08,0142-02-08,10139.93,f,10,ENTRENAMIENTO MILITAR
2585,Vaemond Velaryon ,Velaryon, Ser,0085-01-01,Frostfang ,0092-01-01,BLANCO Y AZUL,0113-01-01,0121-01-01,10216.26,f,6,Participó en defensa del reino 
2586, Addam Velaryon,VELARYON,Ser ,0101-01-01, Frostfang,0092-01-01, Blanco y azul,0140-01-01,0148-01-01,13955.19,f,6,Participó en defensa del reino 
2587,Elaena Velaryon ,Velaryon,lady,0105-02-08, Frostfang,0092-01-01,BLANCO Y AZUL,0144-02-08,0133-02-08,55963.31,f,11,Participó en defensa del reino 
2588,Laena Velaryon , Velaryon ,Lady ,0093-01-01,FROSTFANG,0092-01-01,BLANCO Y AZUL,0127-01-01,0130-01-01,43626.00,f,3,Participó en una batalla importante 
2589,Monterys Velaryon,velaryon,lord,0108-03-19,FROSTFANG,0092-01-01, Blanco y azul,0130-03-19,0148-03-19,73356.56,f,11,JINETE EXPERIMENTADO
2590,Jorah Velaryon ,Velaryon,Lord ,0098-06-11, Frostfang ,0092-01-01,Blanco y azul ,0132-06-11,0143-06-11,52085.79,f,7,Participó en una batalla importante 
2591,Monterys Velaryon , Velaryon , Lord,0108-03-19, Frostfang ,0092-01-01,BLANCO Y AZUL,0130-03-19,0138-03-19,47379.42,f,11, Entrenamiento militar 
2592,Monterys Velaryon , Velaryon ,Lord ,0108-03-19, Frostfang ,0092-01-01,Blanco y azul ,0140-03-19,0134-03-19,37251.92,f,4,Participó en defensa del reino 
2593,Marilda Velaryon , Velaryon ,lady,0087-09-27,FROSTFANG,0092-01-01,Blanco y azul ,0123-09-27,0117-09-27,76662.56,f,0,Participó en defensa del reino
2594,Addam Velaryon ,velaryon,SER,0101-01-01,Frostfang ,0092-01-01,BLANCO Y AZUL,0132-01-01,0128-01-01,33406.89,f,14, Herido durante una expedición
2595, Laenor Velaryon,velaryon,ser,0092-01-01,FROSTFANG,0092-01-01,BLANCO Y AZUL,0122-01-01,0123-01-01,8309.42,f,9, Mantuvo vínculos con otras casas 
2596,Lucan Velaryon , Velaryon , Ser,0107-05-04, Frostfang ,0092-01-01,Blanco y azul ,0146-05-04,0150-05-04,12085.67,f,10, Viaje diplomático 
2597,Laenor Velaryon, Velaryon ,Ser ,0092-01-01,Frostfang ,0092-01-01,Blanco y azul ,0130-01-01,0126-01-01,8187.20,f,10, Herido durante una expedición 
2598,Rhaella Velaryon,Velaryon,LADY,0104-12-02,Frostfang ,0092-01-01,Blanco y azul ,0131-12-02,0128-12-02,71370.26,f,2, Herido durante una expedición
2599,Rhaella Velaryon ,VELARYON,lady,0104-12-02,Frostfang ,0092-01-01, Blanco y azul,0132-12-02,0137-12-02,47369.50,f,10, Herido durante una expedición 
2600, Jorah Velaryon , Velaryon ,LORD,0098-06-11, Frostfang,0092-01-01,Blanco y azul,0120-06-11,0143-06-11,73677.34,f,18,Viaje diplomático 
2601,Laenor Velaryon ,VELARYON, Ser,0092-01-01,Frostfang ,0092-01-01,Blanco y azul,0110-01-01,0119-01-01,27156.66,f,4, Jinete experimentado 
2602,Elaena Velaryon,velaryon,Lady,0105-02-08, Frostfang ,0092-01-01, Blanco y azul,0134-02-08,0147-02-08,15934.26,f,4,
2603,Marilda Velaryon ,Velaryon,lady,0087-09-27,Frostfang ,0092-01-01,Blanco y azul ,0111-09-27,0129-09-27,25863.63,f,11, Herido durante una expedición 
2604, Marilda Velaryon,Velaryon,LADY,0087-09-27, Frostfang,0092-01-01,Blanco y azul ,0106-09-27,0111-09-27,59457.29,f,7, Entrenamiento militar
2605,Corlys Velaryon ,velaryon,Lord de las Mareas ,0070-01-01,Frostfang ,0092-01-01,Blanco y azul ,0090-01-01,0116-01-01,55165.81,f,12,Registro histórico 
2606,Elaena Velaryon ,velaryon,lady,0105-02-08,FROSTFANG,0092-01-01,BLANCO Y AZUL,0145-02-08,0144-02-08,25331.49,f,18,REGISTRO HISTÓRICO
2607,Marilda Velaryon ,Velaryon,lady,0087-09-27,Frostfang ,0092-01-01,Blanco y azul ,0123-09-27,0118-09-27,35398.47,f,15, Entrenamiento militar 
2608, Laena Velaryon,Velaryon, Lady,0093-01-01,Frostfang,0092-01-01,Blanco y azul ,0135-01-01,0122-01-01,13386.53,f,11, Mantuvo vínculos con otras casas
2609,Lucan Velaryon ,VELARYON,ser,0107-05-04,FROSTFANG,0092-01-01,Blanco y azul,0149-05-04,0143-05-04,48122.20,f,11,VIAJE DIPLOMÁTICO
2610,Lucan Velaryon ,velaryon,ser,0107-05-04, Frostfang,0092-01-01, Blanco y azul,0128-05-04,0136-05-04,58098.28,f,12, Viaje diplomático
2611, Laena Velaryon,velaryon, Lady,0093-01-01, Frostfang ,0092-01-01,Blanco y azul ,0111-01-01,0122-01-01,73864.37,f,9,Herido durante una expedición 
2612,Alyn Velaryon,VELARYON, Ser,0100-01-01, Frostfang ,0092-01-01,Blanco y azul ,0138-01-01,0133-01-01,58130.18,f,16,Participó en defensa del reino 
2613, Monterys Velaryon, Velaryon ,lord,0108-03-19,Frostfang,0092-01-01,Blanco y azul,0145-03-19,0147-03-19,14210.55,f,14,Entrenamiento militar 
2614, Corlys Velaryon ,VELARYON,Lord de las Mareas ,0070-01-01,Frostfang ,0092-01-01,Blanco y azul ,0091-01-01,0093-01-01,42961.40,f,1,Registro pendiente de revisión 
2615, Lucan Velaryon,Velaryon,Ser ,0107-05-04, Frostfang ,0092-01-01,BLANCO Y AZUL,0146-05-04,0132-05-04,58069.78,f,18, Jinete experimentado
2616, Vaella Velaryon ,velaryon,LADY,0109-11-16, Frostfang ,0092-01-01, Blanco y azul,0151-11-16,0134-11-16,70667.95,f,15, Viaje diplomático
2617, Corwyn Velaryon,Velaryon,ser,0096-08-14,Frostfang,0092-01-01, Blanco y azul,0133-08-14,0130-08-14,43528.75,f,17,Jinete experimentado 
2618,Vaella Velaryon ,velaryon,Lady ,0109-11-16, Frostfang ,0092-01-01,BLANCO Y AZUL,0135-11-16,0141-11-16,74862.74,f,9,PARTICIPÓ EN UNA BATALLA IMPORTANTE
2619,Vaella Velaryon,VELARYON,lady,0109-11-16, Frostfang,0092-01-01, Blanco y azul,0147-11-16,0138-11-16,34760.15,f,3,
2620,Addam Velaryon, Velaryon ,Ser,0101-01-01,Frostfang ,0092-01-01,Blanco y azul ,0143-01-01,0148-01-01,26088.89,f,14, Viaje diplomático 
2621,Lucan Velaryon,VELARYON,Ser ,0107-05-04,Frostfang ,0092-01-01,Blanco y azul ,0145-05-04,0153-05-04,34972.98,f,13, Mantuvo vínculos con otras casas
2622,Aethan Velaryon ,velaryon,ser,0099-07-22,FROSTFANG,0092-01-01,Blanco y azul ,0128-07-22,0133-07-22,80311.41,f,14,Participó en una batalla importante 
2623, Alyn Velaryon ,VELARYON,ser,0100-01-01,Frostfang,0092-01-01, Blanco y azul,0139-01-01,0134-01-01,36975.75,f,7, Jinete experimentado
2624, Jorah Velaryon , Velaryon ,LORD,0098-06-11, Frostfang ,0092-01-01, Blanco y azul,0124-06-11,0130-06-11,31592.56,f,3, Participó en una batalla importante
2625, Lucan Velaryon ,VELARYON, Ser,0107-05-04,Frostfang ,0092-01-01,Blanco y azul ,0146-05-04,0137-05-04,83331.09,f,4,
2626, Marilda Velaryon, Velaryon ,LADY,0087-09-27,FROSTFANG,0092-01-01, Blanco y azul,0114-09-27,0110-09-27,41496.56,f,9, Participó en una batalla importante
2627,Laena Velaryon ,velaryon,lady,0093-01-01,Frostfang ,0092-01-01,BLANCO Y AZUL,0123-01-01,0127-01-01,36467.31,f,5, Registro histórico 
2628,Addam Velaryon , Velaryon ,ser,0101-01-01, Frostfang,0092-01-01,BLANCO Y AZUL,0125-01-01,0134-01-01,85676.83,f,6,
2629,Corlys Velaryon,velaryon,LORD DE LAS MAREAS,0070-01-01,FROSTFANG,0092-01-01,Blanco y azul ,0101-01-01,0104-01-01,60639.53,f,14,REGISTRO HISTÓRICO
2630,Lucan Velaryon , Velaryon ,Ser ,0107-05-04, Frostfang ,0092-01-01,BLANCO Y AZUL,0130-05-04,0146-05-04,25411.75,f,5, Registro pendiente de revisión
2631,Laenor Velaryon ,velaryon,ser,0092-01-01, Frostfang ,0092-01-01, Blanco y azul,0119-01-01,0137-01-01,88433.18,f,4, Registro histórico
2632,Lucan Velaryon,velaryon, Ser,0107-05-04,Frostfang,0092-01-01,Blanco y azul,0129-05-04,0149-05-04,65809.96,f,18, Jinete experimentado 
2633,Corwyn Velaryon ,Velaryon, Ser,0096-08-14, Frostfang ,0092-01-01, Blanco y azul,0121-08-14,0121-08-14,76927.77,f,7,Jinete experimentado 
2634, Addam Velaryon,Velaryon, Ser,0101-01-01,FROSTFANG,0092-01-01,BLANCO Y AZUL,0139-01-01,0141-01-01,52215.46,f,2,
2635,Alyn Velaryon ,Velaryon, Ser,0100-01-01,Frostfang,0092-01-01, Blanco y azul,0139-01-01,0137-01-01,53007.31,f,17, Jinete experimentado 
2636,Vaemond Velaryon , Velaryon ,ser,0085-01-01, Frostfang,0092-01-01, Blanco y azul,0107-01-01,0112-01-01,28093.17,f,0, Herido durante una expedición
2637,Corwyn Velaryon, Velaryon , Ser,0096-08-14, Frostfang,0092-01-01,Blanco y azul ,0125-08-14,0138-08-14,61332.46,f,2, Herido durante una expedición
2638, Elaena Velaryon,VELARYON,Lady ,0105-02-08, Frostfang ,0092-01-01,Blanco y azul ,0144-02-08,0141-02-08,35487.04,f,13,Participó en defensa del reino
2639, Corwyn Velaryon ,VELARYON,Ser ,0096-08-14, Frostfang ,0092-01-01,BLANCO Y AZUL,0117-08-14,0131-08-14,31940.82,f,5,Viaje diplomático 
2640,Laena Velaryon ,VELARYON, Lady,0093-01-01,Frostfang ,0092-01-01,BLANCO Y AZUL,0122-01-01,0140-01-01,76055.92,f,9, Viaje diplomático 
2641,Vaella Velaryon , Velaryon ,lady,0109-11-16,Frostfang,0092-01-01, Blanco y azul,0143-11-16,0155-11-16,66135.70,f,19, Participó en defensa del reino
2642, Vaella Velaryon , Velaryon , Lady,0109-11-16, Frostfang ,0092-01-01,Blanco y azul ,0127-11-16,0139-11-16,69163.47,f,8, Registro pendiente de revisión 
2643,Jorah Velaryon ,VELARYON,Lord ,0098-06-11,Frostfang ,0092-01-01,Blanco y azul,0128-06-11,0126-06-11,88502.05,f,17,Viaje diplomático 
2644,Rhaella Velaryon ,VELARYON,lady,0104-12-02, Frostfang,0092-01-01,Blanco y azul,0129-12-02,0130-12-02,83666.42,f,11,Mantuvo vínculos con otras casas 
2645,Corlys Velaryon ,VELARYON,LORD DE LAS MAREAS,0070-01-01, Frostfang ,0092-01-01,Blanco y azul ,0103-01-01,0099-01-01,40797.59,f,1, Participó en defensa del reino
2646, Monterys Velaryon ,Velaryon,lord,0108-03-19, Frostfang ,0092-01-01, Blanco y azul,0134-03-19,0141-03-19,88969.44,f,4,Registro pendiente de revisión 
2647,Corlys Velaryon , Velaryon , Lord de las Mareas,0070-01-01, Frostfang ,0092-01-01,Blanco y azul ,0093-01-01,0095-01-01,11023.99,f,15,Viaje diplomático 
2648, Marilda Velaryon, Velaryon , Lady,0087-09-27,Frostfang ,0092-01-01,Blanco y azul ,0117-09-27,0129-09-27,761.44,f,8, Participó en una batalla importante 
2649,Vaemond Velaryon ,Velaryon, Ser,0085-01-01,Frostfang ,0092-01-01,Blanco y azul ,0124-01-01,0111-01-01,54646.94,f,4, Participó en defensa del reino 
2650,Vaella Velaryon , Velaryon , Lady,0109-11-16, Frostfang ,0092-01-01,Blanco y azul ,0128-11-16,0152-11-16,24953.43,f,2, Registro pendiente de revisión 
2651, Vaemond Velaryon ,velaryon, Ser,0085-01-01, Frostfang,0092-01-01, Blanco y azul,0125-01-01,0109-01-01,54063.37,f,4, Mantuvo vínculos con otras casas 
2652,Lucan Velaryon, Velaryon , Ser,0107-05-04,FROSTFANG,0092-01-01,Blanco y azul ,0135-05-04,0152-05-04,60955.87,f,17, Registro histórico
2653,Rhaella Velaryon ,VELARYON, Lady,0104-12-02, Frostfang,0092-01-01,Blanco y azul ,0128-12-02,0144-12-02,19073.93,f,15,Participó en una batalla importante 
2654,Aethan Velaryon ,Velaryon,Ser,0099-07-22,FROSTFANG,0092-01-01,BLANCO Y AZUL,0117-07-22,0133-07-22,50625.63,f,15,
2655, Aethan Velaryon,velaryon,SER,0099-07-22, Frostfang,0092-01-01,BLANCO Y AZUL,0139-07-22,0137-07-22,46869.50,f,16,Participó en defensa del reino 
2656,Aethan Velaryon,Velaryon,ser,0099-07-22,FROSTFANG,0092-01-01,Blanco y azul ,0125-07-22,0143-07-22,2517.23,f,16,
2657, Monterys Velaryon, Velaryon , Lord,0108-03-19,Frostfang ,0092-01-01,Blanco y azul ,0129-03-19,0147-03-19,32773.70,f,8,
2658,Laenor Velaryon, Velaryon , Ser,0092-01-01,FROSTFANG,0092-01-01,Blanco y azul ,0117-01-01,0130-01-01,33780.80,f,18, Jinete experimentado 
2659,Addam Velaryon ,velaryon,ser,0101-01-01,Frostfang ,0092-01-01,Blanco y azul,0143-01-01,0137-01-01,36457.47,f,1,Participó en una batalla importante 
2660,Aethan Velaryon ,Velaryon,Ser ,0099-07-22,Frostfang,0092-01-01, Blanco y azul,0120-07-22,0138-07-22,38737.44,f,0, Participó en defensa del reino 
2661,Laena Velaryon,VELARYON,LADY,0093-01-01, Frostfang,0092-01-01,BLANCO Y AZUL,0129-01-01,0128-01-01,60517.15,f,2, Jinete experimentado 
2662,Aethan Velaryon , Velaryon , Ser,0099-07-22, Frostfang ,0092-01-01, Blanco y azul,0123-07-22,0122-07-22,73709.08,f,0, Registro pendiente de revisión 
2663,Addam Velaryon ,velaryon,SER,0101-01-01, Frostfang,0092-01-01,Blanco y azul ,0142-01-01,0135-01-01,27250.06,f,6,Mantuvo vínculos con otras casas 
2664,Alyn Velaryon,Velaryon,SER,0100-01-01, Frostfang,0092-01-01,Blanco y azul,0142-01-01,0146-01-01,87629.93,f,5,Participó en defensa del reino 
2665, Vaella Velaryon ,Velaryon,Lady ,0109-11-16, Frostfang ,0092-01-01,Blanco y azul,0134-11-16,0132-11-16,61273.26,f,0,PARTICIPÓ EN UNA BATALLA IMPORTANTE
2666, Jorah Velaryon ,velaryon,Lord ,0098-06-11,FROSTFANG,0092-01-01,BLANCO Y AZUL,0125-06-11,0141-06-11,41951.55,f,12, Registro pendiente de revisión 
2667,Corlys Velaryon ,Velaryon, Lord de las Mareas,0070-01-01,Frostfang,0092-01-01,BLANCO Y AZUL,0106-01-01,0116-01-01,90218.60,f,1,REGISTRO HISTÓRICO
2668, Addam Velaryon,Velaryon,Ser ,0101-01-01,Frostfang ,0092-01-01,Blanco y azul,0126-01-01,0144-01-01,27973.98,f,6,JINETE EXPERIMENTADO
2669,Alyn Velaryon,VELARYON,Ser ,0100-01-01,Frostfang ,0092-01-01,Blanco y azul ,0119-01-01,0140-01-01,81553.29,f,10,Viaje diplomático 
2670,Corlys Velaryon ,Velaryon,lord de las mareas,0070-01-01,Frostfang ,0092-01-01, Blanco y azul,0091-01-01,0113-01-01,72873.79,f,10, Participó en una batalla importante 
2671, Lucan Velaryon ,Velaryon,ser,0107-05-04, Frostfang,0092-01-01,BLANCO Y AZUL,0137-05-04,0146-05-04,83763.52,f,10,
2672,Elaena Velaryon,velaryon,lady,0105-02-08,Frostfang ,0092-01-01,Blanco y azul ,0129-02-08,0132-02-08,59066.85,f,3, Herido durante una expedición 
2673,Vaella Velaryon,velaryon, Lady,0109-11-16,FROSTFANG,0092-01-01,Blanco y azul ,0130-11-16,0133-11-16,57034.27,f,1,Participó en defensa del reino 
2674,Vaemond Velaryon ,VELARYON,SER,0085-01-01, Frostfang ,0092-01-01, Blanco y azul,0111-01-01,0111-01-01,39258.22,f,2,Registro pendiente de revisión
2675,Laena Velaryon ,Velaryon,lady,0093-01-01,FROSTFANG,0092-01-01,Blanco y azul ,0127-01-01,0117-01-01,88168.41,f,1,Viaje diplomático 
2676,Elaena Velaryon ,velaryon,lady,0105-02-08,Frostfang,0092-01-01, Blanco y azul,0140-02-08,0139-02-08,60279.79,f,13,
2677, Vaemond Velaryon, Velaryon ,ser,0085-01-01,FROSTFANG,0092-01-01,BLANCO Y AZUL,0103-01-01,0129-01-01,59442.18,f,14,Participó en una batalla importante 
2678, Rhaella Velaryon ,Velaryon,Lady ,0104-12-02,Frostfang,0092-01-01, Blanco y azul,0140-12-02,0139-12-02,30942.13,f,15, Registro pendiente de revisión 
2679,Monterys Velaryon ,velaryon,lord,0108-03-19, Frostfang,0092-01-01, Blanco y azul,0146-03-19,0148-03-19,69237.24,f,0, Participó en defensa del reino 
2680,Elaena Velaryon ,VELARYON, Lady,0105-02-08, Frostfang ,0092-01-01,Blanco y azul ,0145-02-08,0129-02-08,4594.35,f,5, Jinete experimentado 
2681,Vaemond Velaryon ,VELARYON, Ser,0085-01-01,Frostfang,0092-01-01,Blanco y azul ,0103-01-01,0119-01-01,23023.52,f,3, Mantuvo vínculos con otras casas
2682,Corlys Velaryon , Velaryon ,Lord de las Mareas ,0070-01-01,FROSTFANG,0092-01-01,Blanco y azul,0109-01-01,0103-01-01,22511.34,f,17,Entrenamiento militar 
2683, Monterys Velaryon,Velaryon, Lord,0108-03-19, Frostfang ,0092-01-01,Blanco y azul ,0143-03-19,0132-03-19,39079.74,f,3,REGISTRO PENDIENTE DE REVISIÓN
2684, Alyn Velaryon ,velaryon,ser,0100-01-01,Frostfang ,0092-01-01, Blanco y azul,0129-01-01,0125-01-01,7513.18,f,2,Participó en una batalla importante 
2685,Laenor Velaryon ,Velaryon, Ser,0092-01-01, Frostfang ,0092-01-01,Blanco y azul ,0115-01-01,0128-01-01,13608.08,f,14, Mantuvo vínculos con otras casas 
2686, Lucan Velaryon , Velaryon ,SER,0107-05-04, Frostfang,0092-01-01,Blanco y azul,0132-05-04,0140-05-04,85911.13,f,0,Viaje diplomático 
2687,Vaella Velaryon , Velaryon , Lady,0109-11-16, Frostfang ,0092-01-01,BLANCO Y AZUL,0149-11-16,0132-11-16,83882.91,f,7,Registro histórico 
2688,Alyn Velaryon,velaryon,Ser,0100-01-01, Frostfang,0092-01-01,BLANCO Y AZUL,0137-01-01,0140-01-01,65308.17,f,19, Participó en una batalla importante 
2689, Jorah Velaryon ,Velaryon, Lord,0098-06-11, Frostfang,0092-01-01,Blanco y azul ,0134-06-11,0126-06-11,51167.31,f,4, Jinete experimentado
2690, Vaella Velaryon,velaryon, Lady,0109-11-16,FROSTFANG,0092-01-01,Blanco y azul ,0136-11-16,0156-11-16,74231.59,f,13,
2691, Laena Velaryon,VELARYON,Lady ,0093-01-01, Frostfang ,0092-01-01,Blanco y azul ,0117-01-01,0124-01-01,31717.32,f,6,Participó en una batalla importante 
2692,Corwyn Velaryon , Velaryon ,Ser ,0096-08-14,FROSTFANG,0092-01-01,BLANCO Y AZUL,0131-08-14,0140-08-14,35362.16,f,5,
2693,Corwyn Velaryon ,Velaryon, Ser,0096-08-14,FROSTFANG,0092-01-01,BLANCO Y AZUL,0131-08-14,0129-08-14,86357.19,f,5,REGISTRO HISTÓRICO
2694, Corlys Velaryon ,velaryon,lord de las mareas,0070-01-01,FROSTFANG,0092-01-01,Blanco y azul ,0094-01-01,0097-01-01,33145.22,f,12,
2695, Marilda Velaryon, Velaryon ,lady,0087-09-27,FROSTFANG,0092-01-01,Blanco y azul,0119-09-27,0124-09-27,21449.92,f,10,
2696,Elaena Velaryon , Velaryon , Lady,0105-02-08,Frostfang ,0092-01-01, Blanco y azul,0130-02-08,0128-02-08,71229.45,f,0, Viaje diplomático
2697, Laena Velaryon ,VELARYON, Lady,0093-01-01, Frostfang ,0092-01-01,Blanco y azul ,0133-01-01,0130-01-01,86934.51,f,8, Registro pendiente de revisión 
2698, Lucan Velaryon,VELARYON,ser,0107-05-04,Frostfang ,0092-01-01,Blanco y azul ,0147-05-04,0134-05-04,22463.50,f,9,ENTRENAMIENTO MILITAR
2699,Vaella Velaryon ,Velaryon, Lady,0109-11-16, Frostfang,0092-01-01,Blanco y azul ,0142-11-16,0136-11-16,82348.63,f,17, Entrenamiento militar
2700,Alyn Velaryon,velaryon,SER,0100-01-01, Frostfang,0092-01-01,Blanco y azul ,0128-01-01,0131-01-01,36614.21,f,19,Mantuvo vínculos con otras casas 
2701,Corlys Velaryon ,velaryon, Lord de las Mareas,0070-01-01,Frostfang ,0092-01-01,Blanco y azul ,0093-01-01,0097-01-01,9031.69,f,10,Registro histórico
2702,Marilda Velaryon ,VELARYON,lady,0087-09-27, Frostfang ,0092-01-01,Blanco y azul,0116-09-27,0113-09-27,56417.87,f,12,Registro pendiente de revisión
2703, Marilda Velaryon , Velaryon ,LADY,0087-09-27, Frostfang,0092-01-01,Blanco y azul ,0119-09-27,0119-09-27,37192.04,f,7, Entrenamiento militar
2704, Alyn Velaryon, Velaryon ,ser,0100-01-01, Frostfang,0092-01-01,BLANCO Y AZUL,0137-01-01,0125-01-01,84452.50,f,1, Participó en una batalla importante
2705,Alyn Velaryon ,velaryon,ser,0100-01-01, Frostfang ,0092-01-01,Blanco y azul ,0124-01-01,0147-01-01,62435.74,f,7,VIAJE DIPLOMÁTICO
2706,Vaemond Velaryon ,velaryon, Ser,0085-01-01,FROSTFANG,0092-01-01,Blanco y azul ,0109-01-01,0111-01-01,4070.08,f,13, Viaje diplomático 
2707,Laenor Velaryon ,velaryon,SER,0092-01-01,Frostfang,0092-01-01,Blanco y azul ,0128-01-01,0119-01-01,76975.69,f,0, Registro histórico 
2708, Addam Velaryon,Velaryon, Ser,0101-01-01,FROSTFANG,0092-01-01,Blanco y azul ,0136-01-01,0141-01-01,1590.87,f,4,Participó en defensa del reino 
2709, Monterys Velaryon,velaryon,Lord ,0108-03-19,Frostfang ,0092-01-01,Blanco y azul ,0142-03-19,0154-03-19,28961.98,f,9,Mantuvo vínculos con otras casas 
2710, Elaena Velaryon , Velaryon ,Lady ,0105-02-08, Frostfang ,0092-01-01,BLANCO Y AZUL,0128-02-08,0135-02-08,48987.69,f,9,PARTICIPÓ EN UNA BATALLA IMPORTANTE
2711,Marilda Velaryon,Velaryon,lady,0087-09-27, Frostfang ,0092-01-01,Blanco y azul,0123-09-27,0112-09-27,51343.77,f,19, Registro pendiente de revisión 
2712, Vaemond Velaryon,VELARYON,ser,0085-01-01, Frostfang ,0092-01-01,Blanco y azul ,0114-01-01,0129-01-01,11743.71,f,8,
2713, Alyn Velaryon ,Velaryon,ser,0100-01-01,FROSTFANG,0092-01-01, Blanco y azul,0134-01-01,0141-01-01,59577.87,f,5,Mantuvo vínculos con otras casas 
2714, Marilda Velaryon ,Velaryon,lady,0087-09-27,Frostfang ,0092-01-01,Blanco y azul ,0108-09-27,0131-09-27,86797.10,f,2,REGISTRO HISTÓRICO
2715,Alyn Velaryon ,Velaryon,Ser ,0100-01-01, Frostfang ,0092-01-01, Blanco y azul,0128-01-01,0134-01-01,63360.77,f,2,Participó en una batalla importante
2716, Jorah Velaryon ,Velaryon,lord,0098-06-11,Frostfang ,0092-01-01,Blanco y azul,0130-06-11,0130-06-11,18497.30,f,6,Jinete experimentado 
2717, Jorah Velaryon,Velaryon,lord,0098-06-11,Frostfang ,0092-01-01, Blanco y azul,0135-06-11,0124-06-11,76565.23,f,0, Registro histórico 
2718,Rhaella Velaryon ,Velaryon,lady,0104-12-02,Frostfang ,0092-01-01,BLANCO Y AZUL,0133-12-02,0151-12-02,29343.29,f,15, Herido durante una expedición 
2719, Elaena Velaryon ,velaryon,LADY,0105-02-08, Frostfang ,0092-01-01,Blanco y azul ,0128-02-08,0141-02-08,87704.56,f,11, Participó en una batalla importante
2720, Corlys Velaryon , Velaryon ,Lord de las Mareas ,0070-01-01,Frostfang ,0092-01-01, Blanco y azul,0105-01-01,0099-01-01,29565.68,f,15, Registro pendiente de revisión 
2721, Monterys Velaryon ,velaryon,lord,0108-03-19,FROSTFANG,0092-01-01,Blanco y azul ,0150-03-19,0144-03-19,67810.74,f,13,VIAJE DIPLOMÁTICO
2722,Addam Velaryon,velaryon, Ser,0101-01-01,FROSTFANG,0092-01-01,Blanco y azul ,0137-01-01,0128-01-01,81231.06,f,16, Registro histórico 
2723,Corwyn Velaryon , Velaryon , Ser,0096-08-14, Frostfang ,0092-01-01,BLANCO Y AZUL,0128-08-14,0121-08-14,31092.01,f,4, Participó en defensa del reino
2724,Addam Velaryon , Velaryon , Ser,0101-01-01,FROSTFANG,0092-01-01,Blanco y azul ,0134-01-01,0140-01-01,32483.00,f,12, Mantuvo vínculos con otras casas 
2725,Elaena Velaryon ,velaryon,LADY,0105-02-08,Frostfang,0092-01-01,Blanco y azul ,0136-02-08,0147-02-08,776.02,f,14,Entrenamiento militar 
2726, Marilda Velaryon , Velaryon ,LADY,0087-09-27,Frostfang ,0092-01-01,BLANCO Y AZUL,0125-09-27,0117-09-27,35645.12,f,3, Viaje diplomático
2727,Lucan Velaryon,velaryon,ser,0107-05-04,Frostfang ,0092-01-01, Blanco y azul,0137-05-04,0149-05-04,60460.84,f,4,
2728, Elaena Velaryon , Velaryon , Lady,0105-02-08,Frostfang ,0092-01-01, Blanco y azul,0132-02-08,0142-02-08,46962.18,f,18,PARTICIPÓ EN DEFENSA DEL REINO
2729,Aethan Velaryon ,Velaryon,ser,0099-07-22, Frostfang ,0092-01-01,Blanco y azul ,0132-07-22,0134-07-22,58212.04,f,10,Jinete experimentado 
2730, Corlys Velaryon ,Velaryon,Lord de las Mareas,0070-01-01, Frostfang,0092-01-01,Blanco y azul ,0108-01-01,0113-01-01,679.47,f,10, Participó en defensa del reino
2731,Alyn Velaryon, Velaryon ,ser,0100-01-01,Frostfang ,0092-01-01,Blanco y azul,0134-01-01,0133-01-01,33604.05,f,6,VIAJE DIPLOMÁTICO
2732, Marilda Velaryon,Velaryon,LADY,0087-09-27,FROSTFANG,0092-01-01,Blanco y azul ,0113-09-27,0110-09-27,61456.87,f,2,HERIDO DURANTE UNA EXPEDICIÓN
2733,Corwyn Velaryon ,velaryon, Ser,0096-08-14, Frostfang ,0092-01-01,BLANCO Y AZUL,0114-08-14,0126-08-14,89263.26,f,14, Herido durante una expedición
2734, Monterys Velaryon ,VELARYON,lord,0108-03-19,FROSTFANG,0092-01-01,BLANCO Y AZUL,0130-03-19,0145-03-19,82112.70,f,16,Participó en una batalla importante 
2735,Monterys Velaryon ,Velaryon, Lord,0108-03-19,Frostfang ,0092-01-01,BLANCO Y AZUL,0143-03-19,0153-03-19,73226.24,f,0,Mantuvo vínculos con otras casas 
2736, Elaena Velaryon , Velaryon ,LADY,0105-02-08, Frostfang,0092-01-01,Blanco y azul,0132-02-08,0141-02-08,17448.33,f,13, Participó en defensa del reino
2737, Corlys Velaryon,VELARYON,lord de las mareas,0070-01-01,Frostfang ,0092-01-01, Blanco y azul,0110-01-01,0113-01-01,56883.93,f,5,ENTRENAMIENTO MILITAR
2738, Lucan Velaryon ,velaryon,ser,0107-05-04,FROSTFANG,0092-01-01, Blanco y azul,0142-05-04,0134-05-04,67339.82,f,11,Jinete experimentado 
2739,Elaena Velaryon ,Velaryon,lady,0105-02-08,FROSTFANG,0092-01-01,Blanco y azul ,0125-02-08,0152-02-08,47629.22,f,7, Entrenamiento militar 
2740,Vaemond Velaryon ,Velaryon, Ser,0085-01-01,FROSTFANG,0092-01-01,Blanco y azul ,0113-01-01,0129-01-01,84317.65,f,1, Registro pendiente de revisión 
2741, Vaemond Velaryon,velaryon,SER,0085-01-01,Frostfang ,0092-01-01,BLANCO Y AZUL,0127-01-01,0122-01-01,56553.05,f,4, Mantuvo vínculos con otras casas
2742, Alyn Velaryon,velaryon, Ser,0100-01-01, Frostfang,0092-01-01, Blanco y azul,0130-01-01,0137-01-01,29651.54,f,13, Herido durante una expedición
2743,Corlys Velaryon ,VELARYON, Lord de las Mareas,0070-01-01,FROSTFANG,0092-01-01,Blanco y azul,0106-01-01,0103-01-01,14306.45,f,8,Herido durante una expedición 
2744,Jorah Velaryon ,VELARYON,Lord ,0098-06-11,Frostfang ,0092-01-01,BLANCO Y AZUL,0125-06-11,0131-06-11,74433.44,f,16, Registro histórico 
2745,Lucan Velaryon,velaryon,SER,0107-05-04, Frostfang,0092-01-01,BLANCO Y AZUL,0136-05-04,0144-05-04,25561.82,f,18, Participó en una batalla importante
2746,Laenor Velaryon , Velaryon ,SER,0092-01-01, Frostfang,0092-01-01, Blanco y azul,0126-01-01,0115-01-01,75645.11,f,14,
2747,Laena Velaryon ,Velaryon,lady,0093-01-01, Frostfang ,0092-01-01,BLANCO Y AZUL,0131-01-01,0138-01-01,43151.73,f,6,Registro pendiente de revisión 
2748, Laena Velaryon ,Velaryon,lady,0093-01-01,FROSTFANG,0092-01-01,Blanco y azul ,0122-01-01,0130-01-01,17409.88,f,9,HERIDO DURANTE UNA EXPEDICIÓN
2749, Marilda Velaryon, Velaryon ,Lady ,0087-09-27, Frostfang ,0092-01-01,Blanco y azul ,0117-09-27,0122-09-27,40848.69,f,1,
2750, Monterys Velaryon ,Velaryon, Lord,0108-03-19,Frostfang ,0092-01-01, Blanco y azul,0130-03-19,0138-03-19,14645.92,f,10,
2751, Corwyn Velaryon , Velaryon ,SER,0096-08-14,Frostfang ,0092-01-01,Blanco y azul,0138-08-14,0140-08-14,32341.54,f,18,Participó en una batalla importante 
2752,Rhaella Velaryon ,velaryon,Lady ,0104-12-02,Frostfang ,0092-01-01, Blanco y azul,0135-12-02,0133-12-02,81961.53,f,2,Viaje diplomático 
2753,Corwyn Velaryon,velaryon,ser,0096-08-14,FROSTFANG,0092-01-01, Blanco y azul,0130-08-14,0137-08-14,51826.09,f,7, Entrenamiento militar
2754, Jorah Velaryon, Velaryon ,Lord,0098-06-11, Frostfang,0092-01-01,BLANCO Y AZUL,0122-06-11,0142-06-11,26231.34,f,4,Herido durante una expedición 
2755,Monterys Velaryon , Velaryon , Lord,0108-03-19,FROSTFANG,0092-01-01,BLANCO Y AZUL,0145-03-19,0145-03-19,75140.68,f,2,PARTICIPÓ EN DEFENSA DEL REINO
2756,Lucan Velaryon ,Velaryon,ser,0107-05-04,Frostfang ,0092-01-01,Blanco y azul ,0139-05-04,0154-05-04,13295.89,f,19,Viaje diplomático 
2757, Monterys Velaryon, Velaryon ,lord,0108-03-19, Frostfang ,0092-01-01,Blanco y azul ,0149-03-19,0139-03-19,88009.75,f,0, Participó en defensa del reino 
2758,Aethan Velaryon ,Velaryon,ser,0099-07-22,Frostfang,0092-01-01, Blanco y azul,0124-07-22,0135-07-22,84194.78,f,11, Participó en una batalla importante 
2759,Laena Velaryon ,velaryon,LADY,0093-01-01,Frostfang,0092-01-01, Blanco y azul,0120-01-01,0123-01-01,76673.77,f,12,Registro pendiente de revisión 
2760, Jorah Velaryon,VELARYON,LORD,0098-06-11,FROSTFANG,0092-01-01, Blanco y azul,0119-06-11,0127-06-11,32500.35,f,0, Jinete experimentado 
2761, Elaena Velaryon, Velaryon ,Lady ,0105-02-08, Frostfang ,0092-01-01,BLANCO Y AZUL,0136-02-08,0151-02-08,89808.79,f,12,REGISTRO HISTÓRICO
2762,Corwyn Velaryon ,Velaryon,ser,0096-08-14, Frostfang,0092-01-01,Blanco y azul ,0127-08-14,0137-08-14,3611.27,f,17, Entrenamiento militar
2763,Lucan Velaryon,Velaryon,Ser ,0107-05-04,Frostfang ,0092-01-01,Blanco y azul,0136-05-04,0153-05-04,12185.21,f,1,Participó en defensa del reino 
2764, Marilda Velaryon,Velaryon,Lady ,0087-09-27, Frostfang ,0092-01-01, Blanco y azul,0105-09-27,0110-09-27,11005.98,f,17,Mantuvo vínculos con otras casas 
2765, Elaena Velaryon,velaryon,Lady ,0105-02-08,Frostfang,0092-01-01,BLANCO Y AZUL,0133-02-08,0129-02-08,50009.06,f,1, Participó en una batalla importante 
2766, Rhaella Velaryon,Velaryon, Lady,0104-12-02, Frostfang ,0092-01-01,BLANCO Y AZUL,0137-12-02,0147-12-02,66177.86,f,12, Jinete experimentado 
2767, Alyn Velaryon,VELARYON,ser,0100-01-01,Frostfang ,0092-01-01,Blanco y azul ,0133-01-01,0134-01-01,88834.92,f,5, Herido durante una expedición 
2768, Elaena Velaryon ,Velaryon,lady,0105-02-08,Frostfang ,0092-01-01,BLANCO Y AZUL,0136-02-08,0139-02-08,76602.96,f,13,Viaje diplomático
2769, Laena Velaryon ,Velaryon,LADY,0093-01-01, Frostfang ,0092-01-01,BLANCO Y AZUL,0122-01-01,0134-01-01,36965.31,f,15,ENTRENAMIENTO MILITAR
2770,Marilda Velaryon ,VELARYON,LADY,0087-09-27,Frostfang ,0092-01-01,Blanco y azul ,0122-09-27,0120-09-27,75198.76,f,15, Registro histórico
2771,Monterys Velaryon , Velaryon ,Lord,0108-03-19, Frostfang ,0092-01-01,Blanco y azul,0131-03-19,0139-03-19,15620.55,f,2, Jinete experimentado
2772, Corwyn Velaryon ,Velaryon,Ser,0096-08-14,FROSTFANG,0092-01-01,Blanco y azul,0131-08-14,0138-08-14,9226.46,f,6,Herido durante una expedición 
2773,Addam Velaryon ,VELARYON, Ser,0101-01-01,Frostfang ,0092-01-01,BLANCO Y AZUL,0142-01-01,0131-01-01,72183.04,f,15,Jinete experimentado 
2774,Vaemond Velaryon ,VELARYON,Ser,0085-01-01,Frostfang ,0092-01-01, Blanco y azul,0115-01-01,0130-01-01,60581.12,f,8,Registro pendiente de revisión
2775, Rhaella Velaryon,velaryon,lady,0104-12-02,Frostfang ,0092-01-01, Blanco y azul,0145-12-02,0130-12-02,19351.94,f,11,REGISTRO PENDIENTE DE REVISIÓN
2776,Alyn Velaryon ,velaryon, Ser,0100-01-01,Frostfang ,0092-01-01,Blanco y azul ,0138-01-01,0131-01-01,50088.36,f,8,Registro histórico
2777, Lucan Velaryon,velaryon,SER,0107-05-04, Frostfang ,0092-01-01,Blanco y azul ,0149-05-04,0138-05-04,85418.33,f,6, Registro pendiente de revisión
2778, Monterys Velaryon, Velaryon , Lord,0108-03-19,Frostfang ,0092-01-01, Blanco y azul,0132-03-19,0132-03-19,58481.18,f,15,Participó en defensa del reino 
2779,Laenor Velaryon , Velaryon , Ser,0092-01-01, Frostfang ,0092-01-01,BLANCO Y AZUL,0134-01-01,0124-01-01,43358.95,f,9, Entrenamiento militar
2780, Lucan Velaryon ,Velaryon,ser,0107-05-04, Frostfang ,0092-01-01, Blanco y azul,0126-05-04,0139-05-04,13544.41,f,8,Mantuvo vínculos con otras casas 
2781, Jorah Velaryon ,Velaryon,Lord ,0098-06-11,Frostfang ,0092-01-01,BLANCO Y AZUL,0128-06-11,0137-06-11,50169.41,f,12,
2782, Marilda Velaryon ,velaryon,Lady ,0087-09-27,Frostfang ,0092-01-01, Blanco y azul,0124-09-27,0110-09-27,17462.75,f,19,PARTICIPÓ EN UNA BATALLA IMPORTANTE
2783,Rhaella Velaryon ,Velaryon,lady,0104-12-02,Frostfang,0092-01-01,BLANCO Y AZUL,0139-12-02,0151-12-02,65440.02,f,3,Registro histórico 
2784, Rhaella Velaryon,VELARYON,lady,0104-12-02,Frostfang ,0092-01-01,Blanco y azul ,0141-12-02,0136-12-02,26004.22,f,13, Mantuvo vínculos con otras casas
2785,Rhaella Velaryon ,Velaryon,lady,0104-12-02, Frostfang,0092-01-01,Blanco y azul ,0134-12-02,0151-12-02,1025.02,f,2,Registro histórico 
2786,Corwyn Velaryon ,Velaryon,SER,0096-08-14,Frostfang ,0092-01-01,Blanco y azul ,0129-08-14,0141-08-14,12408.83,f,4,Registro histórico 
2787, Lucan Velaryon ,VELARYON, Ser,0107-05-04, Frostfang ,0092-01-01, Blanco y azul,0136-05-04,0135-05-04,8116.72,f,0,HERIDO DURANTE UNA EXPEDICIÓN
2788,Corlys Velaryon ,velaryon,LORD DE LAS MAREAS,0070-01-01,FROSTFANG,0092-01-01,BLANCO Y AZUL,0110-01-01,0100-01-01,83009.44,f,14, Participó en una batalla importante 
2789, Rhaella Velaryon , Velaryon ,LADY,0104-12-02, Frostfang ,0092-01-01,BLANCO Y AZUL,0146-12-02,0127-12-02,26759.39,f,15, Entrenamiento militar 
2790,Jorah Velaryon ,velaryon,Lord,0098-06-11,Frostfang ,0092-01-01,BLANCO Y AZUL,0137-06-11,0130-06-11,83923.41,f,7, Mantuvo vínculos con otras casas
2791, Aethan Velaryon, Velaryon , Ser,0099-07-22, Frostfang,0092-01-01, Blanco y azul,0140-07-22,0128-07-22,21943.03,f,7, Participó en defensa del reino 
2792,Marilda Velaryon ,velaryon, Lady,0087-09-27,Frostfang ,0092-01-01, Blanco y azul,0128-09-27,0118-09-27,49374.95,f,17,
2793, Vaemond Velaryon ,Velaryon,ser,0085-01-01,Frostfang ,0092-01-01,BLANCO Y AZUL,0104-01-01,0127-01-01,30620.16,f,13,Entrenamiento militar 
2794,Alyn Velaryon ,VELARYON,Ser ,0100-01-01, Frostfang ,0092-01-01, Blanco y azul,0129-01-01,0142-01-01,17374.91,f,15,VIAJE DIPLOMÁTICO
2795,Addam Velaryon , Velaryon ,Ser ,0101-01-01,Frostfang ,0092-01-01,BLANCO Y AZUL,0120-01-01,0133-01-01,83583.37,f,2,Jinete experimentado 
2796,Aethan Velaryon ,Velaryon,SER,0099-07-22,Frostfang,0092-01-01,BLANCO Y AZUL,0136-07-22,0129-07-22,40064.43,f,18,Participó en defensa del reino 
2797, Corwyn Velaryon,Velaryon,SER,0096-08-14, Frostfang,0092-01-01,Blanco y azul ,0128-08-14,0121-08-14,3323.02,f,15,MANTUVO VÍNCULOS CON OTRAS CASAS
2798,Lucan Velaryon ,Velaryon,ser,0107-05-04, Frostfang ,0092-01-01,Blanco y azul ,0126-05-04,0137-05-04,27068.04,f,6,
2799, Laena Velaryon,VELARYON,lady,0093-01-01,FROSTFANG,0092-01-01,Blanco y azul ,0135-01-01,0138-01-01,76004.83,f,5,JINETE EXPERIMENTADO
2800, Laenor Velaryon ,Velaryon,SER,0092-01-01,Frostfang ,0092-01-01,Blanco y azul,0112-01-01,0116-01-01,64491.00,f,0,
2801,Aethan Velaryon ,velaryon, Ser,0099-07-22,Frostfang ,0092-01-01,BLANCO Y AZUL,0141-07-22,0140-07-22,13866.49,f,5,Registro pendiente de revisión 
2802,Laena Velaryon ,Velaryon,Lady ,0093-01-01, Frostfang ,0092-01-01,BLANCO Y AZUL,0130-01-01,0116-01-01,54680.70,f,3, Entrenamiento militar 
2803,Lucan Velaryon ,velaryon, Ser,0107-05-04,Frostfang,0092-01-01,Blanco y azul ,0141-05-04,0135-05-04,65662.25,f,7,Entrenamiento militar 
2804,Vaemond Velaryon,Velaryon,SER,0085-01-01, Frostfang,0092-01-01,Blanco y azul ,0110-01-01,0116-01-01,8934.73,f,10,Participó en defensa del reino 
2805,Aethan Velaryon ,velaryon,Ser,0099-07-22,Frostfang ,0092-01-01,Blanco y azul ,0128-07-22,0128-07-22,41573.23,f,5, Entrenamiento militar 
2806, Corlys Velaryon ,velaryon, Lord de las Mareas,0070-01-01, Frostfang,0092-01-01,BLANCO Y AZUL,0103-01-01,0102-01-01,83238.54,f,16,Registro pendiente de revisión 
2807,Monterys Velaryon ,Velaryon,lord,0108-03-19, Frostfang ,0092-01-01,BLANCO Y AZUL,0131-03-19,0134-03-19,60404.37,f,3, Mantuvo vínculos con otras casas 
2808, Laenor Velaryon,Velaryon,ser,0092-01-01, Frostfang ,0092-01-01, Blanco y azul,0128-01-01,0130-01-01,36210.62,f,10,Participó en defensa del reino 
2809, Monterys Velaryon,Velaryon,lord,0108-03-19,Frostfang ,0092-01-01, Blanco y azul,0126-03-19,0151-03-19,1035.58,f,6, Participó en defensa del reino 
2810, Corlys Velaryon ,Velaryon,LORD DE LAS MAREAS,0070-01-01, Frostfang ,0092-01-01,Blanco y azul ,0107-01-01,0112-01-01,15400.58,f,18, Jinete experimentado 
2811,Corwyn Velaryon ,Velaryon,ser,0096-08-14, Frostfang,0092-01-01,Blanco y azul ,0136-08-14,0126-08-14,34967.33,f,9,Viaje diplomático 
2812, Corwyn Velaryon,Velaryon,ser,0096-08-14, Frostfang,0092-01-01,BLANCO Y AZUL,0131-08-14,0130-08-14,36377.10,f,6, Registro pendiente de revisión 
2813, Laenor Velaryon,velaryon,SER,0092-01-01,Frostfang ,0092-01-01,Blanco y azul,0128-01-01,0136-01-01,61071.13,f,17, Registro pendiente de revisión 
2814, Jorah Velaryon,VELARYON,Lord ,0098-06-11, Frostfang ,0092-01-01,BLANCO Y AZUL,0130-06-11,0140-06-11,15967.77,f,8, Viaje diplomático 
2815,Corwyn Velaryon ,Velaryon, Ser,0096-08-14, Frostfang ,0092-01-01,Blanco y azul ,0127-08-14,0129-08-14,47480.40,f,12, Entrenamiento militar
2816, Corwyn Velaryon, Velaryon , Ser,0096-08-14, Frostfang ,0092-01-01,BLANCO Y AZUL,0138-08-14,0131-08-14,19572.75,f,3, Participó en una batalla importante 
2817,Aethan Velaryon ,velaryon, Ser,0099-07-22, Frostfang ,0092-01-01,Blanco y azul ,0123-07-22,0132-07-22,77170.16,f,16, Entrenamiento militar 
2818,Rhaella Velaryon , Velaryon ,Lady ,0104-12-02,Frostfang ,0092-01-01,Blanco y azul,0138-12-02,0148-12-02,77935.07,f,12,Jinete experimentado 
2819, Elaena Velaryon ,velaryon,lady,0105-02-08,Frostfang ,0092-01-01, Blanco y azul,0143-02-08,0135-02-08,25630.66,f,7,REGISTRO PENDIENTE DE REVISIÓN
2820, Vaemond Velaryon ,Velaryon,Ser,0085-01-01, Frostfang,0092-01-01,BLANCO Y AZUL,0122-01-01,0111-01-01,81224.92,f,11, Herido durante una expedición
2821, Vaella Velaryon, Velaryon ,lady,0109-11-16, Frostfang ,0092-01-01,Blanco y azul ,0131-11-16,0132-11-16,60876.31,f,2, Mantuvo vínculos con otras casas 
2822,Lucan Velaryon ,velaryon,ser,0107-05-04,Frostfang ,0092-01-01,Blanco y azul,0129-05-04,0146-05-04,77684.56,f,2, Participó en una batalla importante 
2823,Corwyn Velaryon , Velaryon ,ser,0096-08-14,Frostfang ,0092-01-01,Blanco y azul ,0132-08-14,0140-08-14,32945.15,f,7,REGISTRO HISTÓRICO
2824,Aethan Velaryon,velaryon,ser,0099-07-22, Frostfang,0092-01-01,Blanco y azul ,0141-07-22,0128-07-22,25999.71,f,10, Herido durante una expedición 
2825,Aethan Velaryon ,Velaryon, Ser,0099-07-22, Frostfang ,0092-01-01, Blanco y azul,0134-07-22,0131-07-22,39849.01,f,4,Jinete experimentado 
2826, Corlys Velaryon,velaryon,lord de las mareas,0070-01-01,Frostfang ,0092-01-01,BLANCO Y AZUL,0094-01-01,0115-01-01,72247.12,f,18, Participó en una batalla importante 
2827, Lucan Velaryon,velaryon, Ser,0107-05-04,FROSTFANG,0092-01-01,Blanco y azul ,0143-05-04,0147-05-04,42762.42,f,6,MANTUVO VÍNCULOS CON OTRAS CASAS
2828,Monterys Velaryon ,Velaryon,lord,0108-03-19, Frostfang ,0092-01-01, Blanco y azul,0131-03-19,0131-03-19,10925.91,f,0,Jinete experimentado 
2829,Addam Velaryon ,velaryon,Ser ,0101-01-01, Frostfang,0092-01-01,Blanco y azul ,0126-01-01,0147-01-01,13590.35,f,7,Registro pendiente de revisión 
2830,Aethan Velaryon ,Velaryon, Ser,0099-07-22, Frostfang ,0092-01-01, Blanco y azul,0139-07-22,0132-07-22,18786.55,f,4,
2831, Alyn Velaryon ,velaryon,Ser ,0100-01-01,Frostfang ,0092-01-01,Blanco y azul ,0121-01-01,0140-01-01,88109.15,f,19,Participó en una batalla importante 
2832, Laenor Velaryon ,Velaryon,ser,0092-01-01,Frostfang,0092-01-01,BLANCO Y AZUL,0122-01-01,0119-01-01,78478.42,f,2,PARTICIPÓ EN DEFENSA DEL REINO
2833, Corwyn Velaryon,Velaryon,ser,0096-08-14,FROSTFANG,0092-01-01,BLANCO Y AZUL,0135-08-14,0141-08-14,26059.28,f,7,Herido durante una expedición 
2834,Alyn Velaryon ,VELARYON, Ser,0100-01-01, Frostfang,0092-01-01,BLANCO Y AZUL,0132-01-01,0138-01-01,6810.66,f,12,Registro histórico 
2835,Monterys Velaryon , Velaryon ,Lord ,0108-03-19,Frostfang ,0092-01-01,Blanco y azul ,0134-03-19,0152-03-19,11937.52,f,5,VIAJE DIPLOMÁTICO
2836, Lucan Velaryon,VELARYON,SER,0107-05-04,Frostfang ,0092-01-01,Blanco y azul ,0129-05-04,0153-05-04,64845.76,f,6,Registro histórico 
2837, Laenor Velaryon, Velaryon ,SER,0092-01-01,Frostfang ,0092-01-01, Blanco y azul,0123-01-01,0125-01-01,89259.56,f,3, Entrenamiento militar
2838,Elaena Velaryon, Velaryon ,Lady ,0105-02-08,FROSTFANG,0092-01-01, Blanco y azul,0131-02-08,0148-02-08,50181.40,f,13,Registro pendiente de revisión 
2839, Laena Velaryon ,Velaryon,LADY,0093-01-01, Frostfang ,0092-01-01,Blanco y azul,0135-01-01,0117-01-01,38548.83,f,17, Herido durante una expedición
2840, Marilda Velaryon,Velaryon,lady,0087-09-27, Frostfang ,0092-01-01,Blanco y azul ,0126-09-27,0124-09-27,66886.65,f,7,Jinete experimentado 
2841,Aethan Velaryon,VELARYON, Ser,0099-07-22,Frostfang,0092-01-01,Blanco y azul ,0124-07-22,0125-07-22,54286.75,f,0, Participó en una batalla importante
2842,Corlys Velaryon , Velaryon ,LORD DE LAS MAREAS,0070-01-01,Frostfang ,0092-01-01,Blanco y azul ,0100-01-01,0113-01-01,30621.13,f,17, Registro histórico 
2843, Elaena Velaryon , Velaryon ,lady,0105-02-08, Frostfang,0092-01-01,Blanco y azul ,0143-02-08,0151-02-08,29503.37,f,7,Registro pendiente de revisión 
2844,Aethan Velaryon ,velaryon,SER,0099-07-22,Frostfang ,0092-01-01, Blanco y azul,0129-07-22,0131-07-22,86701.24,f,18,JINETE EXPERIMENTADO
2845,Laena Velaryon,VELARYON,LADY,0093-01-01, Frostfang ,0092-01-01,BLANCO Y AZUL,0113-01-01,0123-01-01,16336.51,f,1,Entrenamiento militar 
2846,Alyn Velaryon,VELARYON,Ser ,0100-01-01, Frostfang ,0092-01-01,Blanco y azul,0119-01-01,0144-01-01,13870.69,f,19,Participó en defensa del reino
2847,Rhaella Velaryon ,velaryon,LADY,0104-12-02, Frostfang ,0092-01-01,BLANCO Y AZUL,0132-12-02,0133-12-02,77729.53,f,3, Jinete experimentado 
2848,Laenor Velaryon ,VELARYON, Ser,0092-01-01,Frostfang ,0092-01-01, Blanco y azul,0130-01-01,0115-01-01,40584.57,f,14, Registro pendiente de revisión 
2849, Laena Velaryon ,velaryon, Lady,0093-01-01,Frostfang ,0092-01-01,Blanco y azul,0132-01-01,0133-01-01,82769.73,f,13,Entrenamiento militar 
2850,Laena Velaryon ,Velaryon,lady,0093-01-01,Frostfang ,0092-01-01,BLANCO Y AZUL,0134-01-01,0129-01-01,54944.47,f,5,MANTUVO VÍNCULOS CON OTRAS CASAS
2851,Marilda Velaryon ,VELARYON,Lady ,0087-09-27, Frostfang,0092-01-01,Blanco y azul,0126-09-27,0126-09-27,66142.33,f,8, Registro pendiente de revisión 
2852, Jorah Velaryon , Velaryon ,Lord,0098-06-11, Frostfang ,0092-01-01,Blanco y azul ,0132-06-11,0128-06-11,17837.89,f,11, Jinete experimentado 
2853, Marilda Velaryon ,VELARYON,LADY,0087-09-27,Frostfang ,0092-01-01,BLANCO Y AZUL,0129-09-27,0125-09-27,40327.47,f,13,
2854, Laena Velaryon,Velaryon,Lady ,0093-01-01, Frostfang ,0092-01-01,Blanco y azul ,0131-01-01,0138-01-01,1248.75,f,16, Participó en defensa del reino 
2855,Lucan Velaryon,VELARYON,ser,0107-05-04, Frostfang ,0092-01-01,Blanco y azul ,0145-05-04,0134-05-04,41098.30,f,5,HERIDO DURANTE UNA EXPEDICIÓN
2856, Laena Velaryon,velaryon,LADY,0093-01-01,FROSTFANG,0092-01-01,Blanco y azul ,0122-01-01,0117-01-01,40760.80,f,18,Jinete experimentado 
2857, Monterys Velaryon ,Velaryon, Lord,0108-03-19, Frostfang,0092-01-01, Blanco y azul,0140-03-19,0136-03-19,51056.89,f,8,Registro histórico 
2858, Jorah Velaryon, Velaryon ,Lord ,0098-06-11,FROSTFANG,0092-01-01,BLANCO Y AZUL,0130-06-11,0141-06-11,52594.59,f,17,Mantuvo vínculos con otras casas 
2859,Rhaella Velaryon , Velaryon ,lady,0104-12-02,Frostfang ,0092-01-01,Blanco y azul ,0145-12-02,0139-12-02,19978.09,f,9,
2860, Corwyn Velaryon,Velaryon,ser,0096-08-14,Frostfang,0092-01-01, Blanco y azul,0132-08-14,0129-08-14,17370.91,f,19,Registro pendiente de revisión 
2861, Lucan Velaryon ,velaryon, Ser,0107-05-04,Frostfang ,0092-01-01,Blanco y azul ,0142-05-04,0130-05-04,51905.07,f,5,REGISTRO HISTÓRICO
2862, Addam Velaryon ,Velaryon,ser,0101-01-01, Frostfang ,0092-01-01,Blanco y azul ,0126-01-01,0138-01-01,14772.59,f,19,Herido durante una expedición
2863,Rhaella Velaryon ,VELARYON,Lady ,0104-12-02, Frostfang ,0092-01-01, Blanco y azul,0145-12-02,0148-12-02,2477.38,f,7,REGISTRO PENDIENTE DE REVISIÓN
2864,Laena Velaryon,velaryon,Lady ,0093-01-01, Frostfang,0092-01-01,BLANCO Y AZUL,0117-01-01,0140-01-01,66828.67,f,1,Registro pendiente de revisión 
2865,Marilda Velaryon ,velaryon,Lady ,0087-09-27,Frostfang ,0092-01-01,BLANCO Y AZUL,0124-09-27,0110-09-27,21805.42,f,18,
2866,Rhaella Velaryon , Velaryon , Lady,0104-12-02,Frostfang ,0092-01-01,Blanco y azul ,0127-12-02,0131-12-02,11716.83,f,8, Participó en defensa del reino
2867,Lucan Velaryon ,velaryon,ser,0107-05-04,FROSTFANG,0092-01-01,Blanco y azul ,0130-05-04,0132-05-04,80595.94,f,14,Registro pendiente de revisión
2868,Elaena Velaryon ,velaryon,LADY,0105-02-08, Frostfang,0092-01-01,Blanco y azul,0129-02-08,0132-02-08,75861.19,f,0,Jinete experimentado 
2869, Lucan Velaryon,VELARYON,SER,0107-05-04, Frostfang ,0092-01-01,Blanco y azul,0134-05-04,0138-05-04,29542.25,f,18,Participó en defensa del reino 
2870, Vaemond Velaryon, Velaryon ,ser,0085-01-01, Frostfang,0092-01-01, Blanco y azul,0124-01-01,0115-01-01,8891.69,f,3, Registro pendiente de revisión 
2871,Laenor Velaryon ,Velaryon, Ser,0092-01-01, Frostfang ,0092-01-01, Blanco y azul,0119-01-01,0131-01-01,13467.56,f,16, Registro pendiente de revisión 
2872,Corwyn Velaryon ,velaryon,ser,0096-08-14,Frostfang ,0092-01-01, Blanco y azul,0138-08-14,0119-08-14,39057.61,f,0,Registro histórico 
2873, Rhaella Velaryon ,Velaryon,Lady,0104-12-02,Frostfang ,0092-01-01,Blanco y azul,0140-12-02,0139-12-02,79161.88,f,17,Registro pendiente de revisión 
2874,Aethan Velaryon ,VELARYON,SER,0099-07-22, Frostfang,0092-01-01,Blanco y azul ,0128-07-22,0124-07-22,80840.94,f,7, Herido durante una expedición
2875, Corwyn Velaryon ,velaryon, Ser,0096-08-14, Frostfang ,0092-01-01, Blanco y azul,0118-08-14,0129-08-14,31338.90,f,15,PARTICIPÓ EN DEFENSA DEL REINO
2876, Vaemond Velaryon ,Velaryon, Ser,0085-01-01, Frostfang ,0092-01-01,BLANCO Y AZUL,0114-01-01,0121-01-01,60290.05,f,19, Registro histórico 
2877,Monterys Velaryon, Velaryon ,Lord ,0108-03-19,Frostfang ,0092-01-01, Blanco y azul,0140-03-19,0140-03-19,87186.74,f,1, Entrenamiento militar
2878,Laenor Velaryon , Velaryon ,Ser ,0092-01-01, Frostfang ,0092-01-01, Blanco y azul,0134-01-01,0120-01-01,90368.70,f,15,Jinete experimentado 
2879,Vaemond Velaryon , Velaryon ,SER,0085-01-01,Frostfang ,0092-01-01,BLANCO Y AZUL,0120-01-01,0111-01-01,77142.52,f,12, Registro pendiente de revisión
2880, Corwyn Velaryon ,velaryon,Ser ,0096-08-14,Frostfang,0092-01-01,BLANCO Y AZUL,0134-08-14,0139-08-14,16839.63,f,1, Mantuvo vínculos con otras casas 
2881,Aethan Velaryon , Velaryon ,Ser,0099-07-22, Frostfang ,0092-01-01,Blanco y azul ,0126-07-22,0134-07-22,69251.90,f,14, Herido durante una expedición 
2882,Rhaella Velaryon,Velaryon,LADY,0104-12-02,FROSTFANG,0092-01-01, Blanco y azul,0127-12-02,0147-12-02,34196.53,f,15,Participó en una batalla importante 
2883, Lucan Velaryon ,VELARYON,Ser ,0107-05-04,FROSTFANG,0092-01-01,Blanco y azul ,0140-05-04,0137-05-04,26457.78,f,18,PARTICIPÓ EN DEFENSA DEL REINO
2884, Alyn Velaryon , Velaryon ,SER,0100-01-01,FROSTFANG,0092-01-01, Blanco y azul,0134-01-01,0132-01-01,41513.39,f,14, Herido durante una expedición
2885,Corwyn Velaryon,velaryon,Ser ,0096-08-14,Frostfang ,0092-01-01,Blanco y azul,0134-08-14,0120-08-14,78115.19,f,8, Viaje diplomático 
2886, Aethan Velaryon, Velaryon ,ser,0099-07-22, Frostfang,0092-01-01, Blanco y azul,0127-07-22,0141-07-22,27681.01,f,12,Mantuvo vínculos con otras casas 
2887, Corwyn Velaryon ,Velaryon,ser,0096-08-14,Frostfang ,0092-01-01, Blanco y azul,0124-08-14,0122-08-14,14029.22,f,15,Participó en defensa del reino
2888, Alyn Velaryon ,Velaryon,ser,0100-01-01,Frostfang ,0092-01-01,Blanco y azul ,0140-01-01,0124-01-01,83386.64,f,0, Viaje diplomático
2889, Lucan Velaryon, Velaryon ,ser,0107-05-04,FROSTFANG,0092-01-01, Blanco y azul,0141-05-04,0153-05-04,44744.30,f,16,
2890, Marilda Velaryon, Velaryon ,lady,0087-09-27, Frostfang,0092-01-01,Blanco y azul ,0127-09-27,0133-09-27,35795.98,f,11,Registro histórico 
2891,Corlys Velaryon, Velaryon ,lord de las mareas,0070-01-01,Frostfang ,0092-01-01,Blanco y azul ,0097-01-01,0101-01-01,62550.81,f,2, Participó en una batalla importante
2892,Addam Velaryon ,velaryon,SER,0101-01-01, Frostfang ,0092-01-01,Blanco y azul ,0134-01-01,0126-01-01,30719.16,f,14, Viaje diplomático 
2893,Laena Velaryon, Velaryon ,Lady ,0093-01-01, Frostfang ,0092-01-01,Blanco y azul ,0134-01-01,0120-01-01,13275.38,f,19,Participó en defensa del reino 
2894,Rhaella Velaryon ,velaryon, Lady,0104-12-02,Frostfang ,0092-01-01,BLANCO Y AZUL,0134-12-02,0148-12-02,7645.57,f,19, Mantuvo vínculos con otras casas 
2895,Corlys Velaryon ,velaryon, Lord de las Mareas,0070-01-01,Frostfang ,0092-01-01,Blanco y azul,0096-01-01,0100-01-01,43478.77,f,19, Jinete experimentado 
2896,Vaemond Velaryon , Velaryon ,ser,0085-01-01,Frostfang ,0092-01-01,Blanco y azul ,0106-01-01,0124-01-01,39027.90,f,5,Viaje diplomático
2897, Vaemond Velaryon ,velaryon,ser,0085-01-01,Frostfang ,0092-01-01, Blanco y azul,0109-01-01,0119-01-01,49060.74,f,5,ENTRENAMIENTO MILITAR
2898, Alyn Velaryon ,velaryon,ser,0100-01-01,Frostfang ,0092-01-01,BLANCO Y AZUL,0125-01-01,0136-01-01,45070.30,f,13, Viaje diplomático
2899, Marilda Velaryon,Velaryon,lady,0087-09-27,Frostfang,0092-01-01, Blanco y azul,0121-09-27,0125-09-27,55814.86,f,14,MANTUVO VÍNCULOS CON OTRAS CASAS
2900, Monterys Velaryon,velaryon,lord,0108-03-19,FROSTFANG,0092-01-01, Blanco y azul,0135-03-19,0134-03-19,14809.73,f,7, Mantuvo vínculos con otras casas 
2901, Lucan Velaryon ,Velaryon, Ser,0107-05-04,Frostfang ,0092-01-01,BLANCO Y AZUL,0145-05-04,0140-05-04,73244.12,f,13, Herido durante una expedición 
2902,Monterys Velaryon ,Velaryon,LORD,0108-03-19, Frostfang,0092-01-01,Blanco y azul,0132-03-19,0133-03-19,17563.13,f,6, Herido durante una expedición 
2903,Corwyn Velaryon ,velaryon,SER,0096-08-14, Frostfang ,0092-01-01,Blanco y azul ,0118-08-14,0119-08-14,52175.05,f,16,JINETE EXPERIMENTADO
2904,Monterys Velaryon ,velaryon, Lord,0108-03-19,Frostfang ,0092-01-01,Blanco y azul ,0135-03-19,0139-03-19,12174.62,f,12, Viaje diplomático 
2905,Alyn Velaryon ,VELARYON,Ser ,0100-01-01,Frostfang ,0092-01-01,BLANCO Y AZUL,0125-01-01,0134-01-01,84971.95,f,16, Registro pendiente de revisión 
2906,Marilda Velaryon,VELARYON,lady,0087-09-27,Frostfang ,0092-01-01, Blanco y azul,0124-09-27,0132-09-27,49990.05,f,1,Herido durante una expedición
2907,Corwyn Velaryon ,VELARYON,SER,0096-08-14, Frostfang ,0092-01-01,BLANCO Y AZUL,0128-08-14,0140-08-14,26610.40,f,10,
2908, Vaella Velaryon ,Velaryon,LADY,0109-11-16,Frostfang ,0092-01-01,BLANCO Y AZUL,0147-11-16,0142-11-16,4603.46,f,13, Viaje diplomático 
2909, Marilda Velaryon ,Velaryon,lady,0087-09-27,FROSTFANG,0092-01-01,BLANCO Y AZUL,0114-09-27,0129-09-27,88500.04,f,7, Registro pendiente de revisión 
2910,Corwyn Velaryon ,velaryon, Ser,0096-08-14,Frostfang ,0092-01-01,Blanco y azul ,0120-08-14,0126-08-14,87214.79,f,9,PARTICIPÓ EN DEFENSA DEL REINO
2911,Monterys Velaryon,Velaryon,lord,0108-03-19, Frostfang,0092-01-01,BLANCO Y AZUL,0144-03-19,0143-03-19,37347.68,f,9, Jinete experimentado 
2912, Vaemond Velaryon, Velaryon ,Ser ,0085-01-01,Frostfang ,0092-01-01,Blanco y azul,0115-01-01,0120-01-01,10755.67,f,9,Herido durante una expedición 
2913,Vaella Velaryon ,Velaryon, Lady,0109-11-16, Frostfang ,0092-01-01, Blanco y azul,0137-11-16,0153-11-16,41916.76,f,13,Registro pendiente de revisión
2914,Corwyn Velaryon , Velaryon ,ser,0096-08-14, Frostfang ,0092-01-01,Blanco y azul,0133-08-14,0127-08-14,54437.35,f,11,Jinete experimentado 
2915,Marilda Velaryon ,Velaryon,LADY,0087-09-27,Frostfang ,0092-01-01,Blanco y azul ,0115-09-27,0126-09-27,35068.05,f,5, Jinete experimentado 
2916, Corwyn Velaryon,VELARYON, Ser,0096-08-14,Frostfang ,0092-01-01, Blanco y azul,0118-08-14,0138-08-14,73578.94,f,15,Participó en defensa del reino 
2917,Aethan Velaryon ,velaryon, Ser,0099-07-22,FROSTFANG,0092-01-01,Blanco y azul ,0124-07-22,0145-07-22,18616.38,f,6, Mantuvo vínculos con otras casas
2918,Rhaella Velaryon ,velaryon,LADY,0104-12-02,FROSTFANG,0092-01-01,Blanco y azul,0138-12-02,0139-12-02,16534.88,f,11, Mantuvo vínculos con otras casas 
2919,Marilda Velaryon ,velaryon, Lady,0087-09-27,FROSTFANG,0092-01-01,Blanco y azul ,0125-09-27,0124-09-27,41958.46,f,5,MANTUVO VÍNCULOS CON OTRAS CASAS
2920,Corlys Velaryon , Velaryon ,Lord de las Mareas ,0070-01-01, Frostfang,0092-01-01,BLANCO Y AZUL,0099-01-01,0101-01-01,50280.38,f,1,Participó en una batalla importante 
2921,Elaena Velaryon ,VELARYON,Lady,0105-02-08, Frostfang ,0092-01-01, Blanco y azul,0126-02-08,0142-02-08,39081.08,f,11,Viaje diplomático 
2922, Jorah Velaryon ,velaryon,lord,0098-06-11,FROSTFANG,0092-01-01,Blanco y azul ,0117-06-11,0131-06-11,49094.90,f,0, Registro histórico
2923,Addam Velaryon ,Velaryon,ser,0101-01-01, Frostfang,0092-01-01, Blanco y azul,0128-01-01,0138-01-01,35063.62,f,18, Entrenamiento militar 
2924,Laena Velaryon ,Velaryon,LADY,0093-01-01,FROSTFANG,0092-01-01,Blanco y azul,0130-01-01,0121-01-01,48762.13,f,2,Viaje diplomático 
2925,Jorah Velaryon ,VELARYON,Lord ,0098-06-11,FROSTFANG,0092-01-01,Blanco y azul ,0130-06-11,0141-06-11,79800.38,f,1,Registro histórico 
2926, Marilda Velaryon ,Velaryon, Lady,0087-09-27, Frostfang ,0092-01-01,Blanco y azul ,0121-09-27,0120-09-27,20755.35,f,10, Entrenamiento militar
2927, Corwyn Velaryon ,Velaryon, Ser,0096-08-14,FROSTFANG,0092-01-01, Blanco y azul,0130-08-14,0119-08-14,22015.86,f,15, Participó en defensa del reino
2928, Lucan Velaryon , Velaryon , Ser,0107-05-04, Frostfang,0092-01-01,Blanco y azul ,0130-05-04,0152-05-04,40944.55,f,17,HERIDO DURANTE UNA EXPEDICIÓN
2929, Laena Velaryon , Velaryon ,LADY,0093-01-01,FROSTFANG,0092-01-01, Blanco y azul,0128-01-01,0116-01-01,67133.81,f,0,
2930, Elaena Velaryon ,velaryon,LADY,0105-02-08, Frostfang,0092-01-01,Blanco y azul ,0131-02-08,0141-02-08,14914.23,f,6,Entrenamiento militar 
2931,Corwyn Velaryon,velaryon, Ser,0096-08-14,Frostfang ,0092-01-01,Blanco y azul,0123-08-14,0131-08-14,3476.61,f,19,Viaje diplomático
2932, Laena Velaryon, Velaryon ,LADY,0093-01-01, Frostfang ,0092-01-01, Blanco y azul,0111-01-01,0123-01-01,69751.95,f,8, Registro histórico 
2933,Corwyn Velaryon,velaryon,ser,0096-08-14,Frostfang ,0092-01-01,Blanco y azul ,0117-08-14,0121-08-14,17122.87,f,14,
2934,Laenor Velaryon , Velaryon , Ser,0092-01-01,Frostfang ,0092-01-01,BLANCO Y AZUL,0119-01-01,0123-01-01,13154.30,f,10,
2935, Laenor Velaryon,VELARYON,Ser ,0092-01-01, Frostfang ,0092-01-01,Blanco y azul ,0131-01-01,0126-01-01,79148.93,f,6,
2936, Marilda Velaryon , Velaryon ,LADY,0087-09-27, Frostfang ,0092-01-01,Blanco y azul,0116-09-27,0117-09-27,13826.81,f,9,Participó en una batalla importante 
2937, Rhaella Velaryon ,velaryon,LADY,0104-12-02,Frostfang ,0092-01-01, Blanco y azul,0141-12-02,0146-12-02,88122.99,f,19,Viaje diplomático 
2938, Marilda Velaryon ,VELARYON,lady,0087-09-27,Frostfang ,0092-01-01, Blanco y azul,0113-09-27,0110-09-27,46226.71,f,0,Participó en una batalla importante 
2939,Vaemond Velaryon ,Velaryon, Ser,0085-01-01, Frostfang ,0092-01-01,BLANCO Y AZUL,0107-01-01,0111-01-01,72105.77,f,2, Jinete experimentado
2940,Aethan Velaryon, Velaryon , Ser,0099-07-22, Frostfang ,0092-01-01,BLANCO Y AZUL,0120-07-22,0126-07-22,61731.17,f,3,Viaje diplomático 
2941, Vaella Velaryon,Velaryon,LADY,0109-11-16,FROSTFANG,0092-01-01, Blanco y azul,0149-11-16,0151-11-16,36867.20,f,2,Registro pendiente de revisión
2942,Laena Velaryon ,velaryon,lady,0093-01-01,Frostfang,0092-01-01,Blanco y azul ,0113-01-01,0123-01-01,42279.32,f,14,Registro histórico 
2943, Corwyn Velaryon,VELARYON, Ser,0096-08-14, Frostfang,0092-01-01,Blanco y azul ,0130-08-14,0138-08-14,14767.15,f,19, Registro histórico 
2944,Corwyn Velaryon, Velaryon ,SER,0096-08-14, Frostfang ,0092-01-01,Blanco y azul ,0119-08-14,0142-08-14,25205.59,f,2,JINETE EXPERIMENTADO
2945,Rhaella Velaryon ,Velaryon,lady,0104-12-02, Frostfang ,0092-01-01,Blanco y azul,0134-12-02,0128-12-02,65779.40,f,18,Herido durante una expedición 
2946,Rhaella Velaryon ,Velaryon,lady,0104-12-02,Frostfang ,0092-01-01,BLANCO Y AZUL,0125-12-02,0136-12-02,66323.77,f,19, Participó en una batalla importante
2947, Vaella Velaryon ,velaryon,lady,0109-11-16, Frostfang ,0092-01-01,BLANCO Y AZUL,0144-11-16,0143-11-16,26979.29,f,16, Registro pendiente de revisión
2948, Vaemond Velaryon,VELARYON,SER,0085-01-01, Frostfang,0092-01-01, Blanco y azul,0125-01-01,0115-01-01,4323.69,f,1,Participó en una batalla importante
2949, Addam Velaryon,Velaryon, Ser,0101-01-01, Frostfang,0092-01-01,Blanco y azul ,0129-01-01,0128-01-01,45087.09,f,16,Viaje diplomático 
2950, Lucan Velaryon , Velaryon ,Ser,0107-05-04, Frostfang ,0092-01-01, Blanco y azul,0145-05-04,0142-05-04,26941.94,f,14,Mantuvo vínculos con otras casas
2951, Jorah Velaryon,velaryon,lord,0098-06-11,FROSTFANG,0092-01-01,BLANCO Y AZUL,0130-06-11,0124-06-11,66665.96,f,8,ENTRENAMIENTO MILITAR
2952, Corwyn Velaryon ,velaryon,ser,0096-08-14, Frostfang ,0092-01-01, Blanco y azul,0128-08-14,0133-08-14,21954.04,f,7,MANTUVO VÍNCULOS CON OTRAS CASAS
2953, Monterys Velaryon , Velaryon ,Lord,0108-03-19, Frostfang,0092-01-01,Blanco y azul,0140-03-19,0138-03-19,9390.50,f,5, Herido durante una expedición 
2954,Lucan Velaryon ,velaryon, Ser,0107-05-04,Frostfang,0092-01-01,Blanco y azul ,0129-05-04,0154-05-04,29281.56,f,13,PARTICIPÓ EN DEFENSA DEL REINO
2955,Lucan Velaryon ,velaryon,SER,0107-05-04,Frostfang,0092-01-01, Blanco y azul,0139-05-04,0133-05-04,28760.28,f,1, Participó en una batalla importante 
2956,Corwyn Velaryon ,velaryon,ser,0096-08-14,Frostfang ,0092-01-01,Blanco y azul ,0134-08-14,0138-08-14,49570.64,f,2,Jinete experimentado 
2957, Lucan Velaryon ,velaryon,ser,0107-05-04,Frostfang ,0092-01-01,Blanco y azul ,0144-05-04,0133-05-04,25665.46,f,7, Entrenamiento militar 
2958,Addam Velaryon ,VELARYON,ser,0101-01-01,Frostfang,0092-01-01,Blanco y azul,0122-01-01,0138-01-01,48996.89,f,11,PARTICIPÓ EN DEFENSA DEL REINO
2959, Monterys Velaryon ,velaryon,Lord,0108-03-19, Frostfang,0092-01-01, Blanco y azul,0128-03-19,0137-03-19,85119.25,f,18, Registro histórico 
2960, Elaena Velaryon,VELARYON, Lady,0105-02-08, Frostfang,0092-01-01,BLANCO Y AZUL,0146-02-08,0148-02-08,7280.12,f,14, Registro pendiente de revisión
2961, Vaemond Velaryon, Velaryon , Ser,0085-01-01,Frostfang ,0092-01-01,Blanco y azul,0125-01-01,0117-01-01,67624.95,f,12,Herido durante una expedición 
2962,Corlys Velaryon ,Velaryon,lord de las mareas,0070-01-01,Frostfang ,0092-01-01,Blanco y azul,0088-01-01,0117-01-01,50473.37,f,13,Mantuvo vínculos con otras casas 
2963, Alyn Velaryon,VELARYON, Ser,0100-01-01,FROSTFANG,0092-01-01,Blanco y azul,0121-01-01,0139-01-01,5486.08,f,7,
2964, Rhaella Velaryon ,Velaryon,lady,0104-12-02, Frostfang ,0092-01-01,Blanco y azul ,0131-12-02,0143-12-02,6601.84,f,10, Participó en defensa del reino 
2965,Vaella Velaryon,Velaryon,lady,0109-11-16, Frostfang ,0092-01-01,Blanco y azul ,0139-11-16,0153-11-16,7783.37,f,18,Registro pendiente de revisión 
2966,Monterys Velaryon ,Velaryon,lord,0108-03-19, Frostfang ,0092-01-01, Blanco y azul,0133-03-19,0136-03-19,7365.40,f,15,VIAJE DIPLOMÁTICO
2967, Laenor Velaryon , Velaryon ,SER,0092-01-01,FROSTFANG,0092-01-01,BLANCO Y AZUL,0110-01-01,0127-01-01,1245.02,f,11, Herido durante una expedición 
2968,Laenor Velaryon ,velaryon,SER,0092-01-01, Frostfang ,0092-01-01,BLANCO Y AZUL,0128-01-01,0136-01-01,5710.70,f,15,Jinete experimentado
2969, Vaella Velaryon,Velaryon, Lady,0109-11-16,Frostfang ,0092-01-01, Blanco y azul,0143-11-16,0153-11-16,21139.26,f,3, Participó en defensa del reino 
2970, Laenor Velaryon,Velaryon,ser,0092-01-01,Frostfang ,0092-01-01,BLANCO Y AZUL,0126-01-01,0127-01-01,3202.72,f,3, Viaje diplomático
2971, Corlys Velaryon,velaryon, Lord de las Mareas,0070-01-01, Frostfang,0092-01-01,Blanco y azul ,0094-01-01,0109-01-01,3794.42,f,3,Registro histórico 
2972,Corwyn Velaryon,velaryon,SER,0096-08-14,FROSTFANG,0092-01-01,Blanco y azul ,0138-08-14,0138-08-14,40873.92,f,5,Jinete experimentado
2973, Vaella Velaryon, Velaryon ,lady,0109-11-16,Frostfang ,0092-01-01,Blanco y azul ,0129-11-16,0156-11-16,54952.81,f,15, Mantuvo vínculos con otras casas
2974,Laena Velaryon ,Velaryon,lady,0093-01-01, Frostfang,0092-01-01, Blanco y azul,0132-01-01,0120-01-01,32968.09,f,13,Viaje diplomático 
2975,Addam Velaryon, Velaryon ,Ser,0101-01-01,FROSTFANG,0092-01-01,BLANCO Y AZUL,0137-01-01,0144-01-01,46666.56,f,13,
2976, Laenor Velaryon, Velaryon ,ser,0092-01-01,FROSTFANG,0092-01-01,Blanco y azul ,0128-01-01,0115-01-01,38798.24,f,15,Registro pendiente de revisión 
2977,Laenor Velaryon ,velaryon, Ser,0092-01-01, Frostfang ,0092-01-01,BLANCO Y AZUL,0126-01-01,0128-01-01,14863.11,f,11,Participó en una batalla importante 
2978,Lucan Velaryon ,Velaryon,SER,0107-05-04, Frostfang,0092-01-01, Blanco y azul,0144-05-04,0146-05-04,11142.89,f,2,Participó en defensa del reino
2979,Lucan Velaryon , Velaryon ,Ser,0107-05-04,Frostfang ,0092-01-01,Blanco y azul ,0133-05-04,0134-05-04,21834.41,f,5,MANTUVO VÍNCULOS CON OTRAS CASAS
2980,Rhaella Velaryon , Velaryon , Lady,0104-12-02,FROSTFANG,0092-01-01, Blanco y azul,0128-12-02,0131-12-02,8100.19,f,9, Jinete experimentado 
2981, Rhaella Velaryon,Velaryon,Lady ,0104-12-02, Frostfang,0092-01-01,Blanco y azul ,0131-12-02,0132-12-02,42720.23,f,2, Entrenamiento militar 
2982, Vaella Velaryon,Velaryon,LADY,0109-11-16, Frostfang ,0092-01-01, Blanco y azul,0133-11-16,0133-11-16,46448.40,f,17,Participó en defensa del reino 
2983,Laena Velaryon , Velaryon ,lady,0093-01-01,Frostfang ,0092-01-01,Blanco y azul ,0111-01-01,0132-01-01,63641.44,f,9,PARTICIPÓ EN UNA BATALLA IMPORTANTE
2984,Vaemond Velaryon ,velaryon,Ser ,0085-01-01,Frostfang ,0092-01-01,BLANCO Y AZUL,0116-01-01,0111-01-01,24403.63,f,7,MANTUVO VÍNCULOS CON OTRAS CASAS
2985, Monterys Velaryon,Velaryon,LORD,0108-03-19, Frostfang,0092-01-01,Blanco y azul ,0127-03-19,0132-03-19,55254.92,f,19, Herido durante una expedición 
2986,Elaena Velaryon ,velaryon, Lady,0105-02-08, Frostfang ,0092-01-01,Blanco y azul,0142-02-08,0145-02-08,70222.59,f,9, Registro pendiente de revisión 
2987, Monterys Velaryon,VELARYON,lord,0108-03-19,Frostfang ,0092-01-01,Blanco y azul ,0131-03-19,0155-03-19,42523.11,f,7, Entrenamiento militar
2988,Elaena Velaryon,velaryon, Lady,0105-02-08,Frostfang ,0092-01-01, Blanco y azul,0128-02-08,0131-02-08,2578.69,f,8, Registro histórico
2989, Laena Velaryon , Velaryon ,lady,0093-01-01,FROSTFANG,0092-01-01,Blanco y azul ,0113-01-01,0117-01-01,22249.07,f,10,Registro histórico
2990, Rhaella Velaryon,Velaryon,Lady ,0104-12-02,FROSTFANG,0092-01-01,Blanco y azul ,0138-12-02,0129-12-02,8402.20,f,7, Mantuvo vínculos con otras casas 
2991,Jorah Velaryon , Velaryon ,Lord ,0098-06-11, Frostfang,0092-01-01,Blanco y azul ,0132-06-11,0122-06-11,57884.06,f,6,Registro histórico 
2992, Laenor Velaryon,velaryon, Ser,0092-01-01, Frostfang ,0092-01-01, Blanco y azul,0112-01-01,0136-01-01,4728.52,f,4, Participó en una batalla importante 
2993, Marilda Velaryon,velaryon, Lady,0087-09-27, Frostfang,0092-01-01,BLANCO Y AZUL,0126-09-27,0128-09-27,6531.81,f,15,Viaje diplomático 
2994, Laena Velaryon ,Velaryon,Lady ,0093-01-01,Frostfang ,0092-01-01, Blanco y azul,0111-01-01,0120-01-01,53488.75,f,6, Entrenamiento militar 
2995,Alyn Velaryon ,Velaryon,Ser ,0100-01-01,Frostfang,0092-01-01,Blanco y azul,0123-01-01,0144-01-01,45577.36,f,14, Jinete experimentado 
2996, Laena Velaryon , Velaryon ,Lady ,0093-01-01,Frostfang,0092-01-01,Blanco y azul,0127-01-01,0120-01-01,1816.14,f,18, Participó en una batalla importante 
2997, Aethan Velaryon , Velaryon ,ser,0099-07-22,Frostfang ,0092-01-01,Blanco y azul ,0117-07-22,0130-07-22,1176.18,f,1, Jinete experimentado
2998,Lucan Velaryon ,Velaryon,SER,0107-05-04,FROSTFANG,0092-01-01,BLANCO Y AZUL,0127-05-04,0135-05-04,36159.87,f,2, Herido durante una expedición 
2999,Alyn Velaryon, Velaryon ,SER,0100-01-01,FROSTFANG,0092-01-01,Blanco y azul ,0125-01-01,0139-01-01,90208.70,f,19,Herido durante una expedición 
3000,Addam Velaryon ,velaryon,SER,0101-01-01, Frostfang ,0092-01-01,Blanco y azul ,0140-01-01,0130-01-01,69283.32,f,5, Registro histórico
3001,Aemond Targaryen ,targaryen,Príncipe ,0110-02-12,VHAGAR,0050-01-01,Bronce y verde,0125-01-01,,45000.75,t,15, Jinete actual de Vhagar  
105,Daeron Targaryen , Targaryen,PRÍNCIPE,0110-08-21, Ironclaw ,0089-01-01, Gris metálico,0133-08-21,0145-08-21,72517.88,f,13,Entrenamiento militar 
108, Helaena Targaryen,Targaryen ,princesa,0109-05-14, Ironclaw,0089-01-01,Gris metálico ,0151-05-14,0153-05-14,1539.90,f,2,HERIDO DURANTE UNA EXPEDICIÓN
43, Aemond Targaryen,Targaryen ,Príncipe ,0110-02-12,Ironclaw ,0089-01-01,Gris metálico ,0152-02-12,0136-02-12,57400.31,f,8,Viaje diplomático
75, Baela Targaryen,Targaryen ,lady,0116-09-03,Ironclaw ,0089-01-01,GRIS METÁLICO,0138-09-03,0150-09-03,79151.52,f,3,Participó en una batalla importante 
611,Baela Targaryen,targaryen, Lady,0116-09-03,IRONCLAW,0089-01-01,Gris metálico ,0148-09-03,,42340.93,t,9,
